consultation_id,user_id,astrologer_id,date,topic,mode,duration_min,amount,call_status,rating_given,is_free_trial
C000001,U0001,A012,2026-01-01 00:00:00.000000,Relationship,audio,3,0.0,dropped,,True
C000002,U0002,A021,2025-10-25 00:00:00.000000,Family,audio,11,0.0,completed,3.0,True
C000003,U0002,A009,2026-02-05 22:29:31.704599,Career,chat,4,102.0,completed,4.0,False
C000004,U0002,A027,2026-06-08 05:54:47.735040,Career,audio,14,262.0,completed,4.0,False
C000005,U0003,A009,2026-02-15 00:00:00.000000,General Vedic,audio,15,0.0,completed,4.0,True
C000006,U0003,A023,2026-04-03 18:47:45.949931,General Vedic,chat,6,110.0,completed,3.0,False
C000007,U0003,A023,2026-04-08 21:01:32.913081,General Vedic,audio,11,206.0,completed,4.0,False
C000008,U0003,A017,2026-05-08 10:52:59.008558,Family,chat,7,163.0,completed,4.0,False
C000009,U0003,A023,2026-07-26 02:56:06.938955,Career,audio,3,58.0,completed,5.0,False
C000010,U0004,A029,2025-08-14 00:00:00.000000,Relationship,audio,12,0.0,completed,5.0,True
C000011,U0004,A023,2025-09-16 19:37:30.018799,Health,chat,6,110.0,completed,5.0,False
C000012,U0004,A023,2025-10-09 13:29:13.644179,Relationship,chat,3,56.0,completed,4.0,False
C000013,U0004,A023,2025-12-01 07:22:53.895662,Relationship,audio,13,248.0,completed,3.0,False
C000014,U0004,A029,2026-02-15 07:20:03.268753,Relationship,chat,8,78.0,completed,4.0,False
C000015,U0004,A023,2026-02-25 09:13:38.519145,Career,audio,11,218.0,completed,4.0,False
C000016,U0004,A023,2026-03-12 15:50:48.311088,Finance,audio,20,403.0,completed,5.0,False
C000017,U0004,A023,2026-05-07 23:12:45.754066,Family,chat,10,205.0,completed,5.0,False
C000018,U0004,A017,2026-06-22 12:34:56.821176,General Vedic,video,7,179.0,completed,4.0,False
C000019,U0004,A023,2026-07-17 14:02:28.975419,Relationship,chat,7,149.0,completed,4.0,False
C000020,U0005,A030,2026-01-16 00:00:00.000000,Relationship,audio,8,0.0,completed,3.0,True
C000021,U0006,A003,2025-08-15 00:00:00.000000,Family,video,15,0.0,completed,3.0,True
C000022,U0006,A028,2025-09-07 12:39:38.018509,Family,audio,15,230.0,completed,4.0,False
C000023,U0006,A008,2025-10-03 12:46:26.707374,Family,chat,7,109.0,completed,4.0,False
C000024,U0006,A028,2025-12-02 17:40:03.233314,Family,chat,8,127.0,completed,4.0,False
C000025,U0006,A011,2026-01-29 12:09:38.642779,Family,chat,13,351.0,completed,3.0,False
C000026,U0006,A028,2026-03-28 00:09:57.744818,Health,chat,18,297.0,completed,2.0,False
C000027,U0006,A028,2026-07-04 09:30:50.953999,Family,audio,13,218.0,failed,,False
C000028,U0007,A008,2025-11-05 00:00:00.000000,Family,chat,13,0.0,completed,4.0,True
C000029,U0007,A016,2025-12-16 00:43:56.851532,Finance,audio,3,76.0,completed,4.0,False
C000030,U0007,A016,2026-01-21 17:11:56.146436,Finance,chat,3,78.0,dropped,,False
C000031,U0007,A025,2026-03-20 05:03:39.296419,Finance,chat,17,450.0,completed,3.0,False
C000032,U0007,A016,2026-05-01 17:05:38.386526,Marriage,video,16,432.0,completed,4.0,False
C000033,U0007,A016,2026-05-12 00:21:07.309072,Finance,chat,5,138.0,completed,5.0,False
C000034,U0007,A023,2026-08-12 19:28:10.041419,Finance,audio,9,181.0,completed,5.0,False
C000035,U0008,A029,2026-01-24 00:00:00.000000,Marriage,video,3,0.0,completed,3.0,True
C000036,U0009,A024,2025-11-10 00:00:00.000000,Finance,audio,12,0.0,completed,4.0,True
C000037,U0010,A004,2026-04-28 00:00:00.000000,Finance,chat,9,0.0,completed,5.0,True
C000038,U0010,A019,2026-05-16 12:05:36.838748,General Vedic,chat,11,247.0,completed,3.0,False
C000039,U0010,A019,2026-06-07 20:10:11.269103,Finance,audio,3,69.0,completed,4.0,False
C000040,U0010,A019,2026-07-03 10:45:01.794617,Finance,chat,12,280.0,completed,3.0,False
C000041,U0010,A019,2026-08-09 21:23:09.907542,Family,chat,3,71.0,completed,3.0,False
C000042,U0011,A006,2026-04-30 00:00:00.000000,Career,audio,10,0.0,completed,4.0,True
C000043,U0012,A023,2025-07-30 00:00:00.000000,Finance,video,7,0.0,completed,3.0,True
C000044,U0012,A013,2025-08-10 16:24:42.039474,Marriage,video,13,119.0,completed,2.0,False
C000045,U0012,A016,2025-09-12 05:11:35.413097,Finance,chat,4,104.0,completed,4.0,False
C000046,U0012,A013,2025-11-05 14:30:07.172722,Finance,chat,6,57.0,completed,4.0,False
C000047,U0012,A013,2025-12-16 07:06:50.315767,Finance,chat,12,117.0,completed,3.0,False
C000048,U0012,A013,2026-03-14 04:37:40.453806,Relationship,chat,9,89.0,completed,3.0,False
C000049,U0012,A013,2026-03-22 16:00:35.041263,Finance,chat,8,81.0,completed,4.0,False
C000050,U0012,A013,2026-04-01 22:30:47.082145,Finance,chat,3,31.0,dropped,,False
C000051,U0012,A013,2026-04-16 06:03:05.375460,Finance,chat,3,31.0,completed,4.0,False
C000052,U0012,A013,2026-05-18 20:59:02.376633,Finance,audio,14,149.0,completed,1.0,False
C000053,U0012,A001,2026-06-20 20:07:47.504636,Finance,audio,8,240.0,completed,3.0,False
C000054,U0013,A018,2025-09-23 00:00:00.000000,Marriage,chat,11,0.0,completed,3.0,True
C000055,U0013,A008,2025-12-17 20:45:59.028923,Marriage,video,5,76.0,completed,5.0,False
C000056,U0013,A022,2026-02-01 07:30:56.481415,Career,chat,5,130.0,completed,3.0,False
C000057,U0013,A008,2026-05-05 06:56:39.080953,Marriage,chat,6,95.0,completed,5.0,False
C000058,U0014,A028,2026-03-25 00:00:00.000000,Career,chat,15,0.0,completed,4.0,True
C000059,U0015,A025,2026-03-06 00:00:00.000000,Finance,chat,7,0.0,completed,2.0,True
C000060,U0015,A030,2026-05-02 06:57:45.512909,Finance,audio,12,220.0,completed,3.0,False
C000061,U0016,A003,2026-05-12 00:00:00.000000,General Vedic,audio,16,0.0,completed,4.0,True
C000062,U0016,A022,2026-08-14 01:46:33.899724,General Vedic,chat,3,76.0,completed,3.0,False
C000063,U0017,A004,2026-03-28 00:00:00.000000,Health,chat,3,0.0,completed,4.0,True
C000064,U0018,A020,2026-06-11 00:00:00.000000,Health,chat,8,0.0,completed,3.0,True
C000065,U0019,A003,2025-08-18 00:00:00.000000,Career,chat,10,0.0,completed,5.0,True
C000066,U0019,A006,2025-10-17 03:36:53.443358,Family,video,8,98.0,completed,4.0,False
C000067,U0019,A026,2026-03-22 20:11:29.391633,Career,chat,9,112.0,completed,4.0,False
C000068,U0020,A016,2026-03-26 00:00:00.000000,Family,audio,4,0.0,completed,3.0,True
C000069,U0020,A030,2026-06-06 02:56:42.416450,Family,audio,8,147.0,completed,4.0,False
C000070,U0021,A016,2026-04-07 00:00:00.000000,Family,chat,12,0.0,completed,4.0,True
C000071,U0021,A027,2026-04-12 12:49:18.718229,Family,audio,11,202.0,completed,4.0,False
C000072,U0021,A027,2026-04-13 12:49:18.718229,Family,chat,3,56.0,completed,4.0,False
C000073,U0021,A027,2026-05-07 11:15:11.997354,Family,audio,8,153.0,completed,4.0,False
C000074,U0021,A027,2026-05-17 13:58:56.420548,Marriage,chat,9,175.0,completed,4.0,False
C000075,U0021,A027,2026-05-30 03:42:52.790502,Marriage,audio,4,79.0,completed,4.0,False
C000076,U0021,A026,2026-06-11 12:01:01.775669,Family,chat,6,81.0,completed,3.0,False
C000077,U0021,A027,2026-06-26 02:26:34.919822,Family,video,10,205.0,completed,3.0,False
C000078,U0021,A027,2026-06-27 02:26:34.919822,Relationship,audio,5,104.0,completed,5.0,False
C000079,U0021,A027,2026-07-11 17:12:15.788518,Family,chat,11,234.0,completed,4.0,False
C000080,U0021,A027,2026-07-26 16:23:02.055020,Marriage,audio,9,194.0,completed,4.0,False
C000081,U0021,A027,2026-08-10 14:20:32.679260,Health,chat,5,110.0,completed,5.0,False
C000082,U0022,A005,2025-08-18 00:00:00.000000,Family,audio,12,0.0,completed,4.0,True
C000083,U0022,A002,2025-09-25 00:04:27.773560,Family,chat,14,314.0,completed,2.0,False
C000084,U0022,A026,2025-11-03 05:10:13.503226,Family,chat,11,137.0,completed,3.0,False
C000085,U0022,A012,2025-11-04 05:10:13.503226,Family,video,22,350.0,dropped,,False
C000086,U0022,A011,2025-12-28 09:06:01.308307,Family,audio,6,162.0,completed,4.0,False
C000087,U0022,A012,2026-02-15 00:24:05.523768,Family,chat,5,82.0,completed,4.0,False
C000088,U0022,A012,2026-03-10 09:42:20.293070,Family,audio,13,218.0,completed,4.0,False
C000089,U0022,A012,2026-05-21 03:34:08.714097,Family,chat,3,51.0,completed,3.0,False
C000090,U0022,A012,2026-05-22 03:34:08.714097,Family,audio,13,226.0,completed,3.0,False
C000091,U0022,A015,2026-05-23 03:34:08.714097,Family,audio,18,467.0,completed,3.0,False
C000092,U0022,A012,2026-06-06 08:19:56.017834,Family,video,14,252.0,completed,3.0,False
C000093,U0022,A012,2026-07-20 16:22:09.136803,Health,video,13,238.0,completed,4.0,False
C000094,U0022,A012,2026-07-31 20:25:54.960725,Family,chat,3,56.0,completed,5.0,False
C000095,U0023,A012,2026-06-18 00:00:00.000000,Health,audio,10,0.0,completed,4.0,True
C000096,U0024,A028,2025-08-02 00:00:00.000000,Health,chat,6,0.0,completed,4.0,True
C000097,U0025,A011,2026-03-21 00:00:00.000000,Marriage,chat,13,0.0,completed,3.0,True
C000098,U0026,A021,2026-03-03 00:00:00.000000,Marriage,chat,4,0.0,completed,4.0,True
C000099,U0027,A008,2025-07-23 00:00:00.000000,Finance,audio,9,0.0,completed,3.0,True
C000100,U0027,A012,2025-09-20 02:23:59.944948,Finance,video,17,260.0,completed,4.0,False
C000101,U0027,A020,2025-11-06 17:45:37.538625,General Vedic,chat,6,112.0,completed,4.0,False
C000102,U0027,A020,2025-11-27 08:33:13.032079,Finance,chat,10,191.0,completed,4.0,False
C000103,U0027,A020,2026-01-11 03:37:58.362889,Finance,chat,16,311.0,completed,3.0,False
C000104,U0027,A020,2026-03-22 03:31:41.933413,Family,audio,8,158.0,completed,3.0,False
C000105,U0027,A026,2026-05-31 18:22:33.847724,Health,video,11,148.0,completed,3.0,False
C000106,U0028,A018,2026-05-12 00:00:00.000000,Family,chat,3,0.0,completed,3.0,True
C000107,U0029,A027,2026-01-20 00:00:00.000000,Relationship,audio,3,0.0,completed,5.0,True
C000108,U0030,A002,2026-05-10 00:00:00.000000,Finance,chat,3,0.0,completed,2.0,True
C000109,U0030,A018,2026-06-25 04:59:34.960534,Relationship,video,3,28.0,completed,3.0,False
C000110,U0030,A018,2026-07-12 19:09:53.105420,Marriage,video,21,197.0,completed,5.0,False
C000111,U0031,A009,2026-01-01 00:00:00.000000,Family,chat,16,0.0,completed,4.0,True
C000112,U0031,A008,2026-01-20 03:14:16.101713,Career,chat,8,122.0,completed,4.0,False
C000113,U0031,A008,2026-01-28 17:30:50.058285,Career,chat,10,156.0,completed,4.0,False
C000114,U0031,A008,2026-03-22 22:05:57.252710,Finance,video,5,80.0,completed,4.0,False
C000115,U0031,A008,2026-03-23 22:05:57.252710,Health,audio,14,227.0,completed,3.0,False
C000116,U0031,A008,2026-04-14 09:40:03.580412,Career,video,12,198.0,completed,4.0,False
C000117,U0031,A020,2026-05-02 19:50:04.590372,Health,chat,8,161.0,completed,4.0,False
C000118,U0031,A008,2026-06-01 00:27:06.130683,Health,chat,3,51.0,completed,3.0,False
C000119,U0031,A008,2026-06-09 05:35:54.630621,General Vedic,audio,8,139.0,completed,4.0,False
C000120,U0031,A008,2026-07-08 02:12:41.504995,Marriage,audio,9,159.0,completed,5.0,False
C000121,U0031,A008,2026-07-22 12:33:08.533424,Career,audio,3,54.0,completed,4.0,False
C000122,U0032,A013,2026-06-10 00:00:00.000000,Finance,chat,9,0.0,completed,3.0,True
C000123,U0033,A029,2025-10-11 00:00:00.000000,Health,audio,14,0.0,completed,3.0,True
C000124,U0033,A022,2025-11-22 01:34:33.633196,Career,chat,12,306.0,completed,5.0,False
C000125,U0033,A009,2026-01-07 18:26:36.775235,Career,video,12,312.0,completed,4.0,False
C000126,U0033,A030,2026-02-18 11:34:24.882355,Career,chat,18,343.0,completed,3.0,False
C000127,U0033,A009,2026-05-29 18:54:37.469746,Career,video,11,297.0,completed,3.0,False
C000128,U0033,A008,2026-06-30 10:21:13.546710,Career,chat,24,396.0,completed,5.0,False
C000129,U0033,A009,2026-08-08 01:59:05.699708,Career,audio,20,560.0,completed,4.0,False
C000130,U0034,A016,2025-09-16 00:00:00.000000,Relationship,audio,14,0.0,completed,4.0,True
C000131,U0035,A009,2025-10-03 00:00:00.000000,General Vedic,audio,7,0.0,completed,4.0,True
C000132,U0035,A007,2025-12-06 21:14:59.461812,Marriage,video,13,332.0,completed,4.0,False
C000133,U0035,A007,2026-03-02 21:52:16.815805,Relationship,chat,11,286.0,completed,3.0,False
C000134,U0035,A004,2026-06-06 03:06:56.684757,General Vedic,chat,17,324.0,completed,4.0,False
C000135,U0035,A014,2026-06-09 20:29:32.881171,Career,chat,10,238.0,completed,4.0,False
C000136,U0035,A028,2026-08-04 14:12:14.401716,Health,video,13,215.0,completed,3.0,False
C000137,U0036,A029,2025-11-23 00:00:00.000000,Relationship,audio,13,0.0,completed,4.0,True
C000138,U0036,A002,2026-04-15 11:24:58.841664,Relationship,audio,13,292.0,completed,3.0,False
C000139,U0037,A005,2025-07-16 00:00:00.000000,Career,chat,12,0.0,completed,4.0,True
C000140,U0037,A014,2025-07-17 06:42:45.606883,Career,chat,7,157.0,completed,4.0,False
C000141,U0038,A015,2025-10-07 00:00:00.000000,Family,chat,6,0.0,completed,5.0,True
C000142,U0038,A027,2026-01-12 05:13:38.412634,Relationship,audio,13,239.0,completed,4.0,False
C000143,U0038,A007,2026-04-21 05:07:34.292919,Relationship,chat,16,416.0,completed,3.0,False
C000144,U0038,A027,2026-06-09 11:22:15.603755,Relationship,video,14,267.0,completed,4.0,False
C000145,U0038,A007,2026-08-05 06:41:13.283454,Relationship,audio,10,270.0,completed,3.0,False
C000146,U0039,A005,2025-08-12 00:00:00.000000,Family,audio,18,0.0,completed,5.0,True
C000147,U0040,A011,2025-08-14 00:00:00.000000,Career,chat,3,0.0,completed,3.0,True
C000148,U0041,A020,2026-01-27 00:00:00.000000,Relationship,video,23,0.0,completed,4.0,True
C000149,U0042,A014,2025-11-28 00:00:00.000000,Health,audio,12,0.0,completed,4.0,True
C000150,U0042,A004,2025-12-29 12:50:03.419368,Relationship,chat,3,55.0,completed,5.0,False
C000151,U0042,A028,2026-02-20 15:04:33.353290,Career,chat,3,47.0,completed,3.0,False
C000152,U0042,A002,2026-07-07 23:31:04.557425,Career,chat,9,210.0,completed,2.0,False
C000153,U0043,A022,2025-08-19 00:00:00.000000,Relationship,audio,7,0.0,completed,4.0,True
C000154,U0044,A015,2026-03-28 00:00:00.000000,General Vedic,chat,11,0.0,completed,4.0,True
C000155,U0045,A003,2025-10-25 00:00:00.000000,Relationship,video,13,0.0,completed,3.0,True
C000156,U0045,A025,2025-11-06 13:17:32.442068,General Vedic,chat,10,255.0,completed,2.0,False
C000157,U0045,A017,2025-11-07 13:17:32.442068,General Vedic,chat,7,160.0,completed,4.0,False
C000158,U0045,A010,2025-11-16 15:29:51.907887,General Vedic,audio,11,105.0,completed,4.0,False
C000159,U0045,A027,2025-11-24 01:25:09.697718,General Vedic,chat,10,194.0,completed,3.0,False
C000160,U0045,A027,2025-12-24 09:09:29.378041,Health,chat,11,218.0,completed,3.0,False
C000161,U0045,A001,2026-01-03 08:18:08.213442,General Vedic,video,14,392.0,completed,3.0,False
C000162,U0045,A027,2026-01-22 16:50:46.975374,Family,chat,16,328.0,completed,4.0,False
C000163,U0045,A021,2026-01-23 16:50:46.975374,Marriage,audio,12,306.0,completed,4.0,False
C000164,U0045,A027,2026-02-03 18:25:41.177222,General Vedic,video,19,404.0,completed,3.0,False
C000165,U0045,A027,2026-02-26 23:42:13.657193,Marriage,chat,20,432.0,completed,4.0,False
C000166,U0045,A027,2026-03-20 11:44:56.255068,General Vedic,chat,10,220.0,completed,4.0,False
C000167,U0045,A027,2026-04-02 23:37:52.193822,General Vedic,chat,3,67.0,completed,2.0,False
C000168,U0045,A026,2026-04-20 06:04:28.561636,Health,audio,17,257.0,failed,,False
C000169,U0045,A027,2026-04-28 03:52:00.060088,Finance,chat,16,369.0,completed,3.0,False
C000170,U0045,A004,2026-05-14 22:11:13.213471,Relationship,video,13,304.0,completed,5.0,False
C000171,U0045,A010,2026-05-21 01:55:54.034776,General Vedic,chat,6,71.0,completed,4.0,False
C000172,U0045,A008,2026-05-24 01:22:25.926470,Finance,chat,13,261.0,completed,5.0,False
C000173,U0045,A027,2026-06-14 04:18:40.131485,Marriage,audio,9,220.0,completed,4.0,False
C000174,U0045,A027,2026-07-15 23:33:03.767257,General Vedic,audio,3,75.0,completed,4.0,False
C000175,U0045,A027,2026-08-03 10:55:19.191407,General Vedic,chat,6,151.0,completed,3.0,False
C000176,U0046,A023,2026-05-14 00:00:00.000000,Family,chat,3,0.0,completed,5.0,True
C000177,U0046,A022,2026-06-15 00:29:43.717858,Family,chat,9,230.0,completed,4.0,False
C000178,U0046,A003,2026-07-21 10:38:20.486958,General Vedic,chat,9,234.0,completed,3.0,False
C000179,U0047,A024,2025-09-11 00:00:00.000000,Career,audio,12,0.0,completed,4.0,True
C000180,U0048,A004,2025-12-28 00:00:00.000000,Career,chat,11,0.0,completed,5.0,True
C000181,U0048,A010,2025-12-29 00:00:00.000000,Marriage,chat,11,101.0,completed,4.0,False
C000182,U0048,A002,2026-08-02 11:18:39.014632,Career,chat,9,206.0,completed,3.0,False
C000183,U0049,A012,2026-04-27 00:00:00.000000,Relationship,video,12,0.0,completed,4.0,True
C000184,U0049,A030,2026-06-06 05:47:40.743378,Finance,audio,12,220.0,completed,4.0,False
C000185,U0049,A015,2026-06-24 13:39:51.004223,Health,chat,5,114.0,dropped,,False
C000186,U0049,A012,2026-08-12 00:09:30.093071,Relationship,chat,14,223.0,completed,4.0,False
C000187,U0050,A009,2026-01-27 00:00:00.000000,Relationship,chat,6,0.0,completed,3.0,True
C000188,U0051,A023,2025-11-04 00:00:00.000000,Finance,video,14,0.0,completed,4.0,True
C000189,U0051,A008,2025-11-05 00:00:00.000000,Career,chat,13,199.0,completed,4.0,False
C000190,U0051,A027,2025-11-14 08:12:14.745019,General Vedic,video,11,206.0,completed,4.0,False
C000191,U0051,A029,2025-11-16 13:51:57.819122,Marriage,video,10,95.0,completed,4.0,False
C000192,U0051,A003,2025-12-17 22:48:29.798277,Marriage,video,12,324.0,completed,4.0,False
C000193,U0051,A003,2026-01-08 05:38:45.135524,Marriage,chat,8,220.0,completed,3.0,False
C000194,U0051,A003,2026-02-05 16:07:58.071347,Marriage,chat,8,224.0,completed,4.0,False
C000195,U0051,A027,2026-02-06 16:07:58.071347,Marriage,chat,10,205.0,completed,4.0,False
C000196,U0051,A023,2026-02-07 16:07:58.071347,General Vedic,chat,6,125.0,completed,5.0,False
C000197,U0051,A023,2026-03-17 09:45:36.175618,Marriage,chat,7,149.0,completed,4.0,False
C000198,U0051,A003,2026-03-18 18:19:14.515008,Marriage,audio,10,300.0,completed,2.0,False
C000199,U0051,A003,2026-03-23 02:25:52.591442,Finance,chat,9,274.0,completed,2.0,False
C000200,U0051,A003,2026-04-13 19:35:00.211259,Finance,chat,3,93.0,completed,3.0,False
C000201,U0051,A003,2026-04-14 19:35:00.211259,Finance,audio,15,472.0,completed,3.0,False
C000202,U0051,A003,2026-04-27 03:41:43.029175,Marriage,audio,15,480.0,completed,4.0,False
C000203,U0051,A003,2026-05-16 22:22:03.393417,Career,video,11,358.0,completed,4.0,False
C000204,U0051,A003,2026-06-04 01:55:09.112743,Marriage,chat,15,495.0,completed,4.0,False
C000205,U0051,A003,2026-06-27 06:15:47.245503,Marriage,video,12,402.0,completed,3.0,False
C000206,U0051,A003,2026-07-01 07:08:03.782919,Marriage,chat,15,510.0,completed,3.0,False
C000207,U0051,A003,2026-07-13 12:49:58.586532,Marriage,chat,7,241.0,completed,4.0,False
C000208,U0051,A003,2026-08-06 23:27:19.981159,Marriage,video,13,455.0,completed,3.0,False
C000209,U0052,A018,2025-08-09 00:00:00.000000,Marriage,chat,13,0.0,completed,4.0,True
C000210,U0052,A017,2025-09-11 11:17:50.733780,Marriage,chat,11,247.0,completed,4.0,False
C000211,U0052,A017,2025-10-01 01:23:49.330086,Marriage,chat,3,69.0,completed,5.0,False
C000212,U0052,A017,2025-10-24 11:05:04.539515,Marriage,chat,4,93.0,completed,4.0,False
C000213,U0052,A017,2025-10-31 18:19:16.073848,Career,chat,3,71.0,completed,4.0,False
C000214,U0052,A017,2025-11-22 05:01:32.856195,Marriage,chat,12,290.0,completed,3.0,False
C000215,U0052,A017,2025-12-17 04:17:55.364607,Marriage,video,11,271.0,completed,4.0,False
C000216,U0053,A012,2026-05-27 00:00:00.000000,Family,audio,6,0.0,completed,3.0,True
C000217,U0053,A020,2026-06-10 13:16:07.267735,Family,chat,8,147.0,completed,5.0,False
C000218,U0053,A020,2026-07-08 09:15:17.961526,Family,chat,3,56.0,completed,4.0,False
C000219,U0054,A017,2026-03-11 00:00:00.000000,Career,audio,14,0.0,completed,3.0,True
C000220,U0054,A006,2026-03-16 19:03:15.115556,Career,chat,13,159.0,completed,4.0,False
C000221,U0054,A029,2026-04-23 10:23:59.796642,Career,chat,10,94.0,completed,4.0,False
C000222,U0054,A005,2026-04-30 01:25:01.585281,Career,chat,3,70.0,completed,4.0,False
C000223,U0054,A018,2026-05-24 05:20:33.747751,Career,video,19,185.0,completed,4.0,False
C000224,U0054,A024,2026-06-04 07:31:31.343749,Career,audio,9,178.0,completed,3.0,False
C000225,U0054,A029,2026-06-20 14:04:47.024888,Career,audio,8,81.0,completed,3.0,False
C000226,U0054,A029,2026-07-27 12:41:33.587196,Career,audio,10,103.0,completed,4.0,False
C000227,U0054,A029,2026-08-13 10:12:39.700614,Marriage,audio,9,94.0,completed,4.0,False
C000228,U0055,A014,2025-12-06 00:00:00.000000,General Vedic,video,12,0.0,completed,3.0,True
C000229,U0055,A018,2026-04-05 14:39:22.811474,General Vedic,chat,6,55.0,completed,3.0,False
C000230,U0055,A013,2026-06-20 17:07:55.663629,General Vedic,chat,7,66.0,completed,2.0,False
C000231,U0056,A005,2026-05-21 00:00:00.000000,Health,chat,12,0.0,completed,4.0,True
C000232,U0056,A005,2026-06-01 16:36:22.397095,Health,chat,17,381.0,completed,4.0,False
C000233,U0056,A005,2026-06-07 06:52:03.085798,Health,audio,9,206.0,completed,4.0,False
C000234,U0056,A005,2026-06-12 01:17:05.325309,Health,audio,18,420.0,completed,4.0,False
C000235,U0056,A005,2026-06-24 12:06:31.194899,Health,audio,15,356.0,completed,4.0,False
C000236,U0056,A005,2026-06-29 20:12:33.355803,Health,chat,8,194.0,completed,4.0,False
C000237,U0056,A005,2026-07-06 16:01:59.539838,General Vedic,audio,8,197.0,failed,,False
C000238,U0056,A005,2026-07-21 20:03:29.079815,Health,chat,6,150.0,completed,3.0,False
C000239,U0056,A014,2026-08-03 19:59:41.652738,Health,chat,7,179.0,completed,5.0,False
C000240,U0056,A005,2026-08-09 23:31:14.737881,Health,video,24,623.0,completed,4.0,False
C000241,U0057,A015,2026-05-20 00:00:00.000000,Finance,audio,12,0.0,completed,4.0,True
C000242,U0057,A022,2026-07-06 03:48:46.086250,Finance,audio,16,408.0,completed,3.0,False
C000243,U0057,A017,2026-08-01 09:53:07.863251,Health,audio,4,92.0,completed,4.0,False
C000244,U0058,A024,2026-03-25 00:00:00.000000,Marriage,audio,9,0.0,completed,5.0,True
C000245,U0059,A012,2025-10-12 00:00:00.000000,Finance,audio,17,0.0,completed,4.0,True
C000246,U0059,A008,2025-12-01 14:35:29.957796,Relationship,chat,18,275.0,completed,5.0,False
C000247,U0059,A008,2026-02-18 03:11:34.741068,Relationship,chat,13,203.0,completed,5.0,False
C000248,U0059,A025,2026-05-02 13:22:11.534267,Finance,audio,9,238.0,completed,4.0,False
C000249,U0059,A014,2026-06-23 17:09:36.845612,Finance,chat,11,261.0,completed,4.0,False
C000250,U0059,A008,2026-07-01 06:17:49.959513,Relationship,chat,11,182.0,completed,4.0,False
C000251,U0059,A006,2026-07-15 05:55:31.135533,Finance,audio,6,81.0,completed,5.0,False
C000252,U0060,A017,2025-10-07 00:00:00.000000,Career,chat,16,0.0,completed,3.0,True
C000253,U0060,A016,2025-10-18 04:55:23.872153,Career,chat,6,153.0,completed,4.0,False
C000254,U0060,A019,2025-10-20 18:48:22.887846,Career,video,10,229.0,completed,4.0,False
C000255,U0060,A019,2025-11-25 11:59:05.597169,Family,video,5,117.0,completed,3.0,False
C000256,U0060,A019,2025-11-29 09:37:26.773155,Career,audio,13,309.0,dropped,,False
C000257,U0060,A019,2025-12-26 19:27:35.723889,Career,audio,3,73.0,completed,3.0,False
C000258,U0060,A020,2025-12-29 13:37:16.874249,Career,audio,20,403.0,completed,3.0,False
C000259,U0060,A019,2026-01-10 18:58:18.287285,Career,audio,8,201.0,completed,3.0,False
C000260,U0060,A019,2026-01-20 21:06:22.174203,Marriage,audio,11,281.0,completed,4.0,False
C000261,U0060,A019,2026-02-07 04:20:54.836936,Career,audio,26,675.0,completed,4.0,False
C000262,U0060,A019,2026-02-08 04:20:54.836936,Career,chat,4,106.0,completed,3.0,False
C000263,U0060,A019,2026-02-23 07:53:35.578555,Career,audio,4,107.0,completed,3.0,False
C000264,U0060,A001,2026-03-11 12:59:55.541335,Marriage,chat,13,403.0,completed,3.0,False
C000265,U0060,A028,2026-03-30 03:55:28.673261,Career,chat,14,265.0,completed,4.0,False
C000266,U0060,A019,2026-04-25 09:11:17.226108,Career,audio,4,113.0,completed,3.0,False
C000267,U0060,A019,2026-04-26 09:11:17.226108,Career,audio,4,114.0,completed,4.0,False
C000268,U0060,A006,2026-05-03 21:51:35.194878,Marriage,audio,20,317.0,completed,3.0,False
C000269,U0060,A019,2026-06-17 17:57:36.518218,Career,chat,7,206.0,completed,3.0,False
C000270,U0060,A019,2026-07-15 05:59:23.152540,Career,chat,7,209.0,completed,2.0,False
C000271,U0060,A015,2026-08-06 21:48:50.313587,Finance,audio,17,516.0,completed,4.0,False
C000272,U0061,A027,2025-10-12 00:00:00.000000,Career,chat,5,0.0,dropped,,True
C000273,U0061,A023,2026-01-20 00:54:47.824602,Family,chat,9,165.0,completed,4.0,False
C000274,U0061,A023,2026-03-18 07:35:48.168700,Relationship,chat,14,262.0,completed,4.0,False
C000275,U0062,A024,2026-01-27 00:00:00.000000,Relationship,audio,5,0.0,completed,4.0,True
C000276,U0062,A027,2026-02-04 09:40:49.450978,Finance,chat,10,184.0,completed,3.0,False
C000277,U0062,A001,2026-02-19 19:55:26.793334,Relationship,audio,8,208.0,completed,2.0,False
C000278,U0062,A001,2026-03-17 12:17:21.183379,Marriage,video,6,159.0,dropped,,False
C000279,U0062,A001,2026-04-04 09:57:58.909788,Relationship,chat,13,351.0,completed,4.0,False
C000280,U0062,A001,2026-04-05 09:57:58.909788,Career,video,10,275.0,completed,3.0,False
C000281,U0062,A001,2026-04-24 12:54:17.895143,Relationship,video,14,392.0,completed,2.0,False
C000282,U0062,A001,2026-06-10 13:29:17.592700,Health,chat,6,171.0,completed,4.0,False
C000283,U0062,A020,2026-06-23 03:28:05.176556,Relationship,audio,10,209.0,completed,2.0,False
C000284,U0062,A001,2026-07-25 19:36:43.017149,Relationship,chat,17,502.0,completed,3.0,False
C000285,U0062,A001,2026-08-12 03:44:56.902754,Relationship,audio,6,180.0,completed,3.0,False
C000286,U0063,A001,2026-03-04 00:00:00.000000,Marriage,chat,16,0.0,completed,3.0,True
C000287,U0064,A022,2026-04-25 00:00:00.000000,General Vedic,chat,5,0.0,completed,3.0,True
C000288,U0065,A026,2025-11-20 00:00:00.000000,Family,video,20,0.0,completed,4.0,True
C000289,U0065,A018,2025-12-05 13:04:13.710112,General Vedic,audio,10,92.0,completed,5.0,False
C000290,U0065,A018,2025-12-25 00:02:01.158429,General Vedic,audio,22,206.0,completed,4.0,False
C000291,U0065,A014,2026-01-08 01:40:39.163657,General Vedic,video,5,117.0,completed,5.0,False
C000292,U0065,A018,2026-01-09 01:40:39.163657,Health,chat,6,58.0,completed,3.0,False
C000293,U0065,A008,2026-02-10 14:25:33.602486,Family,audio,10,165.0,completed,4.0,False
C000294,U0065,A018,2026-02-27 05:03:42.990641,Family,audio,10,101.0,completed,3.0,False
C000295,U0065,A018,2026-03-25 21:25:22.738435,Marriage,audio,11,113.0,completed,4.0,False
C000296,U0065,A015,2026-04-08 20:58:34.221563,Family,video,10,255.0,completed,4.0,False
C000297,U0065,A018,2026-05-13 12:38:17.103543,Family,chat,8,85.0,completed,4.0,False
C000298,U0065,A018,2026-06-07 16:44:36.394194,Relationship,audio,23,248.0,completed,4.0,False
C000299,U0065,A001,2026-07-04 05:23:34.838375,Marriage,video,5,152.0,completed,3.0,False
C000300,U0065,A018,2026-07-31 02:31:20.021386,Health,chat,8,89.0,completed,3.0,False
C000301,U0066,A007,2026-01-12 00:00:00.000000,Finance,chat,7,0.0,completed,4.0,True
C000302,U0066,A008,2026-01-13 00:00:00.000000,Career,chat,8,122.0,completed,5.0,False
C000303,U0066,A024,2026-01-26 11:22:18.521970,Finance,audio,11,206.0,completed,5.0,False
C000304,U0066,A024,2026-01-27 11:22:18.521970,Finance,chat,8,153.0,completed,4.0,False
C000305,U0066,A024,2026-02-25 12:39:49.799547,Finance,chat,8,156.0,completed,3.0,False
C000306,U0066,A024,2026-04-02 03:39:20.347082,Family,audio,10,198.0,completed,5.0,False
C000307,U0066,A024,2026-04-14 16:59:07.877001,Finance,chat,6,121.0,completed,3.0,False
C000308,U0067,A014,2026-01-05 00:00:00.000000,Marriage,chat,8,0.0,completed,5.0,True
C000309,U0068,A025,2025-12-02 00:00:00.000000,Marriage,chat,6,0.0,failed,,True
C000310,U0068,A024,2026-01-13 10:37:14.129861,Marriage,chat,8,147.0,completed,5.0,False
C000311,U0068,A024,2026-02-09 14:38:01.470349,Marriage,audio,11,206.0,completed,4.0,False
C000312,U0068,A024,2026-03-13 20:58:51.508259,Health,chat,13,248.0,completed,5.0,False
C000313,U0068,A019,2026-04-04 05:45:49.504443,Marriage,chat,17,404.0,completed,4.0,False
C000314,U0069,A028,2025-12-25 00:00:00.000000,General Vedic,chat,16,0.0,completed,4.0,True
C000315,U0070,A008,2025-08-15 00:00:00.000000,General Vedic,chat,6,0.0,completed,5.0,True
C000316,U0070,A021,2025-09-22 09:34:35.482550,Career,chat,7,157.0,completed,4.0,False
C000317,U0070,A021,2025-10-27 05:25:01.217986,Career,chat,4,92.0,completed,4.0,False
C000318,U0070,A015,2025-11-08 11:52:43.200432,Career,audio,8,187.0,completed,3.0,False
C000319,U0070,A021,2025-11-13 18:43:05.728081,General Vedic,chat,6,143.0,dropped,,False
C000320,U0070,A021,2025-12-27 10:15:59.357756,Family,audio,9,218.0,completed,5.0,False
C000321,U0070,A021,2026-01-14 18:55:39.159617,Finance,audio,12,296.0,completed,3.0,False
C000322,U0070,A021,2026-01-27 20:46:37.523187,Career,chat,10,251.0,completed,4.0,False
C000323,U0070,A021,2026-02-28 05:22:45.711405,Career,video,14,357.0,completed,5.0,False
C000324,U0070,A021,2026-03-18 21:38:21.132891,Family,chat,8,208.0,completed,4.0,False
C000325,U0070,A021,2026-04-02 01:12:33.137100,Career,audio,14,370.0,completed,3.0,False
C000326,U0070,A029,2026-04-15 13:31:47.839584,Career,audio,16,176.0,completed,3.0,False
C000327,U0071,A008,2026-06-14 00:00:00.000000,General Vedic,chat,12,0.0,completed,4.0,True
C000328,U0071,A004,2026-07-08 23:17:29.067932,Career,video,13,239.0,completed,3.0,False
C000329,U0071,A029,2026-07-31 09:54:33.512223,Marriage,audio,5,47.0,completed,4.0,False
C000330,U0072,A028,2025-11-04 00:00:00.000000,Family,audio,16,0.0,completed,4.0,True
C000331,U0073,A010,2026-06-12 00:00:00.000000,Career,video,12,0.0,completed,4.0,True
C000332,U0074,A006,2025-08-13 00:00:00.000000,Relationship,chat,5,0.0,completed,4.0,True
C000333,U0075,A009,2026-03-27 00:00:00.000000,Family,chat,8,0.0,completed,4.0,True
C000334,U0075,A009,2026-04-08 07:55:15.285451,Family,chat,5,128.0,completed,4.0,False
C000335,U0075,A009,2026-04-18 14:15:55.179075,Family,audio,12,312.0,completed,4.0,False
C000336,U0075,A009,2026-04-20 15:19:39.592741,General Vedic,video,15,398.0,completed,4.0,False
C000337,U0075,A009,2026-05-28 03:20:27.455884,Finance,video,17,459.0,completed,3.0,False
C000338,U0075,A004,2026-06-18 15:32:05.933589,Family,chat,3,59.0,completed,5.0,False
C000339,U0075,A009,2026-06-30 01:07:33.574039,Family,chat,5,140.0,completed,4.0,False
C000340,U0075,A002,2026-07-17 05:43:14.952646,Family,chat,3,75.0,completed,2.0,False
C000341,U0075,A009,2026-08-04 04:51:15.584656,Finance,video,10,290.0,completed,3.0,False
C000342,U0075,A021,2026-08-07 12:48:52.982910,Family,chat,10,260.0,completed,4.0,False
C000343,U0076,A026,2026-05-31 00:00:00.000000,Career,audio,17,0.0,completed,4.0,True
C000344,U0076,A008,2026-07-21 00:52:39.409867,Career,chat,3,46.0,completed,3.0,False
C000345,U0077,A013,2025-10-22 00:00:00.000000,Health,audio,9,0.0,completed,3.0,True
C000346,U0078,A015,2025-12-27 00:00:00.000000,Relationship,chat,3,0.0,completed,5.0,True
C000347,U0079,A013,2025-12-27 00:00:00.000000,Finance,audio,4,0.0,completed,2.0,True
C000348,U0079,A007,2026-04-26 10:00:34.466155,Finance,audio,8,204.0,completed,3.0,False
C000349,U0080,A014,2025-07-19 00:00:00.000000,Career,chat,6,0.0,completed,4.0,True
C000350,U0081,A001,2025-10-04 00:00:00.000000,Health,audio,7,0.0,completed,3.0,True
C000351,U0082,A030,2026-04-17 00:00:00.000000,General Vedic,chat,8,0.0,completed,3.0,True
C000352,U0082,A020,2026-06-07 02:34:54.026665,Family,chat,6,110.0,completed,3.0,False
C000353,U0082,A015,2026-07-12 13:18:05.343085,Career,audio,15,343.0,completed,3.0,False
C000354,U0082,A020,2026-08-04 10:48:43.642296,General Vedic,video,10,191.0,completed,3.0,False
C000355,U0083,A017,2026-02-01 00:00:00.000000,General Vedic,chat,3,0.0,completed,4.0,True
C000356,U0084,A014,2025-12-05 00:00:00.000000,Marriage,chat,10,0.0,completed,5.0,True
C000357,U0085,A002,2025-07-23 00:00:00.000000,Marriage,chat,5,0.0,completed,3.0,True
C000358,U0085,A019,2026-08-12 14:51:44.567961,Finance,chat,14,314.0,completed,4.0,False
C000359,U0086,A029,2026-05-06 00:00:00.000000,Career,video,17,0.0,completed,4.0,True
C000360,U0086,A013,2026-06-08 14:23:11.341486,Relationship,chat,3,28.0,completed,3.0,False
C000361,U0086,A013,2026-07-07 11:43:19.385968,Relationship,chat,3,28.0,completed,4.0,False
C000362,U0087,A022,2025-07-29 00:00:00.000000,Relationship,chat,6,0.0,completed,3.0,True
C000363,U0088,A026,2025-11-28 00:00:00.000000,Family,audio,7,0.0,completed,4.0,True
C000364,U0088,A005,2026-01-26 21:29:53.311467,Finance,chat,3,67.0,completed,5.0,False
C000365,U0088,A003,2026-03-30 15:19:04.516330,Finance,video,18,468.0,completed,3.0,False
C000366,U0088,A005,2026-05-03 14:04:33.953091,Finance,chat,6,140.0,completed,5.0,False
C000367,U0088,A008,2026-05-11 15:27:11.492439,Career,chat,7,113.0,completed,4.0,False
C000368,U0088,A004,2026-05-28 13:10:51.882256,Finance,audio,9,178.0,completed,4.0,False
C000369,U0088,A017,2026-07-19 12:21:47.863075,Finance,audio,8,197.0,completed,4.0,False
C000370,U0089,A022,2025-12-13 00:00:00.000000,Health,chat,3,0.0,completed,3.0,True
C000371,U0089,A013,2025-12-14 00:00:00.000000,Health,audio,13,119.0,completed,4.0,False
C000372,U0089,A024,2026-01-31 12:30:27.318998,Health,audio,14,262.0,completed,3.0,False
C000373,U0089,A024,2026-03-14 08:45:01.294438,Health,audio,9,172.0,completed,4.0,False
C000374,U0089,A024,2026-05-29 01:45:31.421534,Health,audio,10,194.0,completed,3.0,False
C000375,U0089,A009,2026-06-16 10:04:59.564622,Health,video,13,358.0,completed,3.0,False
C000376,U0089,A024,2026-06-21 20:57:21.896457,Health,audio,9,181.0,completed,5.0,False
C000377,U0089,A025,2026-08-05 18:12:51.491802,Health,audio,14,399.0,completed,3.0,False
C000378,U0089,A024,2026-08-12 15:28:43.080400,Health,audio,12,251.0,completed,5.0,False
C000379,U0090,A001,2025-11-09 00:00:00.000000,Relationship,video,11,0.0,completed,3.0,True
C000380,U0090,A023,2026-02-18 23:09:59.046434,Career,video,16,294.0,completed,3.0,False
C000381,U0090,A023,2026-05-12 17:40:35.560594,Marriage,audio,7,131.0,completed,5.0,False
C000382,U0090,A023,2026-07-27 01:36:03.061590,Career,chat,7,134.0,completed,4.0,False
C000383,U0091,A030,2025-09-15 00:00:00.000000,Marriage,chat,14,0.0,completed,3.0,True
C000384,U0091,A029,2025-11-30 10:12:35.167283,Health,chat,7,64.0,completed,3.0,False
C000385,U0091,A029,2026-02-13 00:07:57.630526,Marriage,chat,7,66.0,completed,4.0,False
C000386,U0091,A029,2026-04-25 23:10:06.556079,Family,chat,7,67.0,completed,4.0,False
C000387,U0091,A025,2026-08-03 10:53:03.641919,Marriage,audio,16,432.0,completed,2.0,False
C000388,U0092,A015,2025-10-13 00:00:00.000000,Health,chat,9,0.0,completed,5.0,True
C000389,U0092,A010,2025-11-02 14:02:50.588900,Health,chat,24,220.0,completed,4.0,False
C000390,U0092,A010,2025-12-01 02:57:03.427677,Health,audio,10,94.0,dropped,,False
C000391,U0092,A010,2026-02-14 06:21:23.695612,Health,audio,4,38.0,completed,4.0,False
C000392,U0092,A005,2026-02-15 06:21:23.695612,Health,chat,3,71.0,completed,5.0,False
C000393,U0092,A010,2026-05-07 16:02:55.689276,Health,chat,5,50.0,completed,4.0,False
C000394,U0092,A021,2026-07-06 18:26:21.418913,Health,chat,8,197.0,completed,5.0,False
C000395,U0093,A002,2026-06-02 00:00:00.000000,Career,audio,17,0.0,completed,2.0,True
C000396,U0093,A006,2026-06-23 23:40:30.946513,Career,video,10,122.0,completed,4.0,False
C000397,U0094,A011,2026-05-15 00:00:00.000000,Marriage,audio,19,0.0,completed,4.0,True
C000398,U0095,A009,2025-08-15 00:00:00.000000,Relationship,chat,3,0.0,completed,3.0,True
C000399,U0095,A001,2025-09-23 10:51:55.201439,Relationship,audio,11,280.0,completed,3.0,False
C000400,U0096,A005,2026-06-16 00:00:00.000000,Relationship,audio,14,0.0,completed,4.0,True
C000401,U0097,A002,2026-05-25 00:00:00.000000,General Vedic,video,10,0.0,completed,2.0,True
C000402,U0097,A001,2026-06-13 19:30:59.643613,General Vedic,audio,9,230.0,completed,2.0,False
C000403,U0097,A001,2026-06-25 18:23:50.789957,Relationship,video,19,494.0,completed,3.0,False
C000404,U0097,A001,2026-07-12 04:54:00.862961,Family,chat,3,80.0,completed,2.0,False
C000405,U0097,A028,2026-07-18 18:37:43.985071,Family,chat,10,162.0,completed,3.0,False
C000406,U0097,A005,2026-08-07 19:26:52.782507,Family,video,6,145.0,completed,5.0,False
C000407,U0098,A027,2025-07-16 00:00:00.000000,Career,audio,10,0.0,dropped,,True
C000408,U0098,A007,2025-09-19 05:35:48.399627,Career,chat,12,306.0,completed,4.0,False
C000409,U0098,A014,2025-11-19 09:59:09.451596,Career,video,18,412.0,completed,3.0,False
C000410,U0098,A010,2026-02-17 14:38:07.894034,General Vedic,audio,10,95.0,completed,3.0,False
C000411,U0098,A010,2026-06-12 01:16:19.912931,Career,chat,3,29.0,completed,4.0,False
C000412,U0099,A014,2025-10-02 00:00:00.000000,Health,chat,7,0.0,completed,4.0,True
C000413,U0100,A017,2025-12-24 00:00:00.000000,General Vedic,chat,11,0.0,completed,3.0,True
C000414,U0100,A009,2026-01-30 20:57:06.836983,Relationship,chat,7,178.0,completed,3.0,False
C000415,U0100,A030,2026-03-02 18:21:57.718018,General Vedic,chat,10,187.0,completed,3.0,False
C000416,U0100,A003,2026-03-18 06:51:48.134248,General Vedic,chat,6,159.0,completed,3.0,False
C000417,U0100,A030,2026-04-03 17:47:12.333834,General Vedic,video,3,58.0,completed,3.0,False
C000418,U0100,A030,2026-04-29 05:26:35.118334,General Vedic,audio,13,257.0,completed,4.0,False
C000419,U0100,A030,2026-06-15 00:18:41.227701,General Vedic,audio,13,262.0,completed,2.0,False
C000420,U0100,A030,2026-07-23 06:08:36.109581,General Vedic,chat,14,287.0,completed,4.0,False
C000421,U0101,A004,2025-12-30 00:00:00.000000,Family,audio,11,0.0,completed,3.0,True
C000422,U0102,A016,2026-01-24 00:00:00.000000,Marriage,audio,15,0.0,completed,3.0,True
C000423,U0102,A026,2026-04-05 05:08:05.903305,Career,audio,12,147.0,completed,4.0,False
C000424,U0102,A013,2026-05-26 09:09:54.817549,Career,chat,4,37.0,completed,3.0,False
C000425,U0102,A013,2026-07-02 19:30:27.144486,Family,audio,22,210.0,completed,3.0,False
C000426,U0103,A020,2025-08-04 00:00:00.000000,Marriage,chat,10,0.0,completed,4.0,True
C000427,U0103,A010,2025-09-29 14:42:21.927779,Marriage,chat,7,64.0,completed,4.0,False
C000428,U0103,A010,2025-11-14 19:15:14.439426,Marriage,audio,3,28.0,completed,4.0,False
C000429,U0103,A029,2025-12-21 02:40:49.009063,Marriage,video,17,162.0,completed,4.0,False
C000430,U0103,A010,2026-02-07 09:50:00.100071,Marriage,chat,8,78.0,completed,5.0,False
C000431,U0103,A010,2026-03-11 09:27:20.702984,Marriage,audio,7,69.0,completed,4.0,False
C000432,U0103,A020,2026-04-30 12:32:23.243536,General Vedic,video,15,302.0,completed,4.0,False
C000433,U0103,A010,2026-06-06 01:02:32.035851,Marriage,chat,18,185.0,completed,4.0,False
C000434,U0103,A010,2026-07-27 18:05:24.160182,Marriage,audio,8,84.0,completed,5.0,False
C000435,U0104,A022,2026-06-01 00:00:00.000000,Relationship,video,18,0.0,completed,4.0,True
C000436,U0105,A011,2025-09-04 00:00:00.000000,Family,audio,10,0.0,failed,,True
C000437,U0105,A005,2025-09-26 08:02:47.756948,Health,chat,9,202.0,completed,4.0,False
C000438,U0105,A018,2025-10-15 12:52:53.084445,Health,chat,7,66.0,completed,5.0,False
C000439,U0105,A018,2025-11-03 09:50:20.591941,Family,video,17,162.0,completed,3.0,False
C000440,U0105,A018,2025-12-08 02:55:57.205036,Family,audio,8,78.0,completed,4.0,False
C000441,U0105,A018,2026-01-05 14:02:27.797042,Relationship,chat,7,69.0,completed,4.0,False
C000442,U0105,A018,2026-01-18 16:16:23.555867,Family,chat,7,71.0,completed,5.0,False
C000443,U0105,A018,2026-02-03 20:37:09.476379,Family,audio,15,154.0,completed,4.0,False
C000444,U0105,A018,2026-02-20 12:20:49.915464,Family,audio,12,125.0,completed,3.0,False
C000445,U0105,A018,2026-02-28 07:54:45.156471,Family,audio,14,149.0,completed,5.0,False
C000446,U0105,A018,2026-03-15 22:56:22.200876,Health,video,7,76.0,completed,4.0,False
C000447,U0105,A018,2026-04-19 21:38:14.289339,Family,chat,3,33.0,completed,3.0,False
C000448,U0105,A018,2026-05-24 10:41:01.326231,Family,chat,3,33.0,completed,3.0,False
C000449,U0105,A018,2026-06-06 14:50:35.700928,Family,audio,14,159.0,completed,3.0,False
C000450,U0105,A018,2026-06-18 08:09:43.055633,Family,video,13,150.0,completed,4.0,False
C000451,U0105,A018,2026-06-29 04:23:21.375134,Marriage,chat,8,94.0,completed,3.0,False
C000452,U0105,A018,2026-08-04 14:53:14.068717,General Vedic,chat,5,59.0,completed,3.0,False
C000453,U0106,A029,2025-11-18 00:00:00.000000,Relationship,chat,14,0.0,completed,3.0,True
C000454,U0107,A002,2026-02-28 00:00:00.000000,Marriage,chat,11,0.0,completed,2.0,True
C000455,U0107,A006,2026-03-20 01:22:22.140410,Family,chat,13,159.0,completed,4.0,False
C000456,U0107,A006,2026-04-09 16:54:09.068383,Marriage,video,4,50.0,completed,4.0,False
C000457,U0107,A006,2026-04-28 04:20:10.302508,Family,audio,7,89.0,completed,4.0,False
C000458,U0107,A006,2026-05-04 12:08:13.060136,Marriage,chat,10,130.0,completed,4.0,False
C000459,U0107,A014,2026-05-27 10:26:30.171522,Health,audio,10,242.0,completed,4.0,False
C000460,U0107,A006,2026-06-20 16:43:00.426028,Career,chat,19,255.0,completed,5.0,False
C000461,U0107,A006,2026-06-28 21:18:01.296650,Marriage,chat,3,41.0,completed,4.0,False
C000462,U0107,A006,2026-07-21 01:49:17.724892,Health,audio,3,42.0,completed,3.0,False
C000463,U0107,A006,2026-08-04 10:59:29.423906,Finance,audio,10,142.0,completed,3.0,False
C000464,U0107,A006,2026-08-05 10:59:29.423906,Family,chat,3,43.0,completed,5.0,False
C000465,U0108,A019,2026-01-06 00:00:00.000000,Relationship,video,14,0.0,completed,3.0,True
C000466,U0108,A005,2026-01-30 04:18:40.068876,Finance,chat,10,224.0,completed,4.0,False
C000467,U0108,A005,2026-02-28 17:16:55.670499,Finance,chat,13,297.0,completed,4.0,False
C000468,U0108,A005,2026-03-22 14:56:05.078461,Relationship,audio,12,280.0,completed,5.0,False
C000469,U0108,A005,2026-04-23 07:17:19.173578,Relationship,audio,8,190.0,completed,5.0,False
C000470,U0108,A005,2026-06-03 07:22:42.771247,Relationship,audio,17,411.0,dropped,,False
C000471,U0108,A005,2026-06-12 13:13:46.324263,Relationship,video,11,271.0,completed,4.0,False
C000472,U0108,A005,2026-07-30 20:41:17.575574,Relationship,chat,8,201.0,completed,4.0,False
C000473,U0109,A024,2025-09-03 00:00:00.000000,General Vedic,chat,18,0.0,completed,4.0,True
C000474,U0109,A021,2025-12-13 02:24:28.942819,General Vedic,chat,9,202.0,completed,4.0,False
C000475,U0109,A021,2026-03-27 08:38:15.230434,General Vedic,chat,8,183.0,completed,4.0,False
C000476,U0109,A021,2026-07-18 14:30:29.852636,General Vedic,video,6,140.0,completed,5.0,False
C000477,U0110,A008,2025-12-22 00:00:00.000000,Career,chat,7,0.0,failed,,True
C000478,U0110,A002,2026-03-14 13:49:08.479529,Career,chat,10,224.0,completed,2.0,False
C000479,U0110,A002,2026-04-17 21:03:16.621918,Career,chat,15,343.0,completed,2.0,False
C000480,U0110,A002,2026-05-30 19:44:40.149346,Career,chat,3,70.0,completed,2.0,False
C000481,U0111,A001,2025-11-22 00:00:00.000000,Finance,chat,12,0.0,completed,2.0,True
C000482,U0112,A030,2025-08-08 00:00:00.000000,Family,chat,5,0.0,completed,3.0,True
C000483,U0113,A025,2025-09-19 00:00:00.000000,General Vedic,chat,8,0.0,completed,3.0,True
C000484,U0113,A030,2025-09-30 23:20:14.422816,General Vedic,audio,9,165.0,completed,4.0,False
C000485,U0113,A027,2025-10-22 04:57:12.701699,Family,video,7,131.0,completed,3.0,False
C000486,U0113,A008,2025-11-06 03:06:48.786830,General Vedic,chat,7,111.0,completed,4.0,False
C000487,U0113,A015,2025-12-10 08:04:06.049076,Finance,chat,12,285.0,completed,4.0,False
C000488,U0113,A030,2026-01-01 19:32:50.253350,General Vedic,chat,15,297.0,completed,4.0,False
C000489,U0113,A030,2026-01-25 05:06:39.777437,General Vedic,chat,9,181.0,completed,4.0,False
C000490,U0113,A020,2026-02-03 07:07:46.736806,Family,audio,9,185.0,completed,4.0,False
C000491,U0113,A030,2026-03-07 10:48:58.739930,General Vedic,audio,9,188.0,completed,3.0,False
C000492,U0113,A006,2026-03-18 07:34:41.871703,General Vedic,chat,8,113.0,completed,3.0,False
C000493,U0113,A030,2026-03-21 21:15:27.203573,General Vedic,chat,9,194.0,completed,4.0,False
C000494,U0113,A030,2026-04-03 12:14:44.439238,Relationship,chat,6,132.0,dropped,,False
C000495,U0113,A029,2026-04-28 11:09:15.266821,Family,chat,15,167.0,completed,3.0,False
C000496,U0113,A030,2026-04-29 11:09:15.266821,General Vedic,chat,6,136.0,completed,3.0,False
C000497,U0113,A030,2026-05-13 16:46:17.990001,Relationship,audio,11,253.0,completed,3.0,False
C000498,U0113,A030,2026-05-16 23:14:26.913070,General Vedic,chat,10,234.0,completed,3.0,False
C000499,U0113,A024,2026-05-20 18:32:31.445442,General Vedic,video,17,404.0,completed,5.0,False
C000500,U0113,A030,2026-05-21 18:32:31.445442,General Vedic,chat,8,193.0,completed,3.0,False
C000501,U0113,A030,2026-06-21 10:14:45.663971,General Vedic,audio,9,220.0,completed,3.0,False
C000502,U0113,A030,2026-06-25 10:58:21.722609,Health,chat,4,99.0,completed,3.0,False
C000503,U0113,A030,2026-07-21 15:50:32.540910,General Vedic,chat,19,479.0,completed,3.0,False
C000504,U0113,A019,2026-08-11 15:07:49.173384,Finance,chat,9,281.0,completed,4.0,False
C000505,U0114,A015,2025-11-20 00:00:00.000000,Health,chat,8,0.0,completed,3.0,True
C000506,U0114,A012,2026-07-05 07:48:55.983510,Health,audio,13,199.0,dropped,,False
C000507,U0115,A002,2025-12-26 00:00:00.000000,Finance,chat,5,0.0,completed,3.0,True
C000508,U0116,A020,2025-10-11 00:00:00.000000,Family,video,20,0.0,completed,3.0,True
C000509,U0116,A001,2025-11-29 03:14:59.730951,Relationship,chat,9,230.0,failed,,False
C000510,U0116,A013,2025-12-27 05:42:11.459254,Family,audio,10,94.0,completed,4.0,False
C000511,U0116,A028,2026-03-28 23:20:04.898771,Family,video,20,318.0,completed,4.0,False
C000512,U0116,A022,2026-05-02 21:50:37.722690,Family,video,14,378.0,completed,5.0,False
C000513,U0116,A001,2026-06-04 20:01:23.102530,Health,audio,11,302.0,completed,3.0,False
C000514,U0116,A030,2026-06-22 12:31:25.391112,Marriage,chat,3,60.0,completed,4.0,False
C000515,U0116,A001,2026-07-30 11:27:26.273624,Family,chat,7,200.0,completed,4.0,False
C000516,U0117,A010,2025-11-12 00:00:00.000000,Career,video,14,0.0,completed,4.0,True
C000517,U0117,A026,2025-12-10 18:25:27.087130,Relationship,audio,9,110.0,completed,5.0,False
C000518,U0117,A026,2026-03-01 08:20:40.858823,Marriage,audio,22,275.0,completed,5.0,False
C000519,U0117,A026,2026-07-29 18:29:52.972463,Family,chat,15,191.0,completed,3.0,False
C000520,U0118,A019,2026-02-23 00:00:00.000000,General Vedic,chat,3,0.0,completed,4.0,True
C000521,U0118,A017,2026-03-14 09:21:37.133326,General Vedic,audio,11,247.0,completed,5.0,False
C000522,U0118,A017,2026-04-06 05:59:05.766332,General Vedic,chat,16,366.0,completed,4.0,False
C000523,U0118,A017,2026-05-23 13:32:30.684399,Marriage,audio,15,350.0,completed,3.0,False
C000524,U0118,A011,2026-07-17 17:13:14.364320,General Vedic,audio,14,378.0,completed,3.0,False
C000525,U0119,A005,2026-05-26 00:00:00.000000,Health,audio,15,0.0,completed,4.0,True
C000526,U0120,A005,2025-09-22 00:00:00.000000,Health,chat,5,0.0,completed,4.0,True
C000527,U0120,A009,2025-10-16 16:09:46.519459,Relationship,audio,19,484.0,completed,3.0,False
C000528,U0120,A009,2025-10-29 04:05:52.241631,Relationship,audio,17,442.0,completed,4.0,False
C000529,U0120,A009,2025-10-30 04:05:52.241631,Finance,chat,15,398.0,completed,3.0,False
C000530,U0120,A013,2025-11-03 05:10:34.542475,General Vedic,audio,12,117.0,completed,3.0,False
C000531,U0120,A009,2025-11-30 05:23:54.726639,Health,chat,13,358.0,completed,4.0,False
C000532,U0120,A011,2026-01-02 12:42:50.167596,Relationship,chat,8,224.0,completed,4.0,False
C000533,U0120,A009,2026-01-14 03:25:25.643922,Relationship,audio,4,114.0,completed,3.0,False
C000534,U0120,A028,2026-02-08 11:16:40.376744,Health,chat,5,87.0,completed,4.0,False
C000535,U0120,A009,2026-03-01 08:17:18.132138,Finance,audio,5,148.0,completed,3.0,False
C000536,U0120,A009,2026-03-11 01:49:01.438819,Career,video,21,630.0,completed,3.0,False
C000537,U0120,A024,2026-03-14 00:12:49.605466,Family,chat,13,285.0,failed,,False
C000538,U0120,A004,2026-03-28 23:10:11.726554,Relationship,chat,12,268.0,completed,4.0,False
C000539,U0120,A021,2026-04-23 19:01:21.546288,Relationship,chat,3,83.0,completed,4.0,False
C000540,U0120,A001,2026-06-05 20:24:02.391641,Relationship,chat,17,544.0,completed,3.0,False
C000541,U0120,A009,2026-06-08 07:51:55.060721,Career,chat,3,98.0,completed,4.0,False
C000542,U0120,A009,2026-06-12 22:21:55.994519,Finance,chat,6,198.0,completed,3.0,False
C000543,U0120,A009,2026-06-30 18:59:00.692434,Relationship,chat,4,134.0,completed,3.0,False
C000544,U0120,A029,2026-07-21 04:30:53.457523,Relationship,audio,12,147.0,completed,4.0,False
C000545,U0120,A009,2026-08-08 01:04:06.112043,Relationship,audio,16,552.0,completed,3.0,False
C000546,U0121,A007,2026-02-11 00:00:00.000000,Relationship,chat,10,0.0,completed,4.0,True
C000547,U0122,A012,2026-05-11 00:00:00.000000,Career,chat,11,0.0,completed,4.0,True
C000548,U0123,A008,2026-05-14 00:00:00.000000,Marriage,video,13,0.0,completed,5.0,True
C000549,U0124,A029,2025-11-18 00:00:00.000000,General Vedic,chat,13,0.0,completed,3.0,True
C000550,U0124,A025,2026-01-06 05:44:00.809591,Marriage,chat,9,230.0,completed,4.0,False
C000551,U0124,A025,2026-02-17 22:47:58.166732,General Vedic,audio,9,234.0,completed,4.0,False
C000552,U0124,A014,2026-04-17 22:27:32.032861,Relationship,audio,10,233.0,completed,4.0,False
C000553,U0124,A025,2026-07-16 03:09:19.084587,General Vedic,chat,3,81.0,completed,2.0,False
C000554,U0124,A025,2026-08-13 23:53:14.389263,General Vedic,video,6,165.0,completed,3.0,False
C000555,U0125,A019,2026-03-22 00:00:00.000000,Health,chat,3,0.0,completed,3.0,True
C000556,U0126,A026,2026-03-29 00:00:00.000000,Relationship,chat,3,0.0,completed,4.0,True
C000557,U0127,A013,2025-08-27 00:00:00.000000,Family,audio,8,0.0,completed,2.0,True
C000558,U0127,A008,2025-09-12 07:00:37.351849,Family,chat,7,107.0,completed,4.0,False
C000559,U0127,A025,2025-09-26 13:55:05.631395,Marriage,chat,7,182.0,completed,3.0,False
C000560,U0127,A008,2025-10-05 00:49:00.723451,Family,chat,3,48.0,completed,4.0,False
C000561,U0127,A012,2025-10-25 23:39:51.444755,Family,audio,12,194.0,completed,4.0,False
C000562,U0127,A008,2025-10-26 23:39:51.444755,Marriage,chat,3,50.0,completed,5.0,False
C000563,U0127,A023,2025-11-20 18:28:43.023544,Family,audio,12,242.0,completed,4.0,False
C000564,U0127,A008,2025-12-09 02:58:06.136640,Family,video,3,51.0,completed,4.0,False
C000565,U0127,A008,2025-12-10 02:58:06.136640,Family,chat,8,139.0,completed,4.0,False
C000566,U0127,A008,2025-12-21 21:07:36.938933,Family,chat,8,142.0,completed,4.0,False
C000567,U0127,A008,2026-01-20 11:31:59.790968,Finance,chat,8,144.0,completed,4.0,False
C000568,U0127,A008,2026-01-31 10:54:30.714939,Health,audio,10,183.0,completed,5.0,False
C000569,U0127,A008,2026-02-07 19:55:24.253724,Career,chat,11,205.0,completed,4.0,False
C000570,U0127,A002,2026-03-29 11:24:24.629907,Family,audio,12,333.0,completed,3.0,False
C000571,U0127,A025,2026-04-20 19:53:48.109455,General Vedic,chat,3,96.0,completed,3.0,False
C000572,U0127,A008,2026-04-23 08:13:19.032112,Family,chat,11,214.0,completed,4.0,False
C000573,U0127,A028,2026-04-24 08:13:19.032112,Family,audio,25,495.0,completed,4.0,False
C000574,U0127,A008,2026-05-10 13:58:26.541357,Marriage,chat,4,80.0,failed,,False
C000575,U0127,A008,2026-05-18 18:50:55.812519,Family,audio,9,184.0,completed,4.0,False
C000576,U0127,A022,2026-06-15 10:46:54.663831,Health,chat,3,103.0,completed,4.0,False
C000577,U0127,A003,2026-06-16 10:46:54.663831,Family,chat,7,245.0,dropped,,False
C000578,U0127,A008,2026-08-02 07:00:18.786383,Family,chat,3,64.0,completed,4.0,False
C000579,U0128,A025,2026-04-19 00:00:00.000000,Relationship,chat,10,0.0,dropped,,True
C000580,U0128,A001,2026-05-20 19:40:10.856239,Relationship,chat,16,408.0,completed,4.0,False
C000581,U0128,A002,2026-05-21 19:40:10.856239,Relationship,chat,3,69.0,completed,2.0,False
C000582,U0128,A002,2026-05-23 18:04:02.131380,Relationship,chat,6,140.0,completed,2.0,False
C000583,U0128,A002,2026-05-24 18:04:02.131380,Marriage,chat,4,95.0,completed,3.0,False
C000584,U0128,A027,2026-05-28 13:28:27.381027,Health,audio,13,257.0,completed,4.0,False
C000585,U0128,A002,2026-06-19 03:04:43.507423,Relationship,chat,3,74.0,completed,2.0,False
C000586,U0128,A030,2026-06-20 03:04:43.507423,Relationship,chat,4,82.0,completed,4.0,False
C000587,U0128,A002,2026-07-14 20:02:46.299878,General Vedic,video,11,281.0,completed,3.0,False
C000588,U0128,A002,2026-07-17 20:34:49.515369,Relationship,audio,10,260.0,completed,1.0,False
C000589,U0128,A002,2026-07-20 15:17:48.759619,Relationship,chat,5,132.0,completed,2.0,False
C000590,U0129,A004,2026-05-11 00:00:00.000000,Family,video,12,0.0,completed,4.0,True
C000591,U0130,A023,2025-12-03 00:00:00.000000,Health,audio,14,0.0,completed,5.0,True
C000592,U0130,A027,2025-12-11 02:28:36.329545,Marriage,chat,7,129.0,completed,2.0,False
C000593,U0130,A027,2026-02-04 17:55:20.509662,Health,chat,8,150.0,completed,4.0,False
C000594,U0130,A027,2026-04-14 10:02:50.909654,Career,chat,6,114.0,completed,3.0,False
C000595,U0130,A027,2026-06-12 00:08:02.407469,Career,chat,11,214.0,dropped,,False
C000596,U0131,A025,2025-12-11 00:00:00.000000,Relationship,audio,4,0.0,completed,3.0,True
C000597,U0132,A030,2026-06-16 00:00:00.000000,Finance,chat,7,0.0,completed,3.0,True
C000598,U0133,A009,2026-02-26 00:00:00.000000,General Vedic,video,12,0.0,completed,4.0,True
C000599,U0134,A005,2025-08-22 00:00:00.000000,Finance,audio,21,0.0,completed,4.0,True
C000600,U0134,A024,2026-04-01 13:59:12.903592,Finance,audio,13,239.0,completed,4.0,False
C000601,U0135,A017,2025-09-01 00:00:00.000000,Health,audio,14,0.0,completed,3.0,True
C000602,U0135,A003,2025-09-02 00:00:00.000000,Health,chat,8,204.0,completed,3.0,False
C000603,U0136,A025,2026-03-30 00:00:00.000000,Health,chat,12,0.0,completed,3.0,True
C000604,U0137,A021,2025-09-04 00:00:00.000000,Health,video,18,0.0,completed,4.0,True
C000605,U0137,A014,2025-10-30 16:35:56.091765,Health,chat,3,67.0,completed,3.0,False
C000606,U0137,A004,2025-10-31 16:35:56.091765,Health,audio,15,281.0,completed,4.0,False
C000607,U0137,A014,2025-12-13 03:49:42.627156,Health,audio,11,257.0,completed,4.0,False
C000608,U0137,A014,2026-03-11 21:42:43.592383,Health,video,14,333.0,completed,4.0,False
C000609,U0137,A003,2026-04-25 22:17:14.089550,Family,chat,12,330.0,completed,3.0,False
C000610,U0137,A014,2026-06-19 12:05:53.382692,General Vedic,chat,7,172.0,completed,4.0,False
C000611,U0137,A012,2026-06-20 12:05:53.382692,Health,audio,9,154.0,completed,4.0,False
C000612,U0138,A026,2026-01-12 00:00:00.000000,Family,chat,10,0.0,completed,2.0,True
C000613,U0138,A023,2026-02-27 22:56:20.241624,Finance,chat,3,55.0,completed,3.0,False
C000614,U0138,A023,2026-03-11 08:38:49.570017,Marriage,audio,17,318.0,dropped,,False
C000615,U0138,A023,2026-04-24 10:55:06.181935,Finance,video,15,286.0,completed,3.0,False
C000616,U0138,A023,2026-05-13 02:32:50.269836,Finance,chat,4,78.0,completed,4.0,False
C000617,U0138,A017,2026-06-16 23:11:31.461205,Finance,audio,14,339.0,completed,4.0,False
C000618,U0138,A011,2026-06-21 17:57:45.373838,Finance,video,14,392.0,completed,4.0,False
C000619,U0138,A023,2026-07-07 07:29:39.167653,Relationship,audio,13,267.0,completed,5.0,False
C000620,U0138,A030,2026-07-28 07:10:11.390452,Finance,audio,13,271.0,completed,2.0,False
C000621,U0139,A005,2026-01-22 00:00:00.000000,Marriage,audio,11,0.0,failed,,True
C000622,U0140,A026,2025-11-08 00:00:00.000000,Marriage,video,11,0.0,completed,3.0,True
C000623,U0141,A022,2025-12-05 00:00:00.000000,Relationship,video,4,0.0,completed,3.0,True
C000624,U0142,A003,2026-05-28 00:00:00.000000,Career,audio,14,0.0,completed,4.0,True
C000625,U0143,A013,2026-01-21 00:00:00.000000,Relationship,video,12,0.0,completed,4.0,True
C000626,U0143,A014,2026-02-10 10:09:39.678611,General Vedic,audio,15,337.0,completed,5.0,False
C000627,U0143,A030,2026-03-20 12:59:48.520983,Relationship,chat,15,281.0,completed,3.0,False
C000628,U0143,A028,2026-05-17 23:41:29.639388,Marriage,audio,4,64.0,completed,5.0,False
C000629,U0143,A028,2026-07-14 09:39:58.564872,Relationship,chat,9,146.0,completed,4.0,False
C000630,U0144,A020,2026-04-11 00:00:00.000000,Health,chat,3,0.0,completed,4.0,True
C000631,U0145,A025,2026-03-19 00:00:00.000000,Career,chat,6,0.0,completed,3.0,True
C000632,U0146,A014,2026-01-04 00:00:00.000000,Relationship,audio,17,0.0,completed,5.0,True
C000633,U0146,A008,2026-01-05 00:00:00.000000,Relationship,chat,3,46.0,failed,,False
C000634,U0146,A029,2026-01-20 15:18:01.303044,General Vedic,audio,10,94.0,completed,3.0,False
C000635,U0146,A029,2026-03-02 05:47:12.640288,Relationship,audio,17,162.0,completed,2.0,False
C000636,U0146,A029,2026-03-31 15:32:10.970079,Relationship,chat,4,39.0,failed,,False
C000637,U0146,A003,2026-05-04 03:15:24.801126,Relationship,audio,12,330.0,completed,4.0,False
C000638,U0146,A002,2026-05-09 10:53:52.053676,Health,audio,14,345.0,completed,2.0,False
C000639,U0146,A029,2026-06-03 19:09:56.345417,Relationship,chat,7,72.0,completed,4.0,False
C000640,U0146,A029,2026-06-24 00:54:55.173691,Family,audio,16,167.0,completed,3.0,False
C000641,U0146,A029,2026-06-30 04:23:19.958169,Relationship,chat,3,32.0,completed,4.0,False
C000642,U0146,A029,2026-07-07 15:17:13.080977,Relationship,chat,11,119.0,completed,3.0,False
C000643,U0146,A003,2026-07-27 08:50:36.189988,Relationship,audio,11,336.0,completed,4.0,False
C000644,U0147,A027,2025-08-29 00:00:00.000000,General Vedic,video,11,0.0,completed,4.0,True
C000645,U0147,A027,2025-11-04 14:29:40.671900,Finance,chat,3,55.0,completed,4.0,False
C000646,U0147,A027,2025-11-05 14:29:40.671900,Health,chat,3,56.0,completed,4.0,False
C000647,U0147,A011,2025-12-26 23:33:35.955906,General Vedic,chat,11,292.0,completed,4.0,False
C000648,U0147,A027,2026-01-13 16:11:59.474085,General Vedic,video,20,389.0,completed,4.0,False
C000649,U0147,A027,2026-02-01 11:21:50.094153,Family,chat,16,317.0,completed,3.0,False
C000650,U0147,A027,2026-04-10 04:18:43.275620,General Vedic,chat,3,60.0,completed,3.0,False
C000651,U0147,A024,2026-06-13 15:04:54.836640,Marriage,audio,12,246.0,completed,4.0,False
C000652,U0148,A013,2025-11-08 00:00:00.000000,Finance,video,13,0.0,completed,3.0,True
C000653,U0149,A023,2026-02-28 00:00:00.000000,Career,chat,3,0.0,completed,5.0,True
C000654,U0150,A009,2026-05-02 00:00:00.000000,Family,audio,17,0.0,completed,3.0,True
C000655,U0151,A018,2026-04-04 00:00:00.000000,Finance,chat,7,0.0,completed,3.0,True
C000656,U0152,A021,2025-11-28 00:00:00.000000,Family,chat,9,0.0,completed,5.0,True
C000657,U0152,A007,2025-12-19 10:34:11.563548,Health,audio,3,76.0,completed,3.0,False
C000658,U0152,A022,2026-02-10 05:25:06.755963,Health,audio,10,260.0,completed,4.0,False
C000659,U0152,A022,2026-04-02 16:23:43.845634,General Vedic,chat,6,159.0,completed,4.0,False
C000660,U0152,A022,2026-05-04 08:38:46.290206,Health,chat,13,351.0,completed,3.0,False
C000661,U0152,A010,2026-06-24 11:56:12.988704,Health,audio,11,109.0,completed,4.0,False
C000662,U0153,A023,2026-04-04 00:00:00.000000,General Vedic,video,14,0.0,completed,4.0,True
C000663,U0154,A007,2025-08-10 00:00:00.000000,General Vedic,chat,6,0.0,completed,3.0,True
C000664,U0155,A009,2026-03-10 00:00:00.000000,Career,chat,3,0.0,completed,4.0,True
C000665,U0155,A011,2026-03-14 02:57:37.686155,Career,chat,9,230.0,completed,3.0,False
C000666,U0155,A010,2026-05-05 18:08:11.045242,Career,audio,10,94.0,completed,4.0,False
C000667,U0155,A011,2026-05-06 18:08:11.045242,Relationship,chat,3,80.0,completed,3.0,False
C000668,U0155,A026,2026-07-08 14:17:28.119882,Marriage,audio,13,168.0,completed,5.0,False
C000669,U0156,A011,2026-04-09 00:00:00.000000,Career,chat,6,0.0,completed,4.0,True
C000670,U0157,A016,2025-09-03 00:00:00.000000,Family,audio,14,0.0,completed,3.0,True
C000671,U0157,A021,2025-09-24 19:36:39.013108,Family,audio,5,112.0,completed,4.0,False
C000672,U0157,A021,2025-11-26 08:32:57.768768,Relationship,chat,3,69.0,failed,,False
C000673,U0157,A004,2026-02-13 04:59:39.079971,General Vedic,chat,3,57.0,completed,5.0,False
C000674,U0157,A021,2026-03-13 12:17:27.451149,Health,audio,10,238.0,completed,5.0,False
C000675,U0157,A021,2026-03-26 02:55:58.790383,Relationship,audio,10,242.0,completed,4.0,False
C000676,U0157,A028,2026-05-31 19:36:09.857881,Family,chat,8,134.0,completed,3.0,False
C000677,U0157,A021,2026-07-17 10:29:19.307121,General Vedic,chat,12,301.0,completed,5.0,False
C000678,U0158,A024,2025-10-19 00:00:00.000000,Health,audio,5,0.0,completed,4.0,True
C000679,U0158,A008,2025-11-25 06:28:05.566271,Family,chat,10,153.0,completed,4.0,False
C000680,U0158,A018,2026-03-04 07:15:48.966452,Family,chat,9,84.0,completed,4.0,False
C000681,U0158,A008,2026-03-13 08:32:28.964783,Family,chat,17,270.0,completed,4.0,False
C000682,U0158,A008,2026-04-21 06:47:00.283704,Relationship,audio,15,243.0,completed,4.0,False
C000683,U0158,A008,2026-06-12 18:13:45.403063,Family,audio,9,148.0,completed,5.0,False
C000684,U0159,A016,2025-09-22 00:00:00.000000,Career,audio,10,0.0,completed,4.0,True
C000685,U0160,A023,2026-01-01 00:00:00.000000,General Vedic,chat,9,0.0,completed,4.0,True
C000686,U0160,A018,2026-01-10 21:01:18.940950,Finance,chat,10,92.0,completed,4.0,False
C000687,U0160,A018,2026-02-07 01:01:13.150290,General Vedic,video,20,187.0,completed,4.0,False
C000688,U0160,A024,2026-02-08 01:01:13.150290,General Vedic,chat,3,57.0,completed,4.0,False
C000689,U0160,A018,2026-03-13 05:25:38.871981,General Vedic,chat,10,97.0,completed,3.0,False
C000690,U0160,A021,2026-03-14 05:25:38.871981,General Vedic,audio,10,242.0,completed,5.0,False
C000691,U0160,A005,2026-03-19 06:38:06.411524,General Vedic,chat,6,148.0,completed,5.0,False
C000692,U0160,A018,2026-04-09 17:12:30.862242,General Vedic,audio,16,164.0,completed,4.0,False
C000693,U0160,A018,2026-04-24 22:58:34.810315,Marriage,chat,3,31.0,completed,4.0,False
C000694,U0160,A018,2026-04-25 22:58:34.810315,General Vedic,audio,18,191.0,failed,,False
C000695,U0160,A018,2026-05-04 20:52:53.443574,General Vedic,chat,3,32.0,completed,3.0,False
C000696,U0160,A012,2026-05-26 07:16:03.779845,General Vedic,chat,3,55.0,completed,5.0,False
C000697,U0160,A025,2026-05-28 15:47:36.525497,General Vedic,chat,9,279.0,completed,3.0,False
C000698,U0160,A024,2026-06-04 23:25:42.421250,General Vedic,audio,17,386.0,completed,3.0,False
C000699,U0160,A017,2026-06-12 23:13:27.515783,General Vedic,audio,14,394.0,completed,4.0,False
C000700,U0160,A018,2026-06-28 00:18:14.374135,General Vedic,chat,5,58.0,completed,3.0,False
C000701,U0160,A018,2026-07-10 21:54:06.105326,Career,chat,12,143.0,completed,3.0,False
C000702,U0160,A018,2026-08-04 09:28:47.094307,General Vedic,video,15,181.0,completed,3.0,False
C000703,U0161,A028,2026-01-27 00:00:00.000000,Marriage,audio,13,0.0,completed,4.0,True
C000704,U0161,A011,2026-02-13 09:12:11.564742,Career,chat,7,178.0,completed,2.0,False
C000705,U0161,A011,2026-03-22 19:23:59.897725,Career,chat,11,286.0,completed,3.0,False
C000706,U0161,A011,2026-04-09 04:36:22.638438,Career,audio,11,292.0,completed,4.0,False
C000707,U0161,A011,2026-05-02 00:21:27.857198,Career,chat,7,189.0,completed,4.0,False
C000708,U0161,A017,2026-05-24 00:15:48.978144,Career,audio,27,653.0,completed,3.0,False
C000709,U0161,A011,2026-06-07 12:35:06.582697,Career,video,19,532.0,completed,4.0,False
C000710,U0161,A011,2026-07-15 11:41:54.815907,Finance,chat,9,256.0,completed,3.0,False
C000711,U0162,A011,2025-12-16 00:00:00.000000,Health,chat,4,0.0,completed,4.0,True
C000712,U0162,A013,2026-02-21 10:27:59.112744,Health,chat,3,28.0,completed,3.0,False
C000713,U0162,A013,2026-03-28 04:55:58.466168,Health,audio,16,150.0,completed,3.0,False
C000714,U0162,A013,2026-07-01 01:26:17.532749,Health,audio,12,114.0,completed,3.0,False
C000715,U0163,A013,2026-06-04 00:00:00.000000,Marriage,video,8,0.0,completed,4.0,True
C000716,U0164,A026,2025-11-28 00:00:00.000000,Finance,video,8,0.0,completed,4.0,True
C000717,U0164,A004,2026-03-09 21:15:51.338727,Relationship,audio,13,239.0,completed,4.0,False
C000718,U0164,A001,2026-07-22 11:50:23.282258,Marriage,chat,11,286.0,completed,3.0,False
C000719,U0165,A030,2025-09-30 00:00:00.000000,Health,chat,11,0.0,completed,2.0,True
C000720,U0165,A010,2025-11-15 18:57:54.772279,Relationship,video,9,83.0,completed,5.0,False
C000721,U0165,A022,2025-12-15 08:46:48.138301,Relationship,chat,8,208.0,completed,3.0,False
C000722,U0165,A025,2025-12-16 08:46:48.138301,General Vedic,chat,11,292.0,dropped,,False
C000723,U0165,A022,2026-03-28 22:54:06.537475,Health,chat,8,216.0,completed,3.0,False
C000724,U0165,A023,2026-04-19 00:12:29.423552,Relationship,chat,10,198.0,completed,3.0,False
C000725,U0165,A022,2026-06-10 00:57:46.892943,General Vedic,chat,17,476.0,completed,4.0,False
C000726,U0166,A016,2025-12-11 00:00:00.000000,Marriage,chat,7,0.0,completed,5.0,True
C000727,U0166,A006,2026-02-09 23:43:31.406844,Marriage,chat,6,73.0,completed,5.0,False
C000728,U0166,A009,2026-03-10 06:44:57.848919,Family,chat,13,338.0,completed,4.0,False
C000729,U0166,A008,2026-04-12 14:34:14.989977,Family,audio,9,143.0,completed,4.0,False
C000730,U0166,A005,2026-05-27 21:41:56.482726,Marriage,audio,14,333.0,completed,4.0,False
C000731,U0166,A005,2026-07-14 05:53:08.256555,Finance,audio,6,145.0,completed,4.0,False
C000732,U0167,A026,2025-08-04 00:00:00.000000,Family,chat,6,0.0,completed,4.0,True
C000733,U0168,A013,2026-05-19 00:00:00.000000,Finance,video,8,0.0,completed,4.0,True
C000734,U0169,A001,2025-07-17 00:00:00.000000,Finance,audio,12,0.0,completed,2.0,True
C000735,U0169,A020,2025-07-21 22:23:17.266546,Family,audio,14,257.0,completed,3.0,False
C000736,U0169,A001,2025-08-19 09:28:05.275265,Family,audio,16,416.0,completed,3.0,False
C000737,U0169,A001,2025-09-30 11:51:02.827959,Relationship,chat,9,238.0,completed,3.0,False
C000738,U0169,A001,2025-10-29 01:42:52.009007,Family,chat,11,297.0,completed,2.0,False
C000739,U0169,A001,2025-11-20 00:15:16.220442,General Vedic,chat,5,138.0,completed,4.0,False
C000740,U0169,A023,2025-12-30 20:46:27.651439,Career,chat,3,60.0,completed,4.0,False
C000741,U0169,A001,2026-03-19 18:20:20.759637,General Vedic,audio,10,285.0,completed,4.0,False
C000742,U0169,A001,2026-04-12 18:28:06.899096,Family,video,12,348.0,completed,3.0,False
C000743,U0169,A001,2026-05-17 21:16:00.855282,Career,chat,16,472.0,completed,3.0,False
C000744,U0169,A001,2026-07-01 12:53:09.438082,Relationship,audio,8,240.0,completed,4.0,False
C000745,U0169,A003,2026-08-04 08:58:14.788154,Relationship,chat,8,244.0,completed,3.0,False
C000746,U0170,A003,2025-08-14 00:00:00.000000,Family,video,19,0.0,completed,3.0,True
C000747,U0170,A027,2025-10-02 07:58:43.622045,Family,video,13,239.0,completed,4.0,False
C000748,U0170,A027,2025-10-12 02:25:22.752281,Family,video,13,243.0,completed,4.0,False
C000749,U0170,A027,2025-10-31 20:38:57.035308,Family,chat,13,248.0,completed,5.0,False
C000750,U0170,A027,2025-11-27 01:43:43.110080,Finance,chat,10,194.0,completed,4.0,False
C000751,U0170,A010,2025-12-21 11:55:19.685446,Family,audio,9,89.0,completed,5.0,False
C000752,U0170,A027,2026-01-26 17:03:35.554891,Relationship,chat,6,121.0,completed,4.0,False
C000753,U0170,A027,2026-02-22 05:28:59.012058,Family,audio,13,267.0,completed,4.0,False
C000754,U0170,A027,2026-03-16 17:20:23.848027,Family,audio,13,271.0,completed,3.0,False
C000755,U0170,A027,2026-03-27 16:43:04.687455,Career,chat,6,127.0,completed,3.0,False
C000756,U0170,A027,2026-04-05 18:25:33.307289,Family,video,17,367.0,completed,5.0,False
C000757,U0170,A027,2026-04-16 23:27:29.002902,Career,chat,8,176.0,completed,4.0,False
C000758,U0170,A001,2026-05-05 02:50:25.980767,Family,chat,12,372.0,completed,2.0,False
C000759,U0170,A027,2026-06-05 05:37:46.012566,Family,video,14,318.0,completed,3.0,False
C000760,U0170,A027,2026-06-25 06:52:01.833203,Family,chat,6,138.0,completed,4.0,False
C000761,U0170,A027,2026-07-23 15:14:34.193716,Family,chat,4,94.0,completed,3.0,False
C000762,U0170,A027,2026-08-07 01:33:29.495356,Relationship,audio,20,475.0,completed,4.0,False
C000763,U0171,A003,2025-12-26 00:00:00.000000,Marriage,chat,3,0.0,completed,3.0,True
C000764,U0171,A007,2026-01-21 08:54:15.909808,Health,audio,13,332.0,completed,3.0,False
C000765,U0171,A007,2026-04-09 07:54:21.490718,General Vedic,chat,6,156.0,completed,3.0,False
C000766,U0171,A007,2026-04-10 10:09:32.838668,General Vedic,audio,11,292.0,completed,3.0,False
C000767,U0171,A022,2026-05-04 09:25:40.579807,Health,chat,3,81.0,completed,3.0,False
C000768,U0171,A024,2026-05-27 05:55:42.593850,General Vedic,chat,5,99.0,completed,4.0,False
C000769,U0171,A027,2026-07-03 10:52:16.262591,General Vedic,chat,3,60.0,completed,4.0,False
C000770,U0171,A007,2026-07-28 09:01:13.713498,General Vedic,chat,12,342.0,dropped,,False
C000771,U0172,A008,2025-09-27 00:00:00.000000,Career,video,15,0.0,completed,4.0,True
C000772,U0172,A019,2025-10-23 02:20:46.493590,Family,chat,13,292.0,completed,4.0,False
C000773,U0172,A013,2025-12-08 18:25:09.926059,Career,video,18,168.0,completed,3.0,False
C000774,U0172,A028,2025-12-30 14:34:25.900653,Career,chat,12,191.0,completed,3.0,False
C000775,U0172,A019,2026-01-15 20:19:57.957914,Career,chat,11,261.0,completed,3.0,False
C000776,U0172,A019,2026-02-17 02:00:49.634561,Career,audio,20,484.0,completed,4.0,False
C000777,U0172,A019,2026-04-15 17:22:58.643225,Career,audio,11,271.0,completed,3.0,False
C000778,U0172,A019,2026-04-16 17:22:58.643225,Family,chat,15,376.0,completed,5.0,False
C000779,U0172,A019,2026-05-12 19:26:55.439568,Health,chat,9,230.0,completed,3.0,False
C000780,U0172,A019,2026-05-23 16:52:21.077682,Finance,chat,14,363.0,completed,2.0,False
C000781,U0172,A019,2026-06-08 01:30:58.978195,Finance,chat,3,79.0,completed,4.0,False
C000782,U0173,A001,2026-01-17 00:00:00.000000,Family,chat,11,0.0,completed,4.0,True
C000783,U0173,A012,2026-02-23 09:43:22.957121,Family,video,7,107.0,completed,4.0,False
C000784,U0173,A012,2026-02-24 09:43:22.957121,Family,chat,3,47.0,completed,4.0,False
C000785,U0173,A028,2026-05-27 18:44:39.550971,Finance,chat,6,95.0,completed,5.0,False
C000786,U0173,A024,2026-07-05 04:45:34.509725,Family,chat,11,214.0,completed,4.0,False
C000787,U0174,A023,2026-06-09 00:00:00.000000,Finance,audio,17,0.0,completed,5.0,True
C000788,U0174,A005,2026-06-21 23:19:14.540687,Finance,video,8,180.0,completed,4.0,False
C000789,U0174,A005,2026-07-12 01:32:10.727004,Health,audio,12,275.0,completed,5.0,False
C000790,U0174,A005,2026-07-19 17:11:37.406175,Family,chat,10,233.0,dropped,,False
C000791,U0174,A005,2026-07-26 22:27:13.676864,Relationship,audio,3,71.0,completed,4.0,False
C000792,U0174,A005,2026-08-01 22:03:35.348257,General Vedic,audio,7,169.0,completed,5.0,False
C000793,U0174,A005,2026-08-02 22:03:35.348257,Finance,audio,5,123.0,completed,5.0,False
C000794,U0174,A019,2026-08-14 10:16:54.101521,Finance,audio,3,75.0,completed,3.0,False
C000795,U0175,A026,2026-02-12 00:00:00.000000,Marriage,chat,6,0.0,completed,5.0,True
C000796,U0175,A003,2026-04-25 07:14:17.351347,Finance,chat,13,332.0,completed,2.0,False
C000797,U0175,A003,2026-06-25 01:32:24.618625,General Vedic,audio,5,130.0,completed,3.0,False
C000798,U0175,A003,2026-06-26 01:32:24.618625,Marriage,video,10,265.0,completed,4.0,False
C000799,U0175,A003,2026-07-05 17:40:23.129396,Marriage,chat,8,216.0,completed,4.0,False
C000800,U0175,A003,2026-07-28 15:55:19.586890,Marriage,audio,14,385.0,completed,3.0,False
C000801,U0176,A026,2026-02-01 00:00:00.000000,Career,chat,8,0.0,completed,4.0,True
C000802,U0177,A013,2026-03-10 00:00:00.000000,Relationship,chat,8,0.0,completed,3.0,True
C000803,U0178,A001,2025-10-27 00:00:00.000000,Relationship,chat,5,0.0,failed,,True
C000804,U0179,A022,2025-07-23 00:00:00.000000,Marriage,audio,7,0.0,completed,4.0,True
C000805,U0180,A026,2026-04-20 00:00:00.000000,Finance,audio,17,0.0,completed,4.0,True
C000806,U0181,A027,2025-08-24 00:00:00.000000,Finance,audio,14,0.0,dropped,,True
C000807,U0181,A004,2025-10-20 23:13:43.664822,Family,audio,10,184.0,completed,4.0,False
C000808,U0181,A012,2026-01-17 12:48:53.024903,Family,chat,5,78.0,completed,4.0,False
C000809,U0181,A012,2026-04-29 20:15:18.342071,Family,chat,3,48.0,completed,4.0,False
C000810,U0181,A012,2026-06-03 07:49:07.612940,Family,video,15,243.0,completed,4.0,False
C000811,U0182,A021,2026-05-10 00:00:00.000000,General Vedic,audio,16,0.0,completed,3.0,True
C000812,U0182,A028,2026-05-25 16:45:08.638351,Marriage,audio,11,168.0,completed,3.0,False
C000813,U0182,A028,2026-06-09 03:02:28.725877,Career,audio,6,94.0,completed,4.0,False
C000814,U0182,A028,2026-06-18 12:33:02.904133,General Vedic,video,7,111.0,completed,4.0,False
C000815,U0182,A028,2026-07-24 14:04:46.088621,General Vedic,audio,14,227.0,dropped,,False
C000816,U0182,A028,2026-07-25 18:09:50.393719,General Vedic,chat,3,50.0,completed,5.0,False
C000817,U0183,A005,2025-11-28 00:00:00.000000,General Vedic,audio,11,0.0,completed,4.0,True
C000818,U0183,A022,2025-12-13 21:53:56.040496,Finance,chat,7,178.0,completed,4.0,False
C000819,U0183,A022,2025-12-25 08:52:34.048062,General Vedic,audio,21,546.0,completed,5.0,False
C000820,U0183,A025,2026-01-14 07:16:12.895050,Finance,chat,4,106.0,completed,3.0,False
C000821,U0183,A022,2026-01-31 04:47:06.549539,Family,chat,16,432.0,completed,4.0,False
C000822,U0183,A022,2026-02-19 19:50:19.442429,Finance,chat,4,110.0,completed,3.0,False
C000823,U0183,A022,2026-03-01 17:48:12.253333,Finance,chat,8,224.0,completed,3.0,False
C000824,U0183,A022,2026-03-24 18:22:25.251134,Marriage,audio,5,143.0,completed,3.0,False
C000825,U0183,A022,2026-03-28 17:33:39.490888,Finance,chat,6,174.0,completed,3.0,False
C000826,U0183,A018,2026-04-21 02:25:56.823078,Finance,video,9,96.0,completed,5.0,False
C000827,U0183,A015,2026-05-01 16:21:56.069771,Finance,chat,9,238.0,completed,4.0,False
C000828,U0183,A022,2026-05-21 20:45:17.209750,General Vedic,audio,13,396.0,completed,3.0,False
C000829,U0183,A022,2026-05-29 16:43:22.444461,Finance,audio,12,372.0,completed,3.0,False
C000830,U0183,A006,2026-07-07 12:17:21.188987,Finance,audio,11,166.0,completed,4.0,False
C000831,U0183,A030,2026-07-26 15:47:33.987741,Finance,chat,4,92.0,completed,3.0,False
C000832,U0183,A022,2026-08-10 17:40:21.834605,Marriage,chat,13,422.0,completed,3.0,False
C000833,U0184,A005,2026-05-23 00:00:00.000000,Finance,audio,18,0.0,completed,3.0,True
C000834,U0185,A023,2026-05-24 00:00:00.000000,Finance,video,19,0.0,completed,4.0,True
C000835,U0186,A005,2026-03-23 00:00:00.000000,Relationship,audio,10,0.0,completed,4.0,True
C000836,U0186,A007,2026-05-01 06:08:36.845535,Relationship,audio,12,306.0,completed,3.0,False
C000837,U0186,A007,2026-07-06 18:40:58.175530,Relationship,chat,7,182.0,completed,4.0,False
C000838,U0187,A030,2026-06-06 00:00:00.000000,Career,chat,9,0.0,completed,4.0,True
C000839,U0187,A003,2026-06-29 12:15:07.966414,Career,audio,10,255.0,completed,2.0,False
C000840,U0188,A004,2025-09-30 00:00:00.000000,General Vedic,audio,13,0.0,completed,4.0,True
C000841,U0188,A014,2025-11-02 07:19:18.465170,Relationship,chat,12,269.0,completed,3.0,False
C000842,U0188,A002,2025-12-19 05:00:50.483419,Career,chat,3,69.0,completed,4.0,False
C000843,U0188,A014,2026-02-02 20:10:55.668683,Family,audio,12,280.0,completed,4.0,False
C000844,U0188,A014,2026-02-24 13:35:22.461463,Relationship,chat,3,71.0,completed,4.0,False
C000845,U0188,A014,2026-04-13 17:21:30.715453,Health,audio,17,411.0,completed,5.0,False
C000846,U0188,A014,2026-05-22 05:21:07.857156,Health,chat,6,148.0,completed,4.0,False
C000847,U0188,A014,2026-07-07 05:54:46.612553,Health,chat,3,75.0,completed,4.0,False
C000848,U0188,A014,2026-08-14 11:04:17.343277,Health,audio,8,204.0,completed,4.0,False
C000849,U0189,A010,2025-11-07 00:00:00.000000,Family,chat,6,0.0,completed,3.0,True
C000850,U0190,A006,2026-02-01 00:00:00.000000,Health,chat,3,0.0,completed,4.0,True
C000851,U0190,A009,2026-02-08 15:06:58.630101,Relationship,chat,15,382.0,completed,3.0,False
C000852,U0190,A009,2026-02-09 15:06:58.630101,Relationship,chat,3,78.0,completed,3.0,False
C000853,U0190,A009,2026-02-24 21:48:55.011131,Family,chat,5,132.0,completed,4.0,False
C000854,U0190,A009,2026-03-15 10:59:26.436315,Relationship,video,5,135.0,completed,3.0,False
C000855,U0190,A009,2026-04-17 14:47:55.748769,Relationship,audio,8,220.0,completed,4.0,False
C000856,U0190,A027,2026-04-24 10:38:09.926674,Relationship,audio,10,202.0,completed,4.0,False
C000857,U0190,A009,2026-06-02 01:13:43.886341,Relationship,chat,3,86.0,completed,3.0,False
C000858,U0190,A009,2026-06-21 00:26:50.913731,Relationship,chat,13,377.0,completed,4.0,False
C000859,U0190,A012,2026-06-29 16:48:27.450487,Relationship,chat,5,88.0,completed,4.0,False
C000860,U0190,A009,2026-07-07 01:05:50.548581,Relationship,video,19,570.0,completed,4.0,False
C000861,U0190,A009,2026-07-16 20:30:48.108020,Relationship,chat,10,305.0,completed,4.0,False
C000862,U0190,A009,2026-08-05 15:52:11.007462,Relationship,audio,14,434.0,completed,3.0,False
C000863,U0191,A023,2026-03-08 00:00:00.000000,Health,chat,9,0.0,completed,4.0,True
C000864,U0192,A004,2026-04-28 00:00:00.000000,Marriage,chat,5,0.0,completed,4.0,True
C000865,U0192,A007,2026-05-19 15:43:12.092517,Marriage,chat,3,76.0,completed,4.0,False
C000866,U0192,A007,2026-05-24 02:24:45.427895,Relationship,chat,9,234.0,completed,3.0,False
C000867,U0192,A007,2026-06-02 21:10:21.475842,Marriage,audio,11,292.0,completed,3.0,False
C000868,U0192,A007,2026-06-22 03:49:16.146346,Relationship,chat,8,216.0,completed,5.0,False
C000869,U0192,A007,2026-07-08 04:34:59.766113,Career,audio,9,248.0,completed,3.0,False
C000870,U0192,A005,2026-08-06 17:45:58.930742,Marriage,audio,14,345.0,completed,5.0,False
C000871,U0193,A027,2026-02-18 00:00:00.000000,Career,video,3,0.0,completed,4.0,True
C000872,U0193,A018,2026-04-15 22:57:37.698484,Career,audio,11,101.0,completed,4.0,False
C000873,U0193,A006,2026-06-10 21:43:28.936642,Marriage,audio,11,137.0,completed,3.0,False
C000874,U0193,A006,2026-07-24 21:44:14.140823,Marriage,audio,6,76.0,completed,3.0,False
C000875,U0194,A017,2026-05-06 00:00:00.000000,Career,chat,6,0.0,completed,4.0,True
C000876,U0194,A001,2026-05-18 18:58:07.759689,Career,video,5,128.0,completed,3.0,False
C000877,U0194,A001,2026-06-05 22:09:12.012366,Health,audio,10,260.0,completed,3.0,False
C000878,U0194,A021,2026-06-16 02:40:50.454952,Career,chat,16,373.0,completed,4.0,False
C000879,U0194,A026,2026-06-17 12:43:09.728163,Career,chat,3,39.0,completed,3.0,False
C000880,U0194,A001,2026-08-04 06:02:09.541431,Career,video,8,220.0,dropped,,False
C000881,U0195,A025,2025-08-25 00:00:00.000000,Relationship,chat,8,0.0,completed,3.0,True
C000882,U0196,A009,2026-06-06 00:00:00.000000,Relationship,chat,8,0.0,completed,3.0,True
C000883,U0196,A002,2026-07-04 17:17:40.842129,Marriage,chat,6,135.0,completed,2.0,False
C000884,U0196,A002,2026-08-02 04:39:40.598168,Marriage,chat,3,69.0,completed,3.0,False
C000885,U0197,A014,2025-09-04 00:00:00.000000,Marriage,chat,6,0.0,completed,4.0,True
C000886,U0198,A024,2025-07-18 00:00:00.000000,Career,chat,3,0.0,completed,4.0,True
C000887,U0198,A022,2026-03-14 19:54:19.569084,Career,chat,14,357.0,completed,4.0,False
C000888,U0199,A005,2026-06-01 00:00:00.000000,Relationship,chat,4,0.0,completed,4.0,True
C000889,U0200,A002,2025-09-27 00:00:00.000000,Marriage,audio,3,0.0,completed,3.0,True
C000890,U0201,A018,2025-12-14 00:00:00.000000,Marriage,audio,20,0.0,completed,4.0,True
C000891,U0202,A013,2025-07-15 00:00:00.000000,Health,video,8,0.0,completed,3.0,True
C000892,U0203,A004,2025-11-10 00:00:00.000000,Health,chat,12,0.0,failed,,True
C000893,U0203,A025,2025-12-01 21:18:19.215709,Finance,audio,10,255.0,completed,3.0,False
C000894,U0203,A004,2026-01-16 14:56:27.739988,Finance,chat,9,168.0,completed,4.0,False
C000895,U0203,A004,2026-02-22 16:10:05.898197,Marriage,audio,12,229.0,completed,3.0,False
C000896,U0203,A016,2026-04-14 10:20:42.588904,Marriage,video,7,189.0,completed,3.0,False
C000897,U0203,A004,2026-05-22 20:06:26.489320,Finance,chat,11,218.0,completed,4.0,False
C000898,U0203,A004,2026-06-28 18:50:24.159089,Relationship,chat,5,101.0,completed,4.0,False
C000899,U0203,A004,2026-08-01 17:34:10.881956,Health,audio,3,62.0,completed,4.0,False
C000900,U0204,A009,2026-03-02 00:00:00.000000,Family,audio,8,0.0,completed,4.0,True
C000901,U0204,A004,2026-03-27 03:00:00.569226,Marriage,audio,3,55.0,completed,5.0,False
C000902,U0204,A004,2026-05-03 20:47:44.045931,Marriage,chat,10,187.0,completed,4.0,False
C000903,U0204,A004,2026-07-07 09:27:56.281603,Relationship,audio,13,248.0,completed,4.0,False
C000904,U0205,A010,2026-05-17 00:00:00.000000,General Vedic,chat,9,0.0,completed,4.0,True
C000905,U0206,A030,2025-11-05 00:00:00.000000,Marriage,chat,3,0.0,completed,4.0,True
C000906,U0206,A015,2025-12-02 05:21:02.666742,Relationship,chat,11,247.0,failed,,False
C000907,U0206,A027,2025-12-11 06:45:01.131635,Relationship,audio,6,112.0,completed,5.0,False
C000908,U0206,A015,2026-01-04 05:30:39.856531,General Vedic,audio,12,280.0,completed,4.0,False
C000909,U0206,A015,2026-01-17 20:54:43.701776,Relationship,chat,8,190.0,completed,4.0,False
C000910,U0206,A015,2026-03-05 11:06:15.800434,Health,video,9,218.0,completed,4.0,False
C000911,U0206,A015,2026-04-03 04:29:52.599330,Relationship,video,7,172.0,completed,4.0,False
C000912,U0206,A001,2026-04-21 22:17:23.504288,Relationship,chat,11,314.0,completed,4.0,False
C000913,U0206,A009,2026-06-10 03:24:11.181903,Relationship,audio,11,319.0,completed,4.0,False
C000914,U0206,A015,2026-06-25 20:40:18.650056,Finance,chat,16,415.0,completed,5.0,False
C000915,U0206,A015,2026-07-25 00:34:46.949507,Relationship,chat,10,264.0,completed,4.0,False
C000916,U0207,A009,2025-10-22 00:00:00.000000,Finance,chat,3,0.0,completed,4.0,True
C000917,U0207,A021,2025-10-23 00:00:00.000000,Relationship,audio,6,135.0,dropped,,False
C000918,U0207,A021,2025-10-28 11:08:19.399634,Finance,chat,7,160.0,completed,4.0,False
C000919,U0207,A005,2025-11-05 12:48:18.783809,Relationship,audio,14,326.0,completed,5.0,False
C000920,U0207,A010,2025-11-24 12:40:10.094229,Career,chat,14,136.0,completed,3.0,False
C000921,U0207,A021,2025-12-19 10:49:08.436290,Finance,audio,22,532.0,completed,4.0,False
C000922,U0207,A021,2025-12-31 19:58:57.007118,Health,audio,10,246.0,completed,5.0,False
C000923,U0207,A021,2026-01-28 11:30:12.763093,Finance,chat,9,226.0,completed,4.0,False
C000924,U0207,A021,2026-02-22 01:53:59.213932,Finance,chat,6,153.0,completed,5.0,False
C000925,U0207,A021,2026-03-04 19:41:01.250865,Finance,video,7,182.0,completed,5.0,False
C000926,U0207,A002,2026-03-21 01:42:23.049436,General Vedic,audio,18,475.0,completed,2.0,False
C000927,U0207,A021,2026-04-07 22:29:19.230437,Finance,chat,3,81.0,completed,4.0,False
C000928,U0207,A021,2026-04-19 02:25:52.363627,Finance,chat,7,191.0,completed,5.0,False
C000929,U0207,A021,2026-04-30 01:53:42.025854,General Vedic,chat,14,388.0,completed,4.0,False
C000930,U0207,A021,2026-05-11 19:25:49.204893,Finance,chat,11,310.0,completed,5.0,False
C000931,U0207,A011,2026-06-08 07:26:55.125554,Finance,video,6,195.0,completed,3.0,False
C000932,U0207,A021,2026-06-15 20:30:24.026559,General Vedic,chat,6,174.0,completed,5.0,False
C000933,U0207,A021,2026-07-12 22:55:32.192727,Health,chat,3,88.0,completed,5.0,False
C000934,U0207,A021,2026-08-09 22:07:31.380565,Finance,chat,3,90.0,completed,4.0,False
C000935,U0207,A021,2026-08-10 22:07:31.380565,Health,audio,17,516.0,completed,4.0,False
C000936,U0208,A013,2026-02-12 00:00:00.000000,Health,video,17,0.0,completed,4.0,True
C000937,U0208,A027,2026-05-18 19:02:23.643540,Relationship,audio,18,330.0,completed,3.0,False
C000938,U0208,A001,2026-07-20 08:13:40.383909,Health,chat,8,208.0,completed,2.0,False
C000939,U0209,A003,2026-02-01 00:00:00.000000,Career,audio,9,0.0,completed,4.0,True
C000940,U0209,A016,2026-04-01 02:38:18.012579,Career,video,17,434.0,completed,5.0,False
C000941,U0209,A006,2026-05-20 04:35:08.079698,Career,chat,8,100.0,completed,4.0,False
C000942,U0209,A016,2026-08-10 13:03:26.993124,Career,video,10,265.0,completed,3.0,False
C000943,U0210,A014,2026-02-27 00:00:00.000000,Finance,chat,4,0.0,completed,4.0,True
C000944,U0211,A019,2025-08-23 00:00:00.000000,Marriage,chat,23,0.0,completed,4.0,True
C000945,U0212,A022,2026-02-25 00:00:00.000000,Relationship,chat,3,0.0,completed,4.0,True
C000946,U0213,A030,2026-03-14 00:00:00.000000,Career,chat,4,0.0,completed,3.0,True
C000947,U0214,A015,2026-03-12 00:00:00.000000,Career,audio,20,0.0,completed,3.0,True
C000948,U0215,A004,2026-03-08 00:00:00.000000,Health,chat,5,0.0,completed,4.0,True
C000949,U0216,A013,2025-11-18 00:00:00.000000,Career,chat,7,0.0,completed,2.0,True
C000950,U0216,A012,2026-01-16 06:47:15.398814,Health,video,8,122.0,completed,4.0,False
C000951,U0216,A012,2026-03-29 02:55:46.057570,Health,audio,21,328.0,completed,4.0,False
C000952,U0216,A012,2026-06-03 06:03:29.941873,Relationship,chat,14,223.0,completed,4.0,False
C000953,U0216,A012,2026-07-12 22:28:22.286629,Health,chat,8,130.0,completed,3.0,False
C000954,U0217,A023,2026-02-14 00:00:00.000000,Relationship,chat,7,0.0,completed,4.0,True
C000955,U0217,A017,2026-05-03 07:41:14.350842,Health,chat,8,180.0,completed,4.0,False
C000956,U0217,A015,2026-05-04 07:41:14.350842,Relationship,audio,10,229.0,completed,4.0,False
C000957,U0218,A006,2026-01-21 00:00:00.000000,Career,chat,10,0.0,completed,3.0,True
C000958,U0218,A007,2026-02-24 13:19:41.266717,Relationship,audio,10,255.0,completed,2.0,False
C000959,U0218,A017,2026-03-20 00:30:37.435582,Relationship,audio,9,206.0,completed,3.0,False
C000960,U0218,A015,2026-04-07 22:05:51.602476,Relationship,chat,13,303.0,completed,4.0,False
C000961,U0218,A015,2026-05-10 12:02:22.203537,Relationship,audio,13,309.0,completed,4.0,False
C000962,U0218,A015,2026-07-23 10:44:14.852296,Career,video,14,339.0,completed,4.0,False
C000963,U0219,A004,2026-01-31 00:00:00.000000,General Vedic,video,13,0.0,completed,4.0,True
C000964,U0220,A014,2025-08-10 00:00:00.000000,Marriage,audio,10,0.0,completed,4.0,True
C000965,U0220,A016,2025-10-04 04:53:36.210218,General Vedic,chat,13,332.0,completed,4.0,False
C000966,U0220,A022,2026-01-10 02:24:47.418906,Marriage,audio,12,312.0,completed,3.0,False
C000967,U0221,A009,2025-10-27 00:00:00.000000,Relationship,video,6,0.0,failed,,True
C000968,U0221,A015,2026-01-04 04:43:13.091883,Relationship,chat,12,269.0,completed,4.0,False
C000969,U0221,A009,2026-01-24 20:00:15.878307,Health,audio,7,182.0,completed,5.0,False
C000970,U0221,A026,2026-03-29 22:58:38.849342,Relationship,chat,3,38.0,completed,5.0,False
C000971,U0221,A015,2026-05-22 05:03:23.506065,Relationship,chat,3,71.0,completed,3.0,False
C000972,U0221,A015,2026-07-15 03:12:47.590093,Relationship,audio,13,315.0,dropped,,False
C000973,U0222,A004,2026-03-29 00:00:00.000000,Relationship,audio,21,0.0,completed,3.0,True
C000974,U0223,A009,2025-12-09 00:00:00.000000,Health,chat,3,0.0,completed,3.0,True
C000975,U0223,A028,2025-12-10 00:00:00.000000,Finance,chat,14,214.0,completed,3.0,False
C000976,U0223,A028,2026-01-13 09:49:34.623395,Health,chat,10,156.0,completed,4.0,False
C000977,U0223,A028,2026-02-16 20:09:56.312323,Health,audio,13,207.0,completed,3.0,False
C000978,U0223,A028,2026-03-06 13:54:44.294086,General Vedic,chat,11,178.0,completed,5.0,False
C000979,U0223,A028,2026-03-11 20:54:39.964725,Health,audio,12,198.0,completed,3.0,False
C000980,U0223,A028,2026-03-15 22:11:29.265960,Health,chat,12,202.0,completed,3.0,False
C000981,U0223,A028,2026-04-19 21:40:41.168323,Health,audio,8,137.0,completed,4.0,False
C000982,U0223,A004,2026-05-30 11:28:19.659713,Health,chat,11,230.0,completed,4.0,False
C000983,U0223,A019,2026-07-03 12:00:15.845590,Marriage,chat,6,156.0,completed,3.0,False
C000984,U0223,A022,2026-07-12 11:38:21.784124,Health,chat,7,210.0,completed,4.0,False
C000985,U0223,A004,2026-08-03 15:59:03.016251,Health,audio,6,132.0,completed,4.0,False
C000986,U0224,A005,2026-04-22 00:00:00.000000,Relationship,chat,4,0.0,completed,4.0,True
C000987,U0224,A008,2026-05-04 16:58:56.259571,Career,chat,7,107.0,completed,5.0,False
C000988,U0224,A008,2026-06-07 12:59:33.634951,Finance,audio,15,234.0,completed,5.0,False
C000989,U0224,A008,2026-06-29 04:01:12.340524,Career,audio,9,143.0,completed,4.0,False
C000990,U0224,A008,2026-07-28 17:51:11.135229,Family,chat,6,97.0,completed,4.0,False
C000991,U0225,A016,2026-01-14 00:00:00.000000,Career,video,14,0.0,completed,4.0,True
C000992,U0226,A011,2025-07-12 00:00:00.000000,Family,video,5,0.0,completed,4.0,True
C000993,U0226,A005,2025-08-15 03:28:30.894589,Career,audio,12,269.0,completed,4.0,False
C000994,U0226,A005,2025-08-17 15:40:46.991330,Career,audio,9,206.0,completed,5.0,False
C000995,U0226,A005,2025-11-23 11:14:29.822961,Career,chat,3,70.0,completed,4.0,False
C000996,U0226,A004,2026-01-28 08:06:23.768254,Career,chat,9,175.0,completed,3.0,False
C000997,U0226,A005,2026-03-10 01:51:29.551217,Relationship,chat,17,411.0,failed,,False
C000998,U0226,A017,2026-05-27 02:53:32.291072,Career,audio,26,641.0,dropped,,False
C000999,U0226,A005,2026-07-13 01:22:55.062306,Family,video,15,376.0,completed,5.0,False
C001000,U0227,A026,2025-12-03 00:00:00.000000,Finance,chat,8,0.0,completed,4.0,True
C001001,U0228,A004,2025-09-23 00:00:00.000000,Relationship,audio,11,0.0,completed,5.0,True
C001002,U0229,A010,2026-03-27 00:00:00.000000,Finance,audio,5,0.0,completed,5.0,True
C001003,U0229,A028,2026-04-12 16:53:53.696684,Family,chat,4,61.0,completed,3.0,False
C001004,U0229,A004,2026-06-18 01:13:19.605764,General Vedic,chat,3,56.0,completed,4.0,False
C001005,U0229,A014,2026-06-19 01:13:19.605764,General Vedic,chat,8,187.0,completed,4.0,False
C001006,U0230,A012,2026-01-02 00:00:00.000000,Family,chat,7,0.0,completed,5.0,True
C001007,U0230,A014,2026-01-31 10:12:18.874363,Family,video,11,247.0,completed,3.0,False
C001008,U0230,A014,2026-03-02 00:37:54.016862,Health,video,5,114.0,completed,5.0,False
C001009,U0230,A014,2026-03-03 08:11:52.400223,Finance,audio,10,233.0,completed,4.0,False
C001010,U0230,A009,2026-03-17 05:38:59.847206,Family,chat,10,270.0,completed,4.0,False
C001011,U0230,A014,2026-03-18 05:38:59.847206,Family,audio,19,460.0,completed,4.0,False
C001012,U0230,A014,2026-05-20 02:05:56.740278,Family,video,13,320.0,completed,4.0,False
C001013,U0230,A026,2026-06-24 14:13:39.588217,Family,chat,13,178.0,completed,3.0,False
C001014,U0230,A014,2026-07-13 13:16:37.029171,Finance,chat,3,77.0,completed,5.0,False
C001015,U0230,A014,2026-07-30 16:33:40.334806,Family,audio,15,389.0,completed,4.0,False
C001016,U0230,A014,2026-07-31 16:33:40.334806,Family,audio,9,238.0,completed,4.0,False
C001017,U0230,A014,2026-08-11 05:46:19.285848,Family,audio,8,215.0,completed,4.0,False
C001018,U0230,A014,2026-08-14 00:07:56.518275,Family,chat,3,82.0,completed,5.0,False
C001019,U0231,A009,2026-02-28 00:00:00.000000,Career,audio,15,0.0,completed,3.0,True
C001020,U0231,A014,2026-03-17 14:25:09.799614,Career,audio,5,112.0,completed,4.0,False
C001021,U0231,A014,2026-03-31 16:11:18.843324,Career,chat,7,160.0,completed,4.0,False
C001022,U0231,A014,2026-04-11 15:09:37.745291,Career,chat,7,163.0,completed,4.0,False
C001023,U0231,A014,2026-04-22 05:26:14.595896,General Vedic,audio,25,594.0,completed,5.0,False
C001024,U0231,A014,2026-05-03 01:57:07.728588,Career,chat,13,315.0,completed,4.0,False
C001025,U0231,A014,2026-05-19 01:10:50.159853,Career,video,11,271.0,completed,4.0,False
C001026,U0232,A014,2026-03-01 00:00:00.000000,General Vedic,audio,13,0.0,completed,4.0,True
C001027,U0232,A023,2026-05-17 16:34:20.851103,Health,audio,12,220.0,completed,4.0,False
C001028,U0232,A025,2026-07-21 18:35:07.691594,Health,audio,9,234.0,completed,3.0,False
C001029,U0233,A008,2025-08-06 00:00:00.000000,Career,audio,9,0.0,completed,4.0,True
C001030,U0233,A026,2025-08-12 07:26:35.880138,Health,chat,17,208.0,completed,4.0,False
C001031,U0233,A014,2025-08-16 16:38:37.685220,Health,audio,20,458.0,completed,5.0,False
C001032,U0234,A002,2026-01-30 00:00:00.000000,Health,chat,12,0.0,completed,2.0,True
C001033,U0234,A024,2026-03-28 18:09:40.465662,Health,video,14,257.0,completed,5.0,False
C001034,U0234,A028,2026-06-20 16:15:55.973423,Health,chat,7,109.0,completed,3.0,False
C001035,U0235,A010,2026-03-04 00:00:00.000000,Career,audio,6,0.0,completed,3.0,True
C001036,U0236,A002,2026-04-28 00:00:00.000000,Career,audio,11,0.0,completed,2.0,True
C001037,U0237,A026,2025-10-10 00:00:00.000000,Health,chat,9,0.0,completed,3.0,True
C001038,U0237,A003,2025-12-01 09:11:34.268635,Health,audio,14,357.0,completed,4.0,False
C001039,U0237,A010,2026-01-02 17:45:53.416135,General Vedic,video,12,112.0,completed,5.0,False
C001040,U0237,A022,2026-01-03 17:45:53.416135,General Vedic,chat,8,212.0,completed,4.0,False
C001041,U0237,A005,2026-01-29 02:49:58.481015,Health,audio,11,261.0,completed,3.0,False
C001042,U0238,A006,2025-09-12 00:00:00.000000,Career,chat,14,0.0,completed,4.0,True
C001043,U0238,A012,2025-09-16 21:47:16.878622,Career,chat,3,46.0,completed,4.0,False
C001044,U0238,A012,2025-10-11 19:31:22.697048,Career,chat,11,172.0,completed,5.0,False
C001045,U0238,A012,2025-10-20 01:20:16.692400,Family,video,17,270.0,completed,5.0,False
C001046,U0238,A012,2025-11-06 02:07:17.329633,General Vedic,video,8,130.0,completed,3.0,False
C001047,U0238,A012,2025-12-01 12:58:32.953085,Career,video,13,215.0,completed,4.0,False
C001048,U0238,A012,2025-12-10 06:04:33.351421,Career,chat,4,67.0,completed,4.0,False
C001049,U0238,A012,2026-01-20 13:43:06.805422,Career,video,14,239.0,completed,4.0,False
C001050,U0238,A018,2026-02-15 19:05:41.476334,Finance,chat,3,31.0,completed,4.0,False
C001051,U0238,A003,2026-03-01 08:38:52.379939,Career,audio,8,236.0,completed,3.0,False
C001052,U0238,A012,2026-04-05 00:16:51.724872,Finance,audio,14,252.0,completed,5.0,False
C001053,U0238,A017,2026-04-16 18:44:11.926005,Career,audio,7,188.0,completed,5.0,False
C001054,U0238,A024,2026-05-19 14:04:34.426364,Career,audio,22,491.0,completed,4.0,False
C001055,U0238,A012,2026-05-26 14:40:49.915490,Career,audio,7,132.0,completed,5.0,False
C001056,U0238,A012,2026-06-18 10:05:34.583434,Finance,chat,3,58.0,completed,4.0,False
C001057,U0238,A012,2026-07-01 10:02:09.504643,Career,chat,3,58.0,completed,5.0,False
C001058,U0238,A003,2026-07-17 05:36:31.127565,Career,chat,11,363.0,completed,3.0,False
C001059,U0238,A012,2026-08-07 01:21:36.494160,Marriage,video,13,261.0,completed,4.0,False
C001060,U0239,A008,2025-12-13 00:00:00.000000,Marriage,video,11,0.0,completed,4.0,True
C001061,U0240,A022,2025-10-09 00:00:00.000000,Relationship,chat,3,0.0,dropped,,True
C001062,U0240,A002,2025-11-22 23:58:47.251419,Relationship,video,16,359.0,completed,3.0,False
C001063,U0240,A002,2025-12-16 03:17:28.890471,Career,video,5,114.0,completed,2.0,False
C001064,U0240,A002,2026-02-01 06:48:07.139401,Career,audio,18,420.0,completed,1.0,False
C001065,U0240,A002,2026-04-10 01:53:48.269115,Career,chat,5,119.0,completed,3.0,False
C001066,U0241,A004,2025-11-16 00:00:00.000000,Finance,chat,5,0.0,completed,5.0,True
C001067,U0241,A017,2026-04-26 17:51:17.535213,Health,audio,13,292.0,completed,4.0,False
C001068,U0242,A002,2025-10-04 00:00:00.000000,Family,audio,19,0.0,completed,3.0,True
C001069,U0243,A011,2025-07-23 00:00:00.000000,Health,audio,6,0.0,completed,3.0,True
C001070,U0244,A029,2025-11-08 00:00:00.000000,Relationship,chat,7,0.0,completed,4.0,True
C001071,U0244,A021,2025-12-30 07:26:20.577153,Relationship,chat,6,135.0,completed,4.0,False
C001072,U0244,A021,2026-03-08 11:17:06.085885,Marriage,audio,13,297.0,completed,4.0,False
C001073,U0244,A028,2026-06-03 06:24:00.010255,Relationship,chat,7,111.0,completed,4.0,False
C001074,U0245,A021,2025-08-05 00:00:00.000000,Marriage,chat,10,0.0,completed,4.0,True
C001075,U0245,A003,2025-10-24 23:02:34.978632,Finance,video,17,434.0,completed,4.0,False
C001076,U0245,A028,2026-07-17 01:41:03.175688,Finance,video,14,218.0,completed,4.0,False
C001077,U0246,A010,2026-03-13 00:00:00.000000,Relationship,chat,8,0.0,completed,4.0,True
C001078,U0246,A006,2026-03-28 18:45:12.562467,Career,audio,12,147.0,completed,3.0,False
C001079,U0246,A009,2026-04-18 08:41:35.448952,Career,audio,10,260.0,completed,2.0,False
C001080,U0246,A019,2026-04-30 15:28:48.370624,Career,video,7,163.0,completed,3.0,False
C001081,U0246,A009,2026-05-15 22:11:14.840074,Career,chat,13,351.0,completed,4.0,False
C001082,U0246,A019,2026-05-21 10:43:24.325199,Marriage,audio,9,218.0,completed,5.0,False
C001083,U0246,A017,2026-05-22 10:43:24.325199,Career,audio,12,296.0,completed,3.0,False
C001084,U0246,A009,2026-05-31 05:14:35.739651,Family,audio,6,171.0,completed,3.0,False
C001085,U0246,A009,2026-06-17 21:42:50.365187,Career,audio,19,551.0,completed,3.0,False
C001086,U0246,A009,2026-07-05 12:55:21.908159,Career,audio,17,502.0,completed,3.0,False
C001087,U0246,A010,2026-07-12 20:33:19.654493,Finance,chat,9,97.0,completed,4.0,False
C001088,U0246,A009,2026-08-04 10:54:21.827011,Career,chat,6,183.0,completed,4.0,False
C001089,U0246,A001,2026-08-14 03:41:01.958000,Career,chat,7,217.0,completed,4.0,False
C001090,U0247,A028,2026-02-13 00:00:00.000000,Marriage,video,13,0.0,completed,4.0,True
C001091,U0247,A020,2026-03-19 00:40:00.701344,General Vedic,chat,14,257.0,completed,4.0,False
C001092,U0247,A020,2026-04-29 01:19:13.153921,Family,audio,8,150.0,completed,3.0,False
C001093,U0247,A002,2026-04-30 01:19:13.153921,Family,chat,3,70.0,completed,3.0,False
C001094,U0247,A001,2026-06-17 21:51:52.101946,Marriage,video,8,216.0,completed,3.0,False
C001095,U0247,A009,2026-06-18 21:51:52.101946,Family,chat,12,330.0,completed,4.0,False
C001096,U0247,A020,2026-06-19 21:51:52.101946,Family,chat,4,81.0,completed,3.0,False
C001097,U0247,A020,2026-08-10 04:35:30.533791,General Vedic,chat,3,62.0,completed,3.0,False
C001098,U0248,A026,2026-01-05 00:00:00.000000,Relationship,chat,10,0.0,completed,4.0,True
C001099,U0248,A023,2026-01-18 17:36:31.001608,General Vedic,audio,19,349.0,completed,3.0,False
C001100,U0248,A023,2026-02-12 16:20:11.765116,Relationship,audio,20,374.0,completed,4.0,False
C001101,U0248,A023,2026-03-14 11:33:21.811321,Relationship,chat,13,248.0,dropped,,False
C001102,U0248,A023,2026-04-19 12:30:10.320309,Finance,chat,13,253.0,completed,3.0,False
C001103,U0248,A022,2026-04-26 08:46:53.231592,Career,audio,13,358.0,completed,3.0,False
C001104,U0248,A023,2026-06-05 13:02:26.217607,Relationship,audio,5,101.0,completed,4.0,False
C001105,U0248,A014,2026-06-29 05:16:04.914600,Relationship,chat,7,176.0,completed,3.0,False
C001106,U0248,A023,2026-07-22 06:12:10.494062,Relationship,video,9,188.0,completed,4.0,False
C001107,U0248,A023,2026-08-09 13:26:52.070195,Relationship,chat,11,234.0,completed,3.0,False
C001108,U0249,A004,2026-04-22 00:00:00.000000,Career,audio,4,0.0,completed,4.0,True
C001109,U0249,A013,2026-06-25 14:36:35.272850,Career,chat,12,110.0,completed,3.0,False
C001110,U0249,A002,2026-08-01 16:58:22.702508,Career,audio,18,412.0,completed,2.0,False
C001111,U0250,A021,2026-03-05 00:00:00.000000,Relationship,video,19,0.0,completed,4.0,True
C001112,U0251,A001,2025-09-06 00:00:00.000000,Relationship,chat,9,0.0,completed,3.0,True
C001113,U0252,A029,2025-08-19 00:00:00.000000,Career,chat,13,0.0,completed,4.0,True
C001114,U0253,A014,2026-06-12 00:00:00.000000,Marriage,audio,4,0.0,dropped,,True
C001115,U0254,A016,2026-04-07 00:00:00.000000,Health,chat,3,0.0,completed,5.0,True
C001116,U0255,A022,2026-03-29 00:00:00.000000,Relationship,chat,3,0.0,completed,4.0,True
C001117,U0256,A002,2026-05-29 00:00:00.000000,Finance,audio,6,0.0,completed,3.0,True
C001118,U0257,A024,2026-05-30 00:00:00.000000,Health,video,5,0.0,completed,4.0,True
C001119,U0258,A014,2026-05-10 00:00:00.000000,General Vedic,chat,3,0.0,completed,4.0,True
C001120,U0258,A029,2026-05-22 06:05:07.571238,General Vedic,chat,13,119.0,completed,3.0,False
C001121,U0259,A006,2026-04-08 00:00:00.000000,Finance,audio,7,0.0,completed,4.0,True
C001122,U0260,A016,2026-02-02 00:00:00.000000,Marriage,video,11,0.0,completed,3.0,True
C001123,U0260,A023,2026-02-18 22:24:59.575087,Marriage,chat,11,202.0,completed,4.0,False
C001124,U0260,A016,2026-03-13 22:08:45.338815,Marriage,audio,21,546.0,completed,5.0,False
C001125,U0260,A012,2026-04-09 00:30:52.085804,Marriage,video,14,223.0,completed,4.0,False
C001126,U0260,A025,2026-05-14 17:51:18.055089,Marriage,audio,8,216.0,completed,3.0,False
C001127,U0260,A025,2026-05-15 17:51:18.055089,Marriage,chat,5,138.0,completed,2.0,False
C001128,U0260,A025,2026-06-23 14:54:15.876697,Marriage,audio,19,532.0,completed,3.0,False
C001129,U0261,A011,2026-03-10 00:00:00.000000,Finance,chat,6,0.0,completed,3.0,True
C001130,U0261,A016,2026-07-01 18:28:35.803415,Finance,chat,4,102.0,completed,4.0,False
C001131,U0262,A030,2025-07-26 00:00:00.000000,Family,chat,10,0.0,completed,4.0,True
C001132,U0262,A006,2026-02-01 02:13:36.003208,Finance,video,18,220.0,completed,4.0,False
C001133,U0263,A017,2026-06-11 00:00:00.000000,Marriage,audio,5,0.0,completed,4.0,True
C001134,U0263,A029,2026-06-18 20:03:34.358422,Marriage,chat,10,92.0,completed,4.0,False
C001135,U0263,A029,2026-06-19 20:03:34.358422,Marriage,chat,3,28.0,completed,4.0,False
C001136,U0263,A014,2026-07-07 05:09:37.198555,Marriage,chat,6,140.0,completed,4.0,False
C001137,U0263,A027,2026-07-21 20:38:34.412987,Health,audio,9,175.0,failed,,False
C001138,U0263,A029,2026-07-30 14:52:30.550195,Career,audio,5,50.0,completed,3.0,False
C001139,U0263,A021,2026-08-14 04:25:58.177954,Marriage,chat,3,74.0,completed,5.0,False
C001140,U0264,A021,2025-12-04 00:00:00.000000,Relationship,audio,6,0.0,completed,4.0,True
C001141,U0264,A009,2026-02-25 07:14:26.222932,Relationship,audio,15,382.0,completed,4.0,False
C001142,U0264,A001,2026-05-25 15:04:32.712658,Relationship,chat,16,416.0,completed,3.0,False
C001143,U0264,A009,2026-07-21 22:09:39.673262,Relationship,audio,7,186.0,completed,4.0,False
C001144,U0265,A021,2026-03-23 00:00:00.000000,Marriage,chat,3,0.0,completed,4.0,True
C001145,U0266,A017,2026-01-15 00:00:00.000000,Health,audio,21,0.0,completed,3.0,True
C001146,U0266,A004,2026-04-01 14:55:03.426025,Relationship,video,7,129.0,completed,4.0,False
C001147,U0266,A021,2026-06-06 18:42:52.192421,Career,chat,8,183.0,completed,4.0,False
C001148,U0266,A002,2026-08-13 07:41:56.478313,Relationship,audio,13,303.0,completed,2.0,False
C001149,U0267,A030,2026-03-07 00:00:00.000000,Health,audio,16,0.0,completed,4.0,True
C001150,U0268,A005,2026-04-21 00:00:00.000000,Finance,chat,6,0.0,completed,4.0,True
C001151,U0268,A007,2026-06-17 10:28:55.640825,Health,audio,3,76.0,completed,4.0,False
C001152,U0268,A007,2026-07-11 19:24:14.537159,Health,audio,14,364.0,completed,4.0,False
C001153,U0269,A004,2026-04-21 00:00:00.000000,Marriage,chat,3,0.0,completed,3.0,True
C001154,U0269,A022,2026-05-05 00:25:25.531640,General Vedic,audio,6,153.0,completed,3.0,False
C001155,U0269,A008,2026-06-04 13:08:47.254886,General Vedic,chat,3,47.0,completed,4.0,False
C001156,U0269,A022,2026-06-24 20:08:17.607300,General Vedic,chat,13,344.0,completed,3.0,False
C001157,U0269,A002,2026-07-27 22:12:58.201463,General Vedic,chat,12,285.0,completed,2.0,False
C001158,U0270,A020,2025-11-29 00:00:00.000000,Career,chat,6,0.0,completed,4.0,True
C001159,U0271,A030,2025-08-07 00:00:00.000000,Family,video,8,0.0,completed,4.0,True
C001160,U0271,A016,2026-05-15 08:41:47.716090,Family,audio,11,280.0,completed,2.0,False
C001161,U0272,A021,2025-10-31 00:00:00.000000,Career,chat,15,0.0,completed,4.0,True
C001162,U0272,A005,2025-12-25 21:54:58.789195,Career,audio,5,112.0,completed,4.0,False
C001163,U0272,A005,2026-03-10 15:22:31.815262,Career,chat,14,320.0,completed,4.0,False
C001164,U0272,A009,2026-05-15 16:10:51.756804,Career,audio,12,318.0,completed,5.0,False
C001165,U0272,A005,2026-06-06 13:08:54.461072,Career,chat,6,143.0,completed,4.0,False
C001166,U0272,A005,2026-06-11 08:34:28.111541,Career,audio,15,363.0,completed,4.0,False
C001167,U0272,A005,2026-08-11 16:05:18.105514,Career,audio,12,296.0,completed,4.0,False
C001168,U0273,A012,2025-08-04 00:00:00.000000,Family,chat,15,0.0,completed,4.0,True
C001169,U0273,A018,2025-08-23 14:24:30.959665,Finance,audio,20,184.0,completed,3.0,False
C001170,U0273,A018,2025-09-21 01:04:55.568345,Relationship,audio,10,94.0,completed,3.0,False
C001171,U0273,A018,2025-10-17 20:57:45.577995,Marriage,audio,12,114.0,completed,3.0,False
C001172,U0273,A029,2025-10-23 11:19:05.581747,Finance,chat,11,107.0,completed,3.0,False
C001173,U0273,A018,2025-11-06 10:05:37.366261,Finance,chat,13,129.0,completed,4.0,False
C001174,U0273,A018,2025-12-03 21:08:21.174397,Finance,chat,16,161.0,completed,4.0,False
C001175,U0273,A018,2025-12-20 06:11:49.095673,Finance,video,9,92.0,completed,4.0,False
C001176,U0273,A019,2026-01-17 14:54:21.673220,Finance,chat,3,77.0,completed,4.0,False
C001177,U0273,A018,2026-02-17 05:40:03.162150,Relationship,chat,9,96.0,dropped,,False
C001178,U0273,A018,2026-02-28 00:15:52.961578,Health,audio,21,227.0,completed,4.0,False
C001179,U0273,A018,2026-03-21 10:43:10.957646,Marriage,audio,15,165.0,completed,4.0,False
C001180,U0273,A023,2026-04-10 23:39:05.322228,Career,chat,12,268.0,completed,5.0,False
C001181,U0273,A018,2026-04-20 23:40:13.270675,Finance,video,14,159.0,completed,4.0,False
C001182,U0273,A017,2026-04-21 23:40:13.270675,Finance,chat,13,366.0,completed,2.0,False
C001183,U0273,A018,2026-05-02 20:20:49.937147,Finance,video,14,164.0,completed,4.0,False
C001184,U0273,A013,2026-05-09 03:06:40.565490,Finance,video,10,119.0,completed,3.0,False
C001185,U0273,A018,2026-05-31 10:59:46.402153,Relationship,video,3,36.0,completed,3.0,False
C001186,U0273,A018,2026-06-30 17:52:56.866729,Finance,audio,15,184.0,completed,5.0,False
C001187,U0273,A018,2026-07-16 07:49:28.626311,Finance,audio,4,50.0,dropped,,False
C001188,U0274,A021,2026-03-02 00:00:00.000000,Marriage,chat,7,0.0,completed,4.0,True
C001189,U0275,A006,2026-03-30 00:00:00.000000,Career,chat,3,0.0,completed,3.0,True
C001190,U0276,A020,2025-07-29 00:00:00.000000,Finance,chat,5,0.0,completed,3.0,True
C001191,U0276,A030,2025-10-19 19:32:20.692293,Career,chat,3,55.0,completed,3.0,False
C001192,U0276,A005,2025-12-02 03:55:07.439028,Career,chat,10,229.0,completed,5.0,False
C001193,U0276,A030,2025-12-22 06:54:57.044042,Career,audio,11,210.0,completed,4.0,False
C001194,U0276,A030,2026-03-23 22:13:40.144591,Finance,chat,9,175.0,completed,4.0,False
C001195,U0276,A003,2026-04-24 05:42:12.781547,Career,audio,4,110.0,completed,2.0,False
C001196,U0276,A030,2026-06-02 14:13:53.996358,Career,video,8,161.0,completed,3.0,False
C001197,U0277,A011,2025-12-31 00:00:00.000000,Finance,chat,5,0.0,completed,2.0,True
C001198,U0277,A005,2026-01-28 10:51:25.903183,Finance,audio,7,157.0,completed,4.0,False
C001199,U0277,A005,2026-02-08 04:44:37.270755,General Vedic,audio,3,69.0,completed,5.0,False
C001200,U0277,A024,2026-03-17 15:38:12.565314,Finance,video,3,57.0,completed,5.0,False
C001201,U0277,A026,2026-03-29 17:40:08.009847,Finance,chat,7,91.0,completed,5.0,False
C001202,U0277,A005,2026-04-29 03:24:11.847825,Health,audio,13,315.0,completed,4.0,False
C001203,U0277,A005,2026-05-20 16:22:05.019039,Finance,chat,16,394.0,completed,4.0,False
C001204,U0277,A019,2026-06-18 23:11:52.446723,Finance,chat,8,201.0,completed,3.0,False
C001205,U0277,A005,2026-07-14 11:26:28.180159,Finance,chat,6,153.0,dropped,,False
C001206,U0277,A005,2026-07-28 00:27:12.692041,Finance,audio,13,337.0,completed,3.0,False
C001207,U0277,A005,2026-08-14 14:23:44.133549,Finance,audio,13,343.0,completed,4.0,False
C001208,U0278,A028,2026-01-04 00:00:00.000000,Health,chat,9,0.0,completed,4.0,True
C001209,U0278,A030,2026-06-29 04:45:23.604310,Relationship,chat,12,220.0,completed,3.0,False
C001210,U0279,A022,2026-04-05 00:00:00.000000,Health,audio,19,0.0,completed,3.0,True
C001211,U0279,A022,2026-04-23 09:02:02.138062,Health,chat,13,332.0,completed,4.0,False
C001212,U0279,A001,2026-05-13 00:23:45.227507,Marriage,video,9,234.0,completed,3.0,False
C001213,U0279,A001,2026-05-22 23:25:05.622505,Relationship,video,3,80.0,completed,3.0,False
C001214,U0279,A001,2026-05-23 23:25:05.622505,Family,audio,9,243.0,completed,2.0,False
C001215,U0280,A008,2025-09-07 00:00:00.000000,Career,chat,10,0.0,completed,5.0,True
C001216,U0281,A018,2025-11-15 00:00:00.000000,Relationship,chat,9,0.0,completed,4.0,True
C001217,U0282,A020,2025-11-04 00:00:00.000000,Career,audio,21,0.0,completed,2.0,True
C001218,U0282,A009,2025-12-30 16:17:50.591767,Finance,video,10,255.0,completed,3.0,False
C001219,U0282,A018,2025-12-31 16:17:50.591767,Career,audio,6,56.0,completed,4.0,False
C001220,U0282,A026,2026-02-10 12:07:32.637738,Career,audio,8,102.0,completed,5.0,False
C001221,U0282,A027,2026-05-05 07:41:35.297151,Career,chat,12,233.0,completed,4.0,False
C001222,U0282,A026,2026-05-25 02:50:09.327892,Career,chat,4,53.0,completed,3.0,False
C001223,U0283,A019,2026-01-02 00:00:00.000000,Relationship,chat,7,0.0,completed,4.0,True
C001224,U0284,A012,2026-02-23 00:00:00.000000,Career,chat,10,0.0,completed,3.0,True
C001225,U0284,A030,2026-02-28 14:01:25.615043,General Vedic,audio,8,147.0,dropped,,False
C001226,U0284,A030,2026-03-11 01:32:06.332179,Finance,audio,19,356.0,completed,4.0,False
C001227,U0284,A030,2026-03-22 14:41:37.413724,Finance,chat,6,114.0,completed,3.0,False
C001228,U0284,A030,2026-04-09 01:06:39.253639,Finance,audio,5,97.0,completed,2.0,False
C001229,U0284,A014,2026-05-19 09:05:25.775458,Health,audio,19,460.0,completed,3.0,False
C001230,U0284,A030,2026-06-06 19:20:23.744069,Career,chat,7,141.0,completed,4.0,False
C001231,U0284,A030,2026-06-17 08:51:03.488542,Career,chat,4,82.0,completed,4.0,False
C001232,U0284,A030,2026-06-18 08:51:03.488542,Finance,video,8,167.0,completed,3.0,False
C001233,U0284,A030,2026-07-02 04:22:14.074624,Relationship,audio,6,127.0,completed,3.0,False
C001234,U0284,A030,2026-07-20 12:06:22.970891,General Vedic,chat,3,65.0,completed,4.0,False
C001235,U0284,A030,2026-08-03 13:30:46.229128,Finance,chat,11,242.0,completed,2.0,False
C001236,U0285,A020,2025-08-27 00:00:00.000000,Career,chat,15,0.0,completed,4.0,True
C001237,U0285,A029,2025-09-18 09:35:24.437475,Relationship,audio,3,28.0,completed,4.0,False
C001238,U0285,A029,2025-10-05 00:52:13.192820,Career,chat,12,112.0,completed,2.0,False
C001239,U0285,A030,2025-11-03 23:18:31.182733,Career,chat,7,134.0,completed,2.0,False
C001240,U0285,A017,2025-12-08 15:46:49.012201,Career,chat,5,119.0,completed,4.0,False
C001241,U0285,A029,2026-01-09 16:23:16.683919,Career,audio,12,119.0,completed,3.0,False
C001242,U0285,A029,2026-03-05 04:43:51.945834,Career,chat,3,30.0,completed,3.0,False
C001243,U0285,A029,2026-03-23 19:54:33.472107,Career,chat,11,113.0,completed,4.0,False
C001244,U0285,A029,2026-04-25 16:37:55.001163,Career,chat,7,73.0,completed,2.0,False
C001245,U0285,A017,2026-05-09 13:07:04.994610,Marriage,audio,19,493.0,completed,3.0,False
C001246,U0285,A029,2026-05-28 20:53:06.406646,Career,chat,4,43.0,completed,3.0,False
C001247,U0285,A026,2026-06-18 00:06:35.080862,Career,video,11,161.0,completed,4.0,False
C001248,U0286,A005,2025-11-17 00:00:00.000000,Career,audio,8,0.0,completed,5.0,True
C001249,U0286,A028,2026-02-02 17:26:23.585897,Career,chat,3,46.0,completed,5.0,False
C001250,U0286,A028,2026-05-20 16:55:27.918127,Family,chat,3,47.0,completed,4.0,False
C001251,U0286,A028,2026-07-28 11:04:52.206182,Career,audio,16,254.0,completed,3.0,False
C001252,U0287,A003,2025-12-20 00:00:00.000000,General Vedic,video,5,0.0,completed,3.0,True
C001253,U0287,A023,2026-02-06 00:41:23.409467,General Vedic,chat,9,165.0,completed,5.0,False
C001254,U0287,A029,2026-03-23 16:00:24.671653,Finance,audio,13,122.0,completed,4.0,False
C001255,U0287,A030,2026-05-04 10:07:27.224472,General Vedic,audio,8,153.0,completed,4.0,False
C001256,U0287,A029,2026-07-22 11:17:51.693585,Health,chat,12,117.0,completed,3.0,False
C001257,U0288,A020,2026-03-10 00:00:00.000000,Career,audio,18,0.0,completed,4.0,True
C001258,U0288,A005,2026-03-15 11:49:12.433133,Marriage,chat,5,112.0,completed,3.0,False
C001259,U0288,A013,2026-03-23 08:36:54.685938,Finance,video,12,112.0,completed,3.0,False
C001260,U0288,A029,2026-03-24 08:36:54.685938,Career,chat,4,38.0,failed,,False
C001261,U0288,A014,2026-04-13 19:22:05.409352,Career,chat,15,356.0,completed,5.0,False
C001262,U0288,A005,2026-05-02 20:32:38.080172,Marriage,audio,16,387.0,completed,3.0,False
C001263,U0288,A027,2026-05-21 13:19:25.428847,Career,chat,13,262.0,completed,4.0,False
C001264,U0288,A005,2026-06-08 08:15:12.763771,Career,chat,11,276.0,completed,4.0,False
C001265,U0288,A004,2026-07-02 05:07:06.515594,Health,chat,3,63.0,completed,4.0,False
C001266,U0288,A005,2026-07-20 07:59:51.898430,Career,audio,7,182.0,completed,4.0,False
C001267,U0288,A004,2026-07-21 07:59:51.898430,Career,chat,13,281.0,completed,4.0,False
C001268,U0289,A011,2026-05-28 00:00:00.000000,Marriage,chat,13,0.0,completed,3.0,True
C001269,U0289,A001,2026-07-20 07:47:37.382760,Marriage,chat,3,76.0,completed,4.0,False
C001270,U0290,A025,2025-08-09 00:00:00.000000,Career,audio,14,0.0,completed,2.0,True
C001271,U0291,A011,2026-04-11 00:00:00.000000,Marriage,audio,12,0.0,completed,3.0,True
C001272,U0292,A020,2025-07-30 00:00:00.000000,General Vedic,audio,8,0.0,completed,4.0,True
C001273,U0292,A027,2025-08-16 06:38:29.921172,Finance,chat,7,129.0,completed,5.0,False
C001274,U0292,A027,2025-09-06 09:51:36.720799,General Vedic,audio,18,337.0,completed,4.0,False
C001275,U0292,A018,2025-09-24 02:04:05.016287,General Vedic,chat,11,105.0,completed,4.0,False
C001276,U0292,A003,2025-10-16 15:55:11.794092,General Vedic,chat,3,81.0,completed,4.0,False
C001277,U0292,A027,2025-11-15 22:54:33.340188,General Vedic,audio,9,178.0,completed,5.0,False
C001278,U0292,A027,2025-11-19 06:12:22.113166,General Vedic,audio,11,222.0,completed,4.0,False
C001279,U0292,A027,2025-12-22 17:50:18.334182,Relationship,audio,17,349.0,completed,4.0,False
C001280,U0292,A002,2025-12-25 09:38:09.130861,General Vedic,chat,7,179.0,completed,3.0,False
C001281,U0292,A027,2026-01-16 11:13:45.324455,Marriage,chat,5,106.0,completed,4.0,False
C001282,U0292,A027,2026-01-31 01:53:55.368656,General Vedic,chat,7,151.0,completed,4.0,False
C001283,U0292,A006,2026-02-18 07:27:11.214359,General Vedic,audio,10,146.0,completed,3.0,False
C001284,U0292,A025,2026-03-17 15:02:46.722315,General Vedic,chat,6,186.0,completed,3.0,False
C001285,U0292,A027,2026-04-16 00:29:48.271575,General Vedic,audio,11,249.0,completed,4.0,False
C001286,U0292,A013,2026-05-04 07:54:23.520289,General Vedic,chat,6,69.0,completed,2.0,False
C001287,U0292,A027,2026-06-01 05:50:16.660681,Career,chat,3,70.0,completed,2.0,False
C001288,U0292,A027,2026-06-17 22:45:56.544240,General Vedic,audio,10,238.0,completed,3.0,False
C001289,U0292,A027,2026-07-02 19:35:31.008937,General Vedic,chat,3,72.0,completed,3.0,False
C001290,U0292,A026,2026-07-12 00:52:05.502607,General Vedic,audio,9,147.0,completed,3.0,False
C001291,U0292,A027,2026-07-13 00:52:05.502607,General Vedic,audio,16,397.0,completed,4.0,False
C001292,U0292,A027,2026-07-14 00:52:05.502607,Finance,audio,4,101.0,completed,3.0,False
C001293,U0292,A027,2026-07-19 01:07:21.716832,Finance,audio,20,511.0,completed,4.0,False
C001294,U0292,A027,2026-08-11 06:39:11.921454,General Vedic,chat,7,181.0,failed,,False
C001295,U0293,A022,2025-08-07 00:00:00.000000,General Vedic,audio,14,0.0,completed,4.0,True
C001296,U0294,A004,2025-09-21 00:00:00.000000,Marriage,audio,13,0.0,completed,5.0,True
C001297,U0294,A026,2025-10-01 03:05:55.062798,Marriage,chat,5,61.0,completed,3.0,False
C001298,U0294,A026,2025-10-04 15:17:54.964673,Marriage,audio,3,37.0,completed,4.0,False
C001299,U0294,A026,2025-11-03 18:24:36.806440,General Vedic,chat,7,89.0,completed,3.0,False
C001300,U0294,A026,2025-11-20 11:57:19.901679,Marriage,audio,13,168.0,completed,4.0,False
C001301,U0294,A026,2025-11-30 17:44:25.818427,Marriage,chat,7,92.0,completed,5.0,False
C001302,U0294,A003,2025-12-23 07:28:49.144814,Marriage,chat,9,252.0,completed,3.0,False
C001303,U0294,A026,2025-12-30 08:47:43.361996,Marriage,chat,14,192.0,completed,3.0,False
C001304,U0294,A006,2026-01-10 17:05:35.743202,Marriage,audio,12,167.0,failed,,False
C001305,U0294,A022,2026-01-25 16:21:45.625404,Marriage,audio,5,148.0,completed,3.0,False
C001306,U0294,A026,2026-02-21 22:51:24.924660,Marriage,chat,9,130.0,completed,4.0,False
C001307,U0294,A026,2026-03-03 11:01:13.872877,Finance,chat,11,161.0,completed,4.0,False
C001308,U0294,A021,2026-03-15 18:33:36.948878,Marriage,audio,3,82.0,failed,,False
C001309,U0294,A016,2026-04-11 21:59:05.968437,General Vedic,audio,12,378.0,completed,3.0,False
C001310,U0294,A026,2026-04-21 03:21:41.041224,Marriage,chat,5,77.0,completed,4.0,False
C001311,U0294,A003,2026-05-17 13:20:11.802699,Marriage,chat,15,488.0,completed,2.0,False
C001312,U0294,A028,2026-05-18 13:20:11.802699,Marriage,chat,3,59.0,completed,4.0,False
C001313,U0294,A026,2026-06-01 12:18:53.384218,General Vedic,audio,11,177.0,completed,3.0,False
C001314,U0294,A030,2026-07-20 01:18:44.014931,Relationship,audio,9,220.0,failed,,False
C001315,U0294,A026,2026-08-03 09:28:42.217055,Marriage,audio,25,414.0,dropped,,False
C001316,U0294,A026,2026-08-08 01:42:59.625965,Marriage,chat,12,202.0,completed,4.0,False
C001317,U0295,A019,2026-03-19 00:00:00.000000,Career,audio,10,0.0,completed,3.0,True
C001318,U0296,A018,2026-02-19 00:00:00.000000,Relationship,chat,4,0.0,completed,5.0,True
C001319,U0296,A002,2026-04-26 18:22:12.194084,Relationship,audio,9,202.0,completed,3.0,False
C001320,U0296,A009,2026-08-10 17:13:51.282335,Health,chat,8,208.0,completed,2.0,False
C001321,U0297,A004,2026-03-04 00:00:00.000000,Career,audio,4,0.0,completed,4.0,True
C001322,U0298,A026,2026-04-24 00:00:00.000000,Relationship,chat,5,0.0,completed,4.0,True
C001323,U0298,A025,2026-06-14 14:31:21.321077,Relationship,audio,3,76.0,completed,2.0,False
C001324,U0298,A025,2026-07-21 00:51:14.552740,Marriage,audio,9,234.0,completed,2.0,False
C001325,U0299,A014,2026-02-19 00:00:00.000000,Relationship,chat,9,0.0,completed,4.0,True
C001326,U0300,A022,2026-04-29 00:00:00.000000,Marriage,audio,6,0.0,completed,4.0,True
C001327,U0300,A018,2026-05-06 20:15:53.756502,General Vedic,chat,11,101.0,completed,5.0,False
C001328,U0300,A012,2026-06-01 14:48:12.660082,General Vedic,chat,15,234.0,completed,4.0,False
C001329,U0300,A012,2026-06-21 11:41:56.513465,Career,video,10,159.0,completed,4.0,False
C001330,U0300,A012,2026-06-26 20:48:42.038522,Marriage,video,11,178.0,completed,4.0,False
C001331,U0300,A012,2026-06-30 05:03:19.414915,Career,chat,11,182.0,completed,4.0,False
C001332,U0300,A012,2026-07-13 18:42:37.146819,Career,audio,10,168.0,completed,3.0,False
C001333,U0300,A012,2026-07-22 21:31:01.618090,Career,chat,4,68.0,completed,3.0,False
C001334,U0300,A011,2026-08-13 23:59:17.888231,Career,audio,14,406.0,completed,3.0,False
C001335,U0301,A001,2025-08-27 00:00:00.000000,Relationship,audio,7,0.0,completed,3.0,True
C001336,U0301,A023,2025-11-01 12:49:07.678398,Family,chat,7,129.0,completed,4.0,False
C001337,U0301,A008,2025-12-13 11:14:04.657318,Relationship,chat,5,78.0,completed,5.0,False
C001338,U0301,A023,2026-01-21 17:36:55.058567,Relationship,chat,4,76.0,completed,4.0,False
C001339,U0301,A023,2026-03-02 13:59:21.892220,Relationship,audio,13,253.0,completed,3.0,False
C001340,U0302,A025,2025-11-20 00:00:00.000000,Family,chat,4,0.0,completed,2.0,True
C001341,U0303,A004,2026-02-28 00:00:00.000000,General Vedic,chat,12,0.0,completed,3.0,True
C001342,U0304,A004,2025-09-29 00:00:00.000000,Relationship,audio,12,0.0,completed,4.0,True
C001343,U0304,A030,2026-06-01 17:51:51.336773,Relationship,chat,3,55.0,completed,3.0,False
C001344,U0305,A027,2025-08-17 00:00:00.000000,Career,chat,5,0.0,completed,4.0,True
C001345,U0305,A012,2025-10-01 06:14:48.713557,General Vedic,chat,7,107.0,completed,4.0,False
C001346,U0305,A002,2025-12-03 17:13:01.198479,Career,audio,16,366.0,completed,2.0,False
C001347,U0305,A002,2026-01-31 01:31:59.399348,Family,video,7,163.0,completed,2.0,False
C001348,U0305,A030,2026-03-29 16:41:41.280594,Family,chat,3,58.0,completed,4.0,False
C001349,U0305,A012,2026-05-05 03:57:27.000721,Finance,audio,14,231.0,completed,5.0,False
C001350,U0305,A017,2026-06-27 16:54:23.017996,Career,video,16,394.0,completed,4.0,False
C001351,U0306,A023,2026-05-01 00:00:00.000000,Marriage,audio,10,0.0,completed,5.0,True
C001352,U0306,A026,2026-06-26 14:48:04.611170,Marriage,chat,4,49.0,completed,3.0,False
C001353,U0306,A026,2026-07-14 03:19:15.850924,Marriage,audio,8,100.0,completed,3.0,False
C001354,U0307,A030,2026-05-15 00:00:00.000000,General Vedic,chat,4,0.0,completed,2.0,True
C001355,U0307,A011,2026-05-30 01:24:24.496705,Career,chat,3,76.0,completed,3.0,False
C001356,U0307,A003,2026-06-01 23:43:16.255407,Career,audio,8,208.0,completed,3.0,False
C001357,U0307,A003,2026-06-16 02:43:42.729503,Career,audio,14,371.0,completed,3.0,False
C001358,U0307,A003,2026-06-28 21:39:30.718678,Career,audio,7,189.0,completed,4.0,False
C001359,U0307,A015,2026-07-01 22:34:34.839658,Career,audio,5,121.0,completed,4.0,False
C001360,U0307,A003,2026-07-09 06:53:39.478368,Career,chat,3,84.0,completed,4.0,False
C001361,U0307,A003,2026-08-03 17:00:34.286082,Career,chat,9,256.0,completed,4.0,False
C001362,U0307,A006,2026-08-05 10:35:02.269423,Relationship,chat,6,84.0,completed,4.0,False
C001363,U0307,A003,2026-08-06 10:35:02.269423,Career,chat,9,266.0,completed,4.0,False
C001364,U0307,A022,2026-08-07 10:35:02.269423,Career,video,22,660.0,completed,4.0,False
C001365,U0308,A020,2026-01-02 00:00:00.000000,Career,audio,6,0.0,completed,3.0,True
C001366,U0308,A010,2026-01-21 05:35:53.341205,Career,chat,9,83.0,completed,3.0,False
C001367,U0308,A012,2026-04-23 11:21:58.822172,Career,video,14,218.0,completed,5.0,False
C001368,U0308,A021,2026-04-24 11:21:58.822172,Career,video,10,233.0,completed,5.0,False
C001369,U0309,A022,2026-06-15 00:00:00.000000,Career,chat,14,0.0,completed,4.0,True
C001370,U0309,A003,2026-07-10 02:49:08.691759,Career,audio,9,230.0,completed,2.0,False
C001371,U0309,A015,2026-07-23 05:52:45.206001,Relationship,chat,3,69.0,completed,5.0,False
C001372,U0309,A003,2026-08-02 22:04:47.666157,Marriage,chat,3,80.0,completed,4.0,False
C001373,U0310,A004,2026-01-10 00:00:00.000000,General Vedic,audio,7,0.0,completed,5.0,True
C001374,U0310,A016,2026-01-21 10:52:09.985829,Marriage,chat,3,76.0,completed,5.0,False
C001375,U0310,A005,2026-01-24 14:15:12.073051,Marriage,chat,3,69.0,completed,5.0,False
C001376,U0310,A016,2026-02-20 16:26:02.241273,Marriage,audio,16,424.0,completed,3.0,False
C001377,U0310,A007,2026-04-08 23:05:48.408065,Marriage,audio,11,297.0,completed,4.0,False
C001378,U0310,A016,2026-05-12 23:25:58.781218,Finance,chat,9,248.0,completed,4.0,False
C001379,U0310,A016,2026-05-30 21:19:35.326858,Marriage,chat,15,420.0,completed,5.0,False
C001380,U0310,A027,2026-06-15 15:01:00.003330,Relationship,chat,18,369.0,completed,5.0,False
C001381,U0310,A016,2026-06-16 15:01:00.003330,Finance,chat,3,87.0,completed,4.0,False
C001382,U0310,A016,2026-07-06 06:57:28.625936,Marriage,audio,10,295.0,completed,5.0,False
C001383,U0310,A016,2026-07-29 17:13:36.525237,Marriage,audio,9,270.0,completed,2.0,False
C001384,U0311,A028,2026-04-16 00:00:00.000000,Finance,chat,5,0.0,completed,4.0,True
C001385,U0311,A010,2026-04-17 00:00:00.000000,Finance,video,13,119.0,completed,4.0,False
C001386,U0311,A012,2026-05-27 01:44:39.229487,Career,chat,12,187.0,completed,4.0,False
C001387,U0311,A029,2026-05-30 19:42:14.127017,Career,chat,18,172.0,failed,,False
C001388,U0311,A001,2026-07-09 15:15:13.989966,Finance,chat,6,162.0,completed,3.0,False
C001389,U0312,A018,2025-09-03 00:00:00.000000,Marriage,audio,9,0.0,completed,4.0,True
C001390,U0312,A029,2025-11-16 00:38:04.058149,Marriage,audio,12,110.0,completed,5.0,False
C001391,U0312,A029,2025-12-21 10:15:55.755255,Marriage,audio,12,112.0,completed,3.0,False
C001392,U0312,A029,2026-03-24 15:50:23.463579,Marriage,audio,10,95.0,completed,3.0,False
C001393,U0312,A029,2026-05-30 16:22:39.657104,Marriage,chat,10,97.0,completed,4.0,False
C001394,U0313,A024,2026-02-11 00:00:00.000000,Career,video,11,0.0,completed,4.0,True
C001395,U0313,A008,2026-03-24 21:51:51.106046,Career,audio,20,306.0,completed,4.0,False
C001396,U0313,A008,2026-04-22 00:05:41.765454,Career,chat,3,47.0,completed,5.0,False
C001397,U0313,A016,2026-05-21 22:47:50.953773,Career,audio,14,371.0,completed,4.0,False
C001398,U0313,A008,2026-06-30 13:50:16.715246,Career,audio,12,194.0,completed,4.0,False
C001399,U0313,A010,2026-07-22 20:55:46.988901,Career,chat,16,158.0,completed,4.0,False
C001400,U0314,A016,2025-12-31 00:00:00.000000,Finance,chat,11,0.0,failed,,True
C001401,U0314,A010,2026-03-13 07:49:32.877961,Finance,video,20,184.0,completed,4.0,False
C001402,U0314,A003,2026-03-14 07:49:32.877961,Career,chat,6,156.0,completed,3.0,False
C001403,U0314,A003,2026-05-05 18:09:49.982353,Finance,chat,8,212.0,completed,3.0,False
C001404,U0314,A003,2026-08-02 01:34:01.624862,Family,chat,9,243.0,completed,2.0,False
C001405,U0315,A028,2026-04-01 00:00:00.000000,Marriage,audio,9,0.0,completed,4.0,True
C001406,U0315,A002,2026-06-13 04:59:30.764932,Health,audio,21,471.0,completed,3.0,False
C001407,U0315,A014,2026-06-14 04:59:30.764932,General Vedic,chat,8,183.0,completed,3.0,False
C001408,U0316,A027,2025-08-21 00:00:00.000000,Marriage,chat,13,0.0,completed,4.0,True
C001409,U0316,A023,2026-02-05 23:18:09.426791,Health,chat,15,275.0,completed,4.0,False
C001410,U0316,A023,2026-07-29 09:49:18.400899,Marriage,chat,7,131.0,completed,4.0,False
C001411,U0317,A009,2025-10-14 00:00:00.000000,Relationship,video,14,0.0,completed,3.0,True
C001412,U0317,A025,2025-10-16 13:20:00.382416,Health,audio,13,332.0,completed,3.0,False
C001413,U0317,A005,2025-10-26 13:40:12.952413,Relationship,video,17,389.0,completed,5.0,False
C001414,U0317,A005,2025-11-04 05:54:56.844925,Relationship,audio,3,70.0,completed,3.0,False
C001415,U0317,A005,2025-11-22 10:33:26.041102,Relationship,audio,11,261.0,completed,4.0,False
C001416,U0317,A005,2025-12-31 16:46:35.085880,Relationship,chat,3,73.0,completed,4.0,False
C001417,U0317,A029,2026-01-23 14:35:10.886421,Relationship,video,15,151.0,completed,3.0,False
C001418,U0317,A007,2026-02-08 12:51:50.269522,Family,audio,13,371.0,completed,3.0,False
C001419,U0317,A028,2026-02-19 07:33:47.844759,Finance,chat,10,174.0,completed,4.0,False
C001420,U0317,A005,2026-03-21 23:55:50.881831,Relationship,video,13,337.0,completed,4.0,False
C001421,U0317,A005,2026-04-21 07:30:01.762946,Relationship,audio,8,211.0,completed,4.0,False
C001422,U0317,A005,2026-05-17 20:15:51.736584,Finance,audio,17,456.0,completed,5.0,False
C001423,U0317,A005,2026-05-29 07:13:43.900907,Relationship,chat,16,436.0,completed,4.0,False
C001424,U0317,A018,2026-06-23 02:30:09.488441,Relationship,chat,14,159.0,completed,4.0,False
C001425,U0318,A029,2025-10-02 00:00:00.000000,Relationship,chat,3,0.0,completed,3.0,True
C001426,U0318,A022,2025-12-17 04:54:31.767976,Health,chat,11,280.0,completed,4.0,False
C001427,U0318,A010,2026-04-11 23:21:10.623048,Relationship,audio,17,159.0,completed,4.0,False
C001428,U0318,A012,2026-05-05 01:53:53.137846,Relationship,chat,11,175.0,completed,3.0,False
C001429,U0318,A022,2026-07-14 12:35:15.503028,Marriage,audio,17,459.0,completed,5.0,False
C001430,U0319,A016,2025-10-19 00:00:00.000000,Family,chat,3,0.0,completed,3.0,True
C001431,U0320,A029,2025-12-19 00:00:00.000000,Marriage,chat,4,0.0,completed,4.0,True
C001432,U0320,A001,2026-01-18 20:32:47.913754,Marriage,audio,12,306.0,completed,3.0,False
C001433,U0320,A010,2026-02-25 17:17:22.717713,Marriage,chat,4,37.0,completed,4.0,False
C001434,U0320,A003,2026-05-01 18:32:19.111613,Marriage,audio,19,504.0,completed,3.0,False
C001435,U0320,A010,2026-05-28 01:29:29.490230,Marriage,chat,4,39.0,completed,4.0,False
C001436,U0320,A010,2026-07-01 10:59:39.970967,Family,chat,6,59.0,completed,3.0,False
C001437,U0320,A010,2026-08-07 22:49:44.019622,Finance,chat,13,131.0,completed,3.0,False
C001438,U0321,A026,2026-03-16 00:00:00.000000,Marriage,audio,10,0.0,completed,3.0,True
C001439,U0321,A027,2026-03-17 00:00:00.000000,Marriage,audio,15,275.0,dropped,,False
C001440,U0321,A027,2026-04-05 20:02:37.082098,Finance,chat,6,112.0,completed,4.0,False
C001441,U0321,A006,2026-04-06 20:02:37.082098,Marriage,chat,3,38.0,completed,3.0,False
C001442,U0321,A027,2026-04-15 13:02:19.287095,Marriage,chat,3,58.0,completed,5.0,False
C001443,U0321,A027,2026-05-02 22:29:15.564537,Marriage,audio,12,238.0,completed,4.0,False
C001444,U0321,A027,2026-06-01 16:47:55.309927,General Vedic,chat,14,282.0,completed,4.0,False
C001445,U0321,A021,2026-06-23 20:19:16.248285,Family,audio,20,502.0,completed,4.0,False
C001446,U0321,A017,2026-07-12 06:15:09.730487,Marriage,chat,5,128.0,completed,3.0,False
C001447,U0321,A027,2026-08-10 21:12:50.804483,Marriage,chat,5,106.0,completed,4.0,False
C001448,U0322,A023,2026-03-30 00:00:00.000000,Career,chat,4,0.0,completed,4.0,True
C001449,U0323,A014,2026-02-13 00:00:00.000000,Relationship,audio,11,0.0,completed,4.0,True
C001450,U0324,A027,2026-05-06 00:00:00.000000,Health,chat,3,0.0,completed,4.0,True
C001451,U0325,A023,2026-06-11 00:00:00.000000,General Vedic,chat,10,0.0,completed,4.0,True
C001452,U0325,A024,2026-07-27 00:29:46.958449,General Vedic,chat,15,275.0,completed,3.0,False
C001453,U0326,A018,2025-08-26 00:00:00.000000,Health,chat,10,0.0,completed,4.0,True
C001454,U0326,A002,2025-09-21 21:27:23.456831,Career,chat,12,269.0,completed,2.0,False
C001455,U0326,A015,2025-10-14 21:23:19.970084,Marriage,audio,14,320.0,completed,4.0,False
C001456,U0327,A028,2025-12-05 00:00:00.000000,Finance,chat,10,0.0,completed,3.0,True
C001457,U0328,A003,2026-01-07 00:00:00.000000,General Vedic,audio,9,0.0,dropped,,True
C001458,U0328,A012,2026-03-27 19:10:06.327682,Relationship,chat,13,199.0,completed,4.0,False
C001459,U0328,A012,2026-07-28 08:14:15.609249,Relationship,audio,19,296.0,completed,5.0,False
C001460,U0329,A021,2026-05-27 00:00:00.000000,General Vedic,chat,9,0.0,completed,5.0,True
C001461,U0329,A013,2026-07-15 04:13:54.530994,General Vedic,audio,8,73.0,completed,3.0,False
C001462,U0330,A029,2025-09-05 00:00:00.000000,Finance,audio,14,0.0,completed,4.0,True
C001463,U0330,A010,2026-04-04 07:55:36.564327,Finance,chat,10,92.0,completed,3.0,False
C001464,U0331,A016,2026-01-23 00:00:00.000000,Career,chat,16,0.0,completed,4.0,True
C001465,U0331,A002,2026-02-12 04:04:07.548003,Finance,audio,14,314.0,completed,2.0,False
C001466,U0331,A002,2026-03-10 01:49:45.799852,Relationship,chat,3,69.0,completed,3.0,False
C001467,U0331,A001,2026-04-11 02:28:44.539875,Family,audio,14,371.0,completed,4.0,False
C001468,U0331,A014,2026-05-19 02:00:48.385584,Career,audio,11,261.0,completed,4.0,False
C001469,U0331,A002,2026-06-12 02:58:58.021705,Career,chat,6,145.0,completed,3.0,False
C001470,U0331,A002,2026-07-18 21:47:20.753362,Marriage,chat,8,197.0,completed,3.0,False
C001471,U0332,A013,2026-02-26 00:00:00.000000,Finance,video,15,0.0,completed,4.0,True
C001472,U0333,A013,2026-06-15 00:00:00.000000,Health,chat,9,0.0,completed,3.0,True
C001473,U0333,A013,2026-07-12 14:21:21.095463,Health,chat,14,129.0,completed,3.0,False
C001474,U0333,A029,2026-07-31 18:02:00.544460,Health,chat,7,66.0,completed,4.0,False
C001475,U0334,A025,2025-11-03 00:00:00.000000,Marriage,audio,13,0.0,completed,3.0,True
C001476,U0335,A011,2026-02-03 00:00:00.000000,Relationship,chat,7,0.0,completed,3.0,True
C001477,U0335,A009,2026-02-22 22:17:17.416517,Relationship,audio,13,332.0,completed,3.0,False
C001478,U0335,A009,2026-03-28 15:25:14.536869,Relationship,chat,6,156.0,completed,3.0,False
C001479,U0335,A009,2026-05-01 09:17:51.338031,General Vedic,audio,15,398.0,completed,4.0,False
C001480,U0335,A009,2026-05-28 04:01:03.141549,Relationship,audio,15,405.0,completed,4.0,False
C001481,U0335,A009,2026-06-14 21:10:43.591268,Career,chat,3,82.0,completed,4.0,False
C001482,U0335,A009,2026-07-10 10:30:53.938639,Relationship,audio,8,224.0,completed,4.0,False
C001483,U0335,A009,2026-08-05 18:13:47.450800,General Vedic,chat,7,200.0,completed,3.0,False
C001484,U0336,A015,2026-03-29 00:00:00.000000,Family,audio,6,0.0,failed,,True
C001485,U0337,A027,2025-12-02 00:00:00.000000,Career,chat,5,0.0,completed,2.0,True
C001486,U0337,A015,2026-02-01 16:04:22.358103,Career,audio,14,314.0,completed,5.0,False
C001487,U0337,A015,2026-05-11 17:32:44.736161,Career,audio,12,275.0,completed,4.0,False
C001488,U0338,A027,2026-02-09 00:00:00.000000,Health,chat,3,0.0,completed,3.0,True
C001489,U0338,A017,2026-03-14 08:47:20.084207,Relationship,chat,3,67.0,completed,4.0,False
C001490,U0339,A004,2025-10-16 00:00:00.000000,Family,audio,9,0.0,completed,4.0,True
C001491,U0339,A025,2025-11-14 13:35:21.412251,Family,chat,10,255.0,completed,2.0,False
C001492,U0339,A025,2026-03-14 17:04:52.280368,Finance,video,6,156.0,failed,,False
C001493,U0339,A009,2026-05-05 17:47:49.600681,Family,chat,3,80.0,completed,4.0,False
C001494,U0340,A009,2025-09-18 00:00:00.000000,Relationship,video,11,0.0,completed,4.0,True
C001495,U0341,A030,2025-10-12 00:00:00.000000,General Vedic,chat,7,0.0,completed,4.0,True
C001496,U0341,A003,2025-11-13 12:54:07.976614,General Vedic,audio,17,434.0,completed,4.0,False
C001497,U0341,A003,2025-12-13 14:10:13.777181,General Vedic,audio,7,182.0,completed,4.0,False
C001498,U0341,A003,2026-02-15 07:42:16.569520,General Vedic,chat,3,80.0,completed,3.0,False
C001499,U0341,A010,2026-04-25 17:27:19.596757,General Vedic,audio,4,39.0,completed,4.0,False
C001500,U0341,A030,2026-06-02 11:55:08.446993,Marriage,chat,3,59.0,completed,3.0,False
C001501,U0341,A026,2026-06-03 11:55:08.446993,General Vedic,chat,17,228.0,completed,5.0,False
C001502,U0342,A007,2025-09-04 00:00:00.000000,Health,video,13,0.0,failed,,True
C001503,U0343,A004,2026-05-21 00:00:00.000000,Finance,audio,13,0.0,completed,5.0,True
C001504,U0343,A012,2026-06-17 17:46:08.832120,Career,video,18,275.0,completed,4.0,False
C001505,U0343,A012,2026-07-09 19:20:45.789540,Career,audio,16,250.0,completed,3.0,False
C001506,U0343,A012,2026-08-08 21:19:11.834908,Career,chat,7,111.0,completed,4.0,False
C001507,U0344,A015,2025-10-03 00:00:00.000000,Health,chat,8,0.0,completed,3.0,True
C001508,U0345,A007,2025-12-19 00:00:00.000000,Relationship,chat,11,0.0,completed,2.0,True
C001509,U0345,A002,2026-01-04 17:36:57.621855,General Vedic,chat,7,157.0,completed,3.0,False
C001510,U0345,A002,2026-01-20 02:33:35.842355,Health,chat,7,160.0,completed,3.0,False
C001511,U0345,A021,2026-02-17 18:09:07.194483,Relationship,chat,13,303.0,completed,4.0,False
C001512,U0345,A002,2026-03-21 04:59:04.920016,Relationship,chat,11,261.0,completed,3.0,False
C001513,U0345,A005,2026-04-15 12:39:45.415481,Relationship,video,15,363.0,completed,5.0,False
C001514,U0345,A012,2026-04-22 21:56:27.187599,Career,audio,19,319.0,completed,4.0,False
C001515,U0345,A011,2026-05-07 08:00:13.309672,Health,audio,15,428.0,completed,4.0,False
C001516,U0345,A002,2026-05-14 15:56:19.868743,Relationship,audio,16,408.0,completed,2.0,False
C001517,U0345,A002,2026-06-04 21:42:48.800798,Relationship,audio,8,208.0,completed,3.0,False
C001518,U0345,A002,2026-07-17 06:44:14.120492,Career,audio,11,290.0,completed,3.0,False
C001519,U0346,A030,2025-09-17 00:00:00.000000,Relationship,audio,14,0.0,completed,3.0,True
C001520,U0347,A007,2025-11-22 00:00:00.000000,Career,video,8,0.0,completed,3.0,True
C001521,U0347,A030,2025-12-26 08:22:00.133927,Finance,chat,7,129.0,completed,4.0,False
C001522,U0347,A004,2026-01-12 03:07:02.495255,Relationship,chat,3,56.0,completed,5.0,False
C001523,U0347,A017,2026-02-17 07:35:30.473213,Finance,chat,3,70.0,completed,4.0,False
C001524,U0347,A030,2026-04-27 01:54:53.803310,Career,audio,13,253.0,completed,4.0,False
C001525,U0347,A011,2026-05-21 07:10:32.660407,Finance,audio,14,385.0,completed,4.0,False
C001526,U0347,A017,2026-06-06 07:09:29.544444,Relationship,chat,6,148.0,completed,4.0,False
C001527,U0347,A020,2026-07-09 00:39:29.151891,Relationship,audio,9,185.0,completed,3.0,False
C001528,U0347,A017,2026-08-04 02:54:53.835849,Finance,chat,5,128.0,completed,3.0,False
C001529,U0348,A020,2026-02-04 00:00:00.000000,Health,chat,7,0.0,completed,4.0,True
C001530,U0348,A003,2026-02-09 07:29:04.250945,Health,chat,10,255.0,completed,4.0,False
C001531,U0348,A011,2026-03-04 00:01:17.818446,Marriage,audio,13,338.0,completed,3.0,False
C001532,U0348,A024,2026-03-16 00:57:35.046163,Career,video,7,134.0,failed,,False
C001533,U0348,A024,2026-03-17 00:57:35.046163,Health,chat,8,156.0,failed,,False
C001534,U0348,A024,2026-04-08 09:44:31.210349,General Vedic,video,10,198.0,completed,3.0,False
C001535,U0348,A024,2026-05-15 16:08:45.148809,Health,audio,8,161.0,failed,,False
C001536,U0348,A024,2026-05-20 14:17:28.695547,Marriage,chat,7,144.0,completed,4.0,False
C001537,U0348,A024,2026-05-25 18:08:20.303250,Finance,chat,12,251.0,completed,5.0,False
C001538,U0348,A028,2026-06-04 21:26:36.534425,Family,chat,11,195.0,completed,3.0,False
C001539,U0348,A024,2026-06-23 20:32:22.099617,Health,chat,6,130.0,dropped,,False
C001540,U0348,A024,2026-06-24 20:32:22.099617,Marriage,chat,10,220.0,completed,4.0,False
C001541,U0348,A024,2026-07-11 11:57:59.622622,Health,video,16,357.0,completed,4.0,False
C001542,U0348,A024,2026-08-07 07:10:37.320995,Marriage,video,14,318.0,completed,3.0,False
C001543,U0349,A014,2026-05-23 00:00:00.000000,General Vedic,chat,3,0.0,completed,4.0,True
C001544,U0349,A015,2026-06-01 07:58:13.860045,Career,chat,11,247.0,completed,4.0,False
C001545,U0349,A015,2026-06-20 15:06:29.906921,Relationship,video,8,183.0,completed,4.0,False
C001546,U0349,A015,2026-07-09 16:33:10.747858,Finance,chat,6,140.0,completed,4.0,False
C001547,U0349,A015,2026-07-26 07:39:31.133365,Relationship,chat,3,71.0,completed,4.0,False
C001548,U0350,A019,2026-04-05 00:00:00.000000,Relationship,audio,5,0.0,completed,4.0,True
C001549,U0350,A018,2026-06-26 08:42:52.788038,Health,video,19,174.0,completed,4.0,False
C001550,U0351,A005,2026-05-13 00:00:00.000000,Marriage,audio,13,0.0,completed,5.0,True
C001551,U0351,A013,2026-06-05 15:54:43.224154,Marriage,video,10,92.0,completed,3.0,False
C001552,U0351,A023,2026-06-20 01:36:31.482437,Family,chat,6,112.0,completed,4.0,False
C001553,U0351,A029,2026-06-22 03:17:02.944015,Marriage,chat,6,57.0,completed,3.0,False
C001554,U0351,A011,2026-06-23 03:17:02.944015,Career,chat,3,81.0,completed,3.0,False
C001555,U0351,A026,2026-07-29 06:25:24.521342,Health,chat,9,119.0,completed,4.0,False
C001556,U0352,A004,2025-10-17 00:00:00.000000,Marriage,chat,9,0.0,completed,4.0,True
C001557,U0352,A012,2025-10-20 07:55:56.074586,Finance,chat,4,61.0,completed,4.0,False
C001558,U0352,A012,2026-01-07 03:37:04.706081,Marriage,audio,14,218.0,completed,5.0,False
C001559,U0352,A012,2026-02-21 18:24:57.835766,Relationship,chat,3,48.0,completed,3.0,False
C001560,U0352,A012,2026-02-26 15:25:48.422543,Health,audio,13,211.0,completed,4.0,False
C001561,U0352,A012,2026-02-27 15:25:48.422543,Career,chat,11,182.0,completed,4.0,False
C001562,U0352,A012,2026-05-16 07:27:47.031022,Relationship,audio,3,50.0,completed,4.0,False
C001563,U0352,A007,2026-07-18 08:45:14.291178,Relationship,audio,15,428.0,failed,,False
C001564,U0353,A008,2025-07-16 00:00:00.000000,Finance,audio,10,0.0,completed,4.0,True
C001565,U0354,A008,2026-03-28 00:00:00.000000,Relationship,audio,7,0.0,completed,5.0,True
C001566,U0355,A005,2026-03-14 00:00:00.000000,Health,audio,14,0.0,completed,4.0,True
C001567,U0355,A012,2026-06-24 06:59:13.465435,General Vedic,chat,13,199.0,completed,4.0,False
C001568,U0355,A021,2026-08-04 09:59:46.207872,Health,audio,14,320.0,completed,4.0,False
C001569,U0356,A011,2025-10-29 00:00:00.000000,Family,chat,13,0.0,completed,4.0,True
C001570,U0356,A022,2025-11-02 19:17:53.678592,General Vedic,chat,7,178.0,completed,3.0,False
C001571,U0356,A017,2025-11-16 23:26:17.051428,Relationship,chat,4,92.0,completed,3.0,False
C001572,U0356,A017,2025-12-02 19:10:35.824702,Marriage,chat,3,70.0,completed,4.0,False
C001573,U0356,A017,2025-12-31 16:35:41.496900,Career,chat,3,71.0,completed,4.0,False
C001574,U0356,A017,2026-01-06 15:45:52.299306,Finance,audio,13,315.0,completed,3.0,False
C001575,U0356,A016,2026-02-03 02:50:59.234209,General Vedic,audio,16,448.0,completed,4.0,False
C001576,U0356,A010,2026-02-26 09:45:05.716828,General Vedic,chat,12,123.0,completed,4.0,False
C001577,U0356,A022,2026-03-15 05:19:38.038178,Health,audio,3,87.0,completed,4.0,False
C001578,U0356,A004,2026-03-24 00:58:41.916186,General Vedic,chat,3,64.0,completed,4.0,False
C001579,U0356,A017,2026-04-08 11:14:58.072407,Family,audio,14,370.0,completed,3.0,False
C001580,U0356,A030,2026-05-07 13:05:19.953987,General Vedic,audio,12,264.0,completed,2.0,False
C001581,U0356,A017,2026-05-09 01:25:38.688159,General Vedic,chat,3,82.0,completed,4.0,False
C001582,U0356,A001,2026-06-09 10:52:27.712902,Health,audio,8,252.0,completed,3.0,False
C001583,U0356,A025,2026-06-28 22:37:45.839661,General Vedic,chat,15,480.0,completed,4.0,False
C001584,U0356,A016,2026-07-29 01:44:56.581615,General Vedic,chat,7,228.0,completed,3.0,False
C001585,U0356,A017,2026-08-08 03:54:08.481890,Health,video,12,348.0,completed,5.0,False
C001586,U0356,A017,2026-08-09 03:54:08.481890,General Vedic,video,13,383.0,completed,3.0,False
C001587,U0357,A002,2026-02-16 00:00:00.000000,Career,audio,16,0.0,completed,2.0,True
C001588,U0358,A030,2025-11-12 00:00:00.000000,Health,video,5,0.0,dropped,,True
C001589,U0359,A024,2025-11-21 00:00:00.000000,Career,audio,17,0.0,completed,4.0,True
C001590,U0360,A017,2025-07-19 00:00:00.000000,Health,chat,13,0.0,completed,4.0,True
C001591,U0361,A005,2026-01-16 00:00:00.000000,Finance,chat,7,0.0,completed,4.0,True
C001592,U0362,A027,2026-04-07 00:00:00.000000,General Vedic,audio,9,0.0,failed,,True
C001593,U0363,A030,2026-01-26 00:00:00.000000,Relationship,chat,9,0.0,completed,4.0,True
C001594,U0364,A026,2025-07-31 00:00:00.000000,Marriage,video,11,0.0,completed,4.0,True
C001595,U0364,A026,2025-09-11 16:59:47.304039,Career,audio,7,86.0,completed,3.0,False
C001596,U0364,A026,2025-09-21 09:07:19.656843,Health,video,4,50.0,completed,4.0,False
C001597,U0364,A026,2025-11-05 13:45:27.861395,Marriage,video,11,140.0,completed,4.0,False
C001598,U0364,A026,2025-12-01 20:18:52.881734,Health,chat,9,117.0,completed,4.0,False
C001599,U0364,A004,2025-12-28 13:33:03.921076,Marriage,chat,9,178.0,completed,4.0,False
C001600,U0364,A025,2026-01-23 15:10:49.327814,General Vedic,chat,3,84.0,completed,4.0,False
C001601,U0364,A027,2026-02-16 23:18:58.367000,General Vedic,audio,8,164.0,completed,3.0,False
C001602,U0364,A026,2026-03-20 16:57:49.379756,Marriage,chat,9,125.0,completed,4.0,False
C001603,U0364,A026,2026-04-27 15:17:43.334497,Career,audio,11,156.0,completed,4.0,False
C001604,U0364,A026,2026-05-22 12:18:47.068040,Marriage,chat,9,130.0,completed,2.0,False
C001605,U0364,A026,2026-06-24 04:01:59.781597,Marriage,audio,13,190.0,completed,4.0,False
C001606,U0364,A026,2026-07-24 11:30:30.656576,Marriage,video,10,149.0,completed,3.0,False
C001607,U0364,A002,2026-08-12 09:16:08.038363,Marriage,audio,16,444.0,completed,2.0,False
C001608,U0365,A020,2025-09-21 00:00:00.000000,General Vedic,audio,12,0.0,completed,4.0,True
C001609,U0365,A026,2026-01-13 04:31:46.598819,Finance,audio,13,159.0,completed,4.0,False
C001610,U0365,A026,2026-05-16 20:53:28.167665,Relationship,chat,6,75.0,completed,3.0,False
C001611,U0366,A002,2026-03-28 00:00:00.000000,Marriage,video,11,0.0,completed,2.0,True
C001612,U0366,A029,2026-05-01 11:49:26.438450,Marriage,audio,4,37.0,completed,4.0,False
C001613,U0366,A029,2026-07-16 02:16:21.905153,Marriage,video,7,66.0,completed,3.0,False
C001614,U0367,A025,2026-05-09 00:00:00.000000,General Vedic,audio,7,0.0,completed,2.0,True
C001615,U0367,A023,2026-07-23 10:35:27.147976,Career,audio,11,202.0,completed,5.0,False
C001616,U0368,A015,2026-01-15 00:00:00.000000,Career,audio,25,0.0,completed,4.0,True
C001617,U0368,A008,2026-03-25 16:01:14.110418,Career,chat,3,46.0,completed,4.0,False
C001618,U0368,A008,2026-05-28 09:05:00.587982,Career,video,16,250.0,completed,5.0,False
C001619,U0368,A008,2026-08-03 14:09:44.766644,Career,audio,9,143.0,completed,3.0,False
C001620,U0369,A030,2026-04-20 00:00:00.000000,Career,audio,9,0.0,completed,4.0,True
C001621,U0369,A009,2026-05-14 01:25:40.562103,Career,chat,7,178.0,completed,4.0,False
C001622,U0369,A009,2026-06-23 10:17:25.025980,Finance,chat,3,78.0,completed,4.0,False
C001623,U0369,A020,2026-07-14 03:21:36.640988,Relationship,video,21,401.0,completed,5.0,False
C001624,U0369,A009,2026-07-18 07:09:04.383152,Career,audio,12,324.0,completed,3.0,False
C001625,U0369,A009,2026-08-05 01:52:38.663753,Career,chat,6,165.0,completed,2.0,False
C001626,U0370,A025,2025-08-17 00:00:00.000000,Career,chat,5,0.0,completed,2.0,True
C001627,U0371,A016,2026-05-24 00:00:00.000000,Finance,chat,8,0.0,completed,4.0,True
C001628,U0371,A021,2026-06-17 14:00:45.377254,General Vedic,audio,16,359.0,completed,4.0,False
C001629,U0371,A021,2026-06-24 04:40:08.027667,Family,video,22,503.0,completed,5.0,False
C001630,U0371,A029,2026-07-17 09:56:07.642162,Finance,audio,14,134.0,completed,4.0,False
C001631,U0371,A021,2026-08-03 03:08:13.087731,Finance,chat,3,71.0,completed,4.0,False
C001632,U0372,A029,2026-05-23 00:00:00.000000,Finance,video,11,0.0,completed,3.0,True
C001633,U0372,A005,2026-07-16 04:43:21.444011,Finance,chat,10,224.0,completed,5.0,False
C001634,U0373,A016,2025-08-05 00:00:00.000000,Marriage,chat,8,0.0,completed,4.0,True
C001635,U0373,A013,2025-10-29 13:06:29.033190,Marriage,audio,13,119.0,completed,3.0,False
C001636,U0373,A005,2025-12-06 13:59:49.162896,Family,chat,3,69.0,completed,5.0,False
C001637,U0373,A005,2026-01-04 19:21:11.815801,General Vedic,audio,5,117.0,completed,3.0,False
C001638,U0373,A005,2026-02-03 01:16:42.256437,Family,chat,15,356.0,completed,3.0,False
C001639,U0373,A002,2026-05-11 09:24:05.947685,Marriage,chat,5,121.0,completed,2.0,False
C001640,U0373,A005,2026-08-01 10:09:58.757991,Marriage,audio,16,394.0,dropped,,False
C001641,U0374,A002,2025-10-17 00:00:00.000000,Relationship,audio,7,0.0,completed,3.0,True
C001642,U0375,A008,2025-09-20 00:00:00.000000,Health,chat,7,0.0,completed,5.0,True
C001643,U0376,A014,2025-09-07 00:00:00.000000,Relationship,chat,8,0.0,completed,4.0,True
C001644,U0377,A003,2025-11-13 00:00:00.000000,Relationship,chat,4,0.0,completed,4.0,True
C001645,U0377,A004,2026-01-30 20:49:04.877032,Relationship,chat,3,55.0,completed,4.0,False
C001646,U0377,A001,2026-05-17 21:38:32.859553,Relationship,chat,11,286.0,completed,3.0,False
C001647,U0377,A026,2026-05-31 11:12:49.182700,Relationship,audio,14,178.0,completed,4.0,False
C001648,U0377,A009,2026-08-14 16:29:37.498492,Relationship,audio,20,540.0,completed,3.0,False
C001649,U0378,A018,2025-08-15 00:00:00.000000,General Vedic,audio,5,0.0,completed,4.0,True
C001650,U0378,A012,2025-10-13 09:47:18.670724,Finance,audio,21,321.0,completed,5.0,False
C001651,U0378,A012,2025-11-19 18:07:17.123386,Finance,audio,12,187.0,completed,4.0,False
C001652,U0378,A012,2025-11-20 18:07:17.123386,Finance,video,20,318.0,completed,5.0,False
C001653,U0378,A023,2026-01-02 09:27:49.934707,Finance,video,19,369.0,completed,3.0,False
C001654,U0378,A002,2026-01-16 01:01:00.671768,Finance,audio,10,242.0,completed,2.0,False
C001655,U0378,A012,2026-02-09 13:29:44.506251,Finance,chat,9,151.0,completed,5.0,False
C001656,U0378,A012,2026-04-06 19:01:38.098933,Finance,audio,8,137.0,completed,4.0,False
C001657,U0378,A018,2026-05-14 23:59:50.449039,Marriage,audio,3,31.0,completed,4.0,False
C001658,U0378,A012,2026-06-02 21:28:38.344014,Finance,chat,7,124.0,completed,3.0,False
C001659,U0378,A012,2026-07-26 14:17:38.045450,Finance,audio,17,306.0,completed,5.0,False
C001660,U0379,A020,2026-02-26 00:00:00.000000,Family,audio,10,0.0,completed,4.0,True
C001661,U0380,A018,2025-10-30 00:00:00.000000,Finance,chat,13,0.0,completed,3.0,True
C001662,U0380,A013,2025-10-31 00:00:00.000000,Relationship,video,3,28.0,completed,3.0,False
C001663,U0380,A013,2025-12-21 10:34:34.859732,Relationship,video,8,75.0,completed,4.0,False
C001664,U0380,A017,2026-03-12 15:30:32.872948,Relationship,audio,9,210.0,dropped,,False
C001665,U0380,A013,2026-03-13 15:30:32.872948,Family,audio,13,126.0,completed,3.0,False
C001666,U0380,A013,2026-05-08 23:42:56.473460,Health,audio,16,158.0,completed,3.0,False
C001667,U0380,A013,2026-06-11 22:46:55.915227,Relationship,audio,14,141.0,completed,3.0,False
C001668,U0380,A013,2026-08-10 05:23:46.140366,Relationship,audio,15,154.0,completed,4.0,False
C001669,U0381,A007,2025-09-06 00:00:00.000000,Finance,chat,7,0.0,failed,,True
C001670,U0381,A027,2025-11-03 10:21:20.742555,Marriage,audio,15,275.0,completed,5.0,False
C001671,U0381,A027,2026-01-13 06:54:41.477851,Marriage,video,6,112.0,completed,3.0,False
C001672,U0381,A027,2026-03-31 03:28:34.195311,Marriage,chat,7,134.0,completed,4.0,False
C001673,U0381,A025,2026-06-09 18:38:17.184199,Marriage,chat,3,81.0,completed,4.0,False
C001674,U0382,A012,2025-10-09 00:00:00.000000,Finance,chat,3,0.0,completed,4.0,True
C001675,U0382,A003,2025-10-28 16:32:06.208978,Health,chat,9,230.0,completed,2.0,False
C001676,U0382,A003,2025-12-22 02:27:23.219449,Marriage,chat,15,390.0,completed,3.0,False
C001677,U0382,A003,2026-02-09 05:04:10.703085,Marriage,audio,15,398.0,completed,4.0,False
C001678,U0382,A003,2026-03-11 15:53:09.397796,Finance,chat,7,189.0,completed,4.0,False
C001679,U0382,A025,2026-04-14 13:47:33.719901,Marriage,chat,10,275.0,completed,3.0,False
C001680,U0382,A003,2026-06-02 20:00:29.392614,Marriage,audio,15,420.0,completed,3.0,False
C001681,U0382,A003,2026-08-02 05:15:53.518537,Family,chat,3,86.0,completed,4.0,False
C001682,U0383,A021,2025-11-13 00:00:00.000000,Marriage,audio,25,0.0,dropped,,True
C001683,U0383,A028,2025-12-02 06:36:55.941039,Marriage,chat,6,92.0,dropped,,False
C001684,U0383,A023,2026-02-08 22:27:15.889213,Marriage,audio,11,206.0,completed,4.0,False
C001685,U0383,A009,2026-04-13 01:43:26.781883,Marriage,video,22,583.0,completed,4.0,False
C001686,U0383,A028,2026-06-20 12:44:12.760779,Finance,chat,16,259.0,completed,4.0,False
C001687,U0384,A028,2025-11-28 00:00:00.000000,Family,chat,13,0.0,completed,4.0,True
C001688,U0384,A007,2026-02-20 05:34:30.860640,General Vedic,chat,5,128.0,completed,3.0,False
C001689,U0384,A007,2026-03-29 07:19:21.409331,Career,audio,15,390.0,completed,3.0,False
C001690,U0384,A007,2026-06-09 08:39:08.491227,Marriage,audio,16,424.0,completed,3.0,False
C001691,U0385,A016,2025-12-30 00:00:00.000000,Career,audio,8,0.0,completed,4.0,True
C001692,U0385,A010,2026-01-12 11:52:11.723092,Career,chat,9,83.0,completed,3.0,False
C001693,U0385,A003,2026-02-17 08:07:44.060922,Career,chat,7,182.0,completed,3.0,False
C001694,U0385,A003,2026-03-16 03:41:20.446552,Career,video,7,186.0,completed,3.0,False
C001695,U0385,A006,2026-04-02 19:33:11.456842,Relationship,chat,6,78.0,completed,5.0,False
C001696,U0385,A018,2026-04-08 20:56:48.427997,Career,chat,5,50.0,completed,3.0,False
C001697,U0385,A003,2026-04-30 12:06:09.293888,Career,audio,6,168.0,completed,3.0,False
C001698,U0385,A003,2026-06-01 21:34:18.404985,Career,chat,17,485.0,completed,4.0,False
C001699,U0385,A003,2026-06-17 07:00:56.487062,Marriage,chat,3,87.0,completed,3.0,False
C001700,U0385,A003,2026-06-30 09:19:26.789321,Family,video,13,384.0,completed,4.0,False
C001701,U0385,A003,2026-07-15 00:39:09.362924,Finance,audio,14,420.0,completed,3.0,False
C001702,U0386,A007,2026-01-14 00:00:00.000000,Family,chat,3,0.0,completed,3.0,True
C001703,U0387,A015,2026-04-12 00:00:00.000000,Career,video,10,0.0,completed,4.0,True
C001704,U0388,A014,2025-12-07 00:00:00.000000,General Vedic,audio,7,0.0,completed,4.0,True
C001705,U0388,A022,2026-02-08 17:40:18.190433,Relationship,chat,6,153.0,completed,4.0,False
C001706,U0388,A009,2026-03-21 12:12:03.489656,Relationship,audio,12,312.0,completed,4.0,False
C001707,U0388,A010,2026-05-07 21:42:42.758027,Relationship,audio,7,67.0,completed,4.0,False
C001708,U0388,A010,2026-06-23 09:25:41.918307,Relationship,chat,15,146.0,completed,4.0,False
C001709,U0388,A028,2026-07-24 21:20:36.401609,Career,chat,14,231.0,completed,4.0,False
C001710,U0389,A013,2026-04-26 00:00:00.000000,Marriage,audio,17,0.0,completed,3.0,True
C001711,U0389,A013,2026-05-18 08:10:01.986624,Family,audio,21,193.0,completed,3.0,False
C001712,U0390,A026,2026-03-30 00:00:00.000000,Relationship,audio,15,0.0,completed,3.0,True
C001713,U0390,A015,2026-06-09 16:04:46.530337,Relationship,audio,18,404.0,completed,4.0,False
C001714,U0390,A025,2026-08-04 16:03:58.626576,Health,chat,10,260.0,completed,3.0,False
C001715,U0391,A028,2025-10-29 00:00:00.000000,Career,chat,9,0.0,completed,4.0,True
C001716,U0392,A005,2026-03-24 00:00:00.000000,Marriage,chat,3,0.0,completed,4.0,True
C001717,U0392,A014,2026-06-27 10:14:13.055090,Relationship,audio,4,90.0,completed,3.0,False
C001718,U0393,A026,2026-02-08 00:00:00.000000,Marriage,video,13,0.0,completed,3.0,True
C001719,U0394,A009,2025-12-20 00:00:00.000000,Health,chat,3,0.0,completed,5.0,True
C001720,U0394,A021,2026-01-26 18:43:59.617551,Health,audio,5,112.0,completed,4.0,False
C001721,U0394,A021,2026-03-02 10:07:43.423296,Health,video,9,206.0,completed,4.0,False
C001722,U0394,A016,2026-04-08 09:36:41.958187,Health,chat,15,398.0,completed,3.0,False
C001723,U0394,A021,2026-05-06 18:04:51.333307,Relationship,chat,13,309.0,completed,4.0,False
C001724,U0394,A021,2026-05-25 22:48:34.795532,Health,chat,12,290.0,completed,5.0,False
C001725,U0394,A021,2026-06-30 05:00:14.781117,Health,chat,16,394.0,completed,4.0,False
C001726,U0394,A021,2026-07-12 11:18:55.771824,Health,audio,6,150.0,completed,3.0,False
C001727,U0394,A021,2026-08-04 07:37:00.644570,Health,audio,6,153.0,completed,4.0,False
C001728,U0395,A019,2026-06-05 00:00:00.000000,Marriage,video,4,0.0,completed,5.0,True
C001729,U0396,A009,2026-02-27 00:00:00.000000,Relationship,chat,13,0.0,completed,3.0,True
C001730,U0396,A028,2026-03-28 14:21:51.323461,Relationship,chat,16,245.0,completed,4.0,False
C001731,U0396,A028,2026-05-15 18:13:10.314602,Relationship,chat,3,47.0,completed,5.0,False
C001732,U0397,A016,2025-12-20 00:00:00.000000,Marriage,video,23,0.0,completed,3.0,True
C001733,U0398,A019,2026-05-06 00:00:00.000000,General Vedic,audio,15,0.0,completed,3.0,True
C001734,U0399,A029,2026-05-15 00:00:00.000000,Finance,video,22,0.0,completed,4.0,True
C001735,U0399,A023,2026-08-09 01:45:33.748202,Family,chat,14,257.0,completed,4.0,False
C001736,U0400,A008,2026-04-22 00:00:00.000000,Health,audio,8,0.0,completed,4.0,True
C001737,U0401,A013,2025-12-23 00:00:00.000000,General Vedic,audio,13,0.0,completed,4.0,True
C001738,U0402,A030,2025-11-25 00:00:00.000000,Career,video,11,0.0,completed,4.0,True
C001739,U0402,A003,2025-12-08 19:21:05.063619,Career,chat,6,153.0,completed,4.0,False
C001740,U0402,A011,2025-12-18 17:19:48.967647,General Vedic,audio,14,364.0,completed,4.0,False
C001741,U0402,A003,2026-01-30 22:23:25.452938,Finance,audio,18,477.0,completed,3.0,False
C001742,U0402,A003,2026-03-08 04:58:24.210778,Finance,chat,9,243.0,completed,3.0,False
C001743,U0402,A003,2026-03-13 12:28:53.885157,Career,chat,10,275.0,completed,4.0,False
C001744,U0402,A003,2026-04-06 03:17:52.948367,Career,video,5,140.0,completed,4.0,False
C001745,U0402,A007,2026-05-02 16:03:11.278753,Family,audio,15,428.0,completed,3.0,False
C001746,U0402,A003,2026-06-03 12:41:24.154628,Career,video,14,406.0,completed,3.0,False
C001747,U0402,A016,2026-06-21 00:24:37.623439,Career,chat,13,384.0,completed,4.0,False
C001748,U0402,A028,2026-07-10 18:29:03.970149,Career,audio,15,270.0,completed,4.0,False
C001749,U0402,A003,2026-07-24 12:17:14.314032,Career,chat,6,183.0,completed,3.0,False
C001750,U0402,A003,2026-08-10 02:22:03.524719,Finance,chat,17,527.0,completed,3.0,False
C001751,U0403,A016,2026-02-25 00:00:00.000000,Finance,chat,3,0.0,completed,3.0,True
C001752,U0403,A003,2026-03-09 11:42:28.071465,Family,audio,3,76.0,completed,3.0,False
C001753,U0403,A008,2026-03-16 22:56:29.431115,Finance,audio,3,47.0,completed,5.0,False
C001754,U0403,A008,2026-04-13 02:51:37.986465,Finance,chat,14,223.0,completed,5.0,False
C001755,U0403,A011,2026-04-17 16:39:42.749153,Finance,video,13,351.0,completed,2.0,False
C001756,U0403,A008,2026-05-03 06:36:09.205981,Finance,audio,13,215.0,completed,5.0,False
C001757,U0403,A008,2026-05-04 06:36:09.205981,Finance,audio,14,235.0,completed,4.0,False
C001758,U0403,A008,2026-05-28 02:14:38.813515,Finance,chat,9,154.0,completed,5.0,False
C001759,U0403,A002,2026-06-08 02:53:42.320428,Finance,chat,6,153.0,completed,2.0,False
C001760,U0403,A008,2026-06-22 14:23:51.542512,Career,chat,4,71.0,completed,5.0,False
C001761,U0403,A008,2026-07-03 10:29:30.243233,Finance,video,13,234.0,completed,5.0,False
C001762,U0403,A016,2026-07-12 07:40:41.129956,Career,chat,18,549.0,completed,2.0,False
C001763,U0403,A008,2026-07-30 06:55:36.509948,Finance,chat,11,205.0,completed,5.0,False
C001764,U0404,A015,2025-12-19 00:00:00.000000,Marriage,audio,3,0.0,completed,4.0,True
C001765,U0404,A022,2026-02-19 10:49:27.484998,Family,chat,10,255.0,completed,3.0,False
C001766,U0404,A022,2026-03-18 20:24:20.658332,Marriage,chat,8,208.0,completed,3.0,False
C001767,U0404,A022,2026-07-11 07:59:13.903080,Marriage,chat,10,265.0,completed,4.0,False
C001768,U0405,A011,2025-08-11 00:00:00.000000,Career,video,10,0.0,completed,4.0,True
C001769,U0405,A009,2026-03-26 20:05:24.968174,Marriage,chat,3,76.0,completed,2.0,False
C001770,U0406,A021,2026-01-05 00:00:00.000000,Marriage,video,13,0.0,completed,5.0,True
C001771,U0407,A019,2026-03-24 00:00:00.000000,Marriage,audio,5,0.0,completed,4.0,True
C001772,U0407,A007,2026-06-11 21:46:59.936809,General Vedic,video,11,280.0,completed,4.0,False
C001773,U0407,A011,2026-08-12 20:19:29.036463,Family,chat,15,390.0,completed,3.0,False
C001774,U0408,A015,2025-11-24 00:00:00.000000,Family,audio,13,0.0,completed,3.0,True
C001775,U0409,A011,2025-09-02 00:00:00.000000,Marriage,chat,11,0.0,completed,3.0,True
C001776,U0410,A019,2026-04-07 00:00:00.000000,General Vedic,chat,6,0.0,completed,4.0,True
C001777,U0410,A017,2026-04-21 20:00:27.557997,Marriage,chat,7,157.0,completed,4.0,False
C001778,U0410,A017,2026-05-23 03:01:57.385770,Relationship,audio,6,137.0,completed,4.0,False
C001779,U0410,A017,2026-06-26 03:44:09.304588,General Vedic,chat,4,93.0,completed,3.0,False
C001780,U0410,A017,2026-06-29 03:22:01.381691,Health,audio,6,143.0,completed,3.0,False
C001781,U0410,A017,2026-07-27 01:25:17.001262,General Vedic,chat,10,242.0,failed,,False
C001782,U0411,A001,2026-03-07 00:00:00.000000,Marriage,chat,9,0.0,completed,3.0,True
C001783,U0412,A029,2025-08-08 00:00:00.000000,Finance,video,9,0.0,completed,4.0,True
C001784,U0412,A021,2025-08-29 08:16:10.915403,Finance,chat,12,269.0,dropped,,False
C001785,U0412,A021,2025-09-28 03:27:47.557814,Relationship,chat,6,137.0,completed,4.0,False
C001786,U0412,A022,2025-10-12 05:57:03.406717,Relationship,chat,8,212.0,completed,5.0,False
C001787,U0412,A021,2025-10-28 05:10:11.490898,Finance,chat,10,238.0,completed,4.0,False
C001788,U0412,A021,2025-11-15 12:45:37.900636,Relationship,chat,7,169.0,dropped,,False
C001789,U0412,A021,2025-12-13 10:39:21.621946,General Vedic,chat,12,296.0,completed,4.0,False
C001790,U0412,A018,2026-01-01 23:26:04.211630,Finance,chat,8,82.0,completed,4.0,False
C001791,U0412,A002,2026-01-12 08:31:56.681767,Health,chat,4,102.0,completed,3.0,False
C001792,U0412,A021,2026-02-09 06:58:02.966340,Family,audio,12,312.0,completed,4.0,False
C001793,U0412,A010,2026-03-08 03:13:10.241191,Finance,audio,6,65.0,completed,3.0,False
C001794,U0412,A021,2026-03-19 09:07:55.560219,Relationship,chat,8,215.0,completed,3.0,False
C001795,U0412,A021,2026-04-14 11:40:13.541101,Relationship,audio,10,273.0,completed,4.0,False
C001796,U0412,A021,2026-04-24 18:12:58.325967,Relationship,chat,7,194.0,completed,4.0,False
C001797,U0412,A021,2026-06-04 22:31:59.237928,Finance,chat,3,84.0,completed,3.0,False
C001798,U0412,A021,2026-06-16 13:54:33.680065,Finance,chat,8,229.0,completed,5.0,False
C001799,U0412,A021,2026-07-02 16:12:00.147141,Finance,chat,10,290.0,completed,4.0,False
C001800,U0412,A021,2026-07-15 12:50:17.249402,Finance,audio,18,531.0,completed,4.0,False
C001801,U0412,A021,2026-08-02 11:21:01.186194,Finance,chat,11,329.0,completed,4.0,False
C001802,U0413,A015,2026-05-26 00:00:00.000000,Relationship,chat,19,0.0,completed,3.0,True
C001803,U0414,A003,2025-09-06 00:00:00.000000,Finance,chat,7,0.0,completed,3.0,True
C001804,U0414,A016,2025-11-23 02:51:59.943358,Career,chat,3,76.0,completed,5.0,False
C001805,U0414,A016,2025-12-29 03:37:49.832080,Career,video,4,104.0,completed,4.0,False
C001806,U0414,A016,2026-02-08 12:33:03.071841,Marriage,video,11,292.0,completed,3.0,False
C001807,U0414,A013,2026-04-05 21:10:32.255901,Relationship,chat,7,68.0,completed,3.0,False
C001808,U0414,A016,2026-05-21 02:23:52.606852,Marriage,chat,4,110.0,completed,4.0,False
C001809,U0414,A014,2026-07-10 19:43:54.768358,Career,audio,20,493.0,completed,4.0,False
C001810,U0415,A023,2026-04-18 00:00:00.000000,Relationship,audio,14,0.0,completed,3.0,True
C001811,U0415,A016,2026-05-25 05:45:28.623655,Relationship,audio,16,408.0,dropped,,False
C001812,U0415,A016,2026-07-17 06:16:07.148474,Relationship,chat,3,78.0,completed,4.0,False
C001813,U0416,A018,2025-09-01 00:00:00.000000,Career,audio,10,0.0,completed,4.0,True
C001814,U0416,A030,2025-09-30 23:46:20.923215,Career,video,10,184.0,completed,4.0,False
C001815,U0416,A028,2025-10-21 18:47:02.734273,Career,video,17,265.0,completed,4.0,False
C001816,U0416,A030,2025-11-26 18:48:20.997445,Health,video,17,324.0,completed,3.0,False
C001817,U0416,A030,2025-12-19 10:26:03.358572,Career,chat,4,78.0,completed,4.0,False
C001818,U0416,A029,2026-01-28 13:30:27.933568,Career,chat,9,89.0,completed,2.0,False
C001819,U0416,A030,2026-02-23 23:09:13.211746,Career,chat,4,81.0,completed,3.0,False
C001820,U0416,A014,2026-03-27 13:25:35.430091,Relationship,chat,3,75.0,completed,4.0,False
C001821,U0416,A030,2026-04-27 03:37:09.587661,Career,audio,3,63.0,completed,4.0,False
C001822,U0416,A011,2026-05-23 06:19:30.681743,Relationship,chat,17,502.0,completed,2.0,False
C001823,U0416,A023,2026-06-27 05:29:17.817657,Career,chat,10,216.0,completed,3.0,False
C001824,U0416,A030,2026-07-26 21:30:20.980960,Career,audio,7,154.0,completed,4.0,False
C001825,U0417,A009,2025-10-14 00:00:00.000000,Family,audio,10,0.0,completed,3.0,True
C001826,U0418,A017,2026-01-10 00:00:00.000000,Relationship,video,19,0.0,completed,3.0,True
C001827,U0418,A023,2026-02-06 14:06:41.509524,Relationship,audio,11,202.0,completed,5.0,False
C001828,U0418,A014,2026-02-20 01:44:50.891396,Family,chat,9,206.0,completed,5.0,False
C001829,U0418,A014,2026-03-05 05:04:36.575584,Relationship,chat,3,70.0,completed,4.0,False
C001830,U0418,A014,2026-04-08 05:11:39.300469,Relationship,chat,15,356.0,completed,4.0,False
C001831,U0418,A014,2026-05-10 02:15:07.341314,Relationship,audio,14,339.0,completed,4.0,False
C001832,U0418,A014,2026-06-03 05:36:55.922299,Relationship,chat,12,296.0,completed,5.0,False
C001833,U0418,A004,2026-06-08 17:16:06.717116,Relationship,audio,8,164.0,completed,4.0,False
C001834,U0418,A014,2026-06-29 14:03:57.786681,Career,audio,11,281.0,completed,4.0,False
C001835,U0418,A013,2026-07-11 13:03:35.114709,Relationship,audio,12,127.0,completed,4.0,False
C001836,U0418,A004,2026-07-29 19:31:33.723765,Marriage,chat,11,238.0,completed,4.0,False
C001837,U0419,A016,2026-01-08 00:00:00.000000,General Vedic,chat,10,0.0,completed,3.0,True
C001838,U0419,A012,2026-02-22 08:25:45.781168,General Vedic,chat,11,168.0,completed,3.0,False
C001839,U0419,A014,2026-03-17 02:36:51.594205,General Vedic,chat,3,69.0,completed,4.0,False
C001840,U0419,A012,2026-05-03 02:48:50.675747,Health,chat,3,48.0,completed,4.0,False
C001841,U0419,A012,2026-07-28 15:13:41.169742,General Vedic,chat,12,194.0,completed,4.0,False
C001842,U0419,A012,2026-08-04 00:38:01.480350,Finance,chat,3,50.0,completed,5.0,False
C001843,U0420,A021,2025-08-12 00:00:00.000000,Relationship,video,10,0.0,completed,4.0,True
C001844,U0421,A025,2026-01-31 00:00:00.000000,Family,chat,14,0.0,completed,2.0,True
C001845,U0422,A007,2026-01-10 00:00:00.000000,Marriage,audio,15,0.0,completed,3.0,True
C001846,U0422,A003,2026-02-05 06:39:28.787708,Marriage,audio,10,255.0,completed,4.0,False
C001847,U0422,A026,2026-02-15 03:01:34.423735,Finance,chat,10,125.0,completed,4.0,False
C001848,U0422,A018,2026-02-16 03:01:34.423735,Marriage,chat,12,114.0,completed,4.0,False
C001849,U0422,A006,2026-03-15 15:11:44.224547,General Vedic,chat,4,52.0,completed,4.0,False
C001850,U0422,A026,2026-03-16 15:11:44.224547,Health,chat,17,224.0,dropped,,False
C001851,U0422,A019,2026-04-17 13:52:32.753866,Marriage,chat,10,246.0,completed,3.0,False
C001852,U0422,A026,2026-05-24 00:58:12.904299,Marriage,audio,5,68.0,completed,4.0,False
C001853,U0422,A026,2026-06-16 21:55:23.544247,Family,video,10,139.0,completed,4.0,False
C001854,U0422,A023,2026-07-07 17:53:59.023461,Marriage,chat,9,191.0,completed,4.0,False
C001855,U0422,A026,2026-08-02 13:40:37.286779,Marriage,video,9,130.0,completed,3.0,False
C001856,U0422,A026,2026-08-03 13:40:37.286779,Marriage,chat,15,220.0,dropped,,False
C001857,U0423,A022,2026-03-23 00:00:00.000000,Marriage,chat,11,0.0,completed,4.0,True
C001858,U0423,A029,2026-04-18 01:42:51.263738,Marriage,audio,22,202.0,completed,3.0,False
C001859,U0423,A029,2026-05-16 03:46:09.189186,Family,chat,10,94.0,completed,3.0,False
C001860,U0423,A015,2026-06-06 21:48:27.009148,Relationship,chat,3,70.0,failed,,False
C001861,U0423,A029,2026-07-06 03:19:17.142648,Marriage,chat,12,117.0,completed,3.0,False
C001862,U0423,A007,2026-07-28 22:25:12.803524,Marriage,chat,6,165.0,completed,4.0,False
C001863,U0424,A018,2025-11-07 00:00:00.000000,Relationship,video,20,0.0,completed,4.0,True
C001864,U0425,A015,2026-01-15 00:00:00.000000,Marriage,chat,3,0.0,completed,4.0,True
C001865,U0426,A008,2026-04-30 00:00:00.000000,Relationship,audio,10,0.0,completed,4.0,True
C001866,U0427,A006,2025-10-05 00:00:00.000000,General Vedic,chat,13,0.0,completed,3.0,True
C001867,U0427,A009,2025-12-30 17:43:01.711830,Health,chat,3,76.0,completed,3.0,False
C001868,U0427,A009,2026-03-04 00:52:39.192904,Health,chat,13,338.0,completed,3.0,False
C001869,U0427,A012,2026-04-22 14:59:37.295216,Marriage,video,16,254.0,completed,4.0,False
C001870,U0427,A009,2026-06-22 02:52:56.355626,Health,video,15,405.0,completed,3.0,False
C001871,U0428,A029,2026-05-11 00:00:00.000000,Career,chat,8,0.0,completed,3.0,True
C001872,U0429,A019,2026-04-28 00:00:00.000000,Marriage,audio,16,0.0,completed,3.0,True
C001873,U0429,A011,2026-06-24 13:32:57.098274,Marriage,chat,9,230.0,dropped,,False
C001874,U0429,A022,2026-08-11 09:32:12.436416,Marriage,audio,13,338.0,completed,4.0,False
C001875,U0430,A020,2026-06-15 00:00:00.000000,Career,chat,9,0.0,completed,4.0,True
C001876,U0431,A003,2026-03-29 00:00:00.000000,Finance,chat,7,0.0,completed,3.0,True
C001877,U0431,A005,2026-04-26 03:52:39.597215,Finance,chat,6,135.0,completed,5.0,False
C001878,U0431,A013,2026-04-27 03:52:39.597215,Relationship,audio,8,75.0,completed,3.0,False
C001879,U0431,A013,2026-05-31 19:30:35.221680,Finance,chat,15,143.0,completed,3.0,False
C001880,U0431,A013,2026-07-13 04:57:26.161764,Finance,chat,22,214.0,completed,3.0,False
C001881,U0432,A018,2025-09-30 00:00:00.000000,Finance,video,9,0.0,completed,4.0,True
C001882,U0432,A028,2025-10-23 17:59:04.001725,Marriage,audio,7,107.0,completed,5.0,False
C001883,U0432,A030,2025-11-14 18:45:45.354645,Career,chat,7,131.0,completed,3.0,False
C001884,U0432,A028,2025-12-13 11:55:01.504403,Marriage,chat,4,64.0,completed,3.0,False
C001885,U0432,A008,2025-12-14 11:55:01.504403,Marriage,audio,16,259.0,completed,4.0,False
C001886,U0432,A009,2026-01-01 14:51:06.597919,Career,chat,4,110.0,completed,3.0,False
C001887,U0432,A022,2026-01-18 22:58:00.343635,Marriage,audio,10,280.0,completed,4.0,False
C001888,U0432,A028,2026-01-27 18:00:53.414475,Marriage,audio,16,274.0,completed,4.0,False
C001889,U0432,A018,2026-02-17 01:07:41.140814,Marriage,audio,12,125.0,completed,3.0,False
C001890,U0432,A028,2026-03-24 05:11:25.244225,Marriage,chat,11,195.0,completed,4.0,False
C001891,U0432,A010,2026-03-27 17:41:28.709055,Marriage,chat,14,151.0,completed,3.0,False
C001892,U0432,A028,2026-04-16 20:59:42.951205,Marriage,chat,10,183.0,completed,4.0,False
C001893,U0432,A028,2026-05-14 18:40:21.265145,Family,audio,13,242.0,completed,4.0,False
C001894,U0432,A007,2026-05-31 16:49:29.551527,Marriage,video,14,441.0,completed,4.0,False
C001895,U0432,A028,2026-06-01 16:49:29.551527,Marriage,audio,12,230.0,completed,4.0,False
C001896,U0432,A028,2026-07-05 15:20:03.519105,Marriage,chat,7,136.0,completed,5.0,False
C001897,U0432,A028,2026-07-06 15:20:03.519105,General Vedic,video,9,178.0,dropped,,False
C001898,U0432,A028,2026-07-11 19:27:19.352266,Career,chat,20,402.0,completed,3.0,False
C001899,U0432,A023,2026-07-14 21:57:28.808035,Marriage,video,18,441.0,completed,3.0,False
C001900,U0432,A028,2026-07-18 09:33:51.812231,Marriage,chat,8,166.0,completed,4.0,False
C001901,U0432,A003,2026-08-08 00:13:35.772636,Marriage,chat,15,525.0,completed,4.0,False
C001902,U0433,A020,2025-12-17 00:00:00.000000,Relationship,chat,10,0.0,completed,3.0,True
C001903,U0433,A014,2026-03-15 04:00:48.781624,Career,chat,8,180.0,failed,,False
C001904,U0433,A014,2026-06-18 23:54:29.866803,Career,chat,12,275.0,failed,,False
C001905,U0434,A026,2026-05-03 00:00:00.000000,Marriage,audio,10,0.0,completed,3.0,True
C001906,U0434,A005,2026-06-17 12:48:33.582347,Marriage,chat,3,67.0,completed,5.0,False
C001907,U0434,A028,2026-07-03 10:56:49.545538,Family,audio,4,62.0,completed,4.0,False
C001908,U0435,A018,2026-03-14 00:00:00.000000,Relationship,chat,12,0.0,completed,5.0,True
C001909,U0435,A012,2026-04-02 05:46:35.846136,Relationship,audio,12,184.0,completed,4.0,False
C001910,U0435,A027,2026-04-19 11:42:19.794063,Relationship,chat,6,112.0,completed,4.0,False
C001911,U0435,A029,2026-04-27 09:57:04.224876,Relationship,audio,15,143.0,completed,3.0,False
C001912,U0435,A012,2026-05-22 12:31:16.189107,Relationship,audio,17,275.0,completed,3.0,False
C001913,U0435,A018,2026-06-14 16:43:49.618635,Relationship,audio,9,89.0,completed,5.0,False
C001914,U0435,A003,2026-07-01 17:25:11.517791,General Vedic,chat,12,336.0,completed,3.0,False
C001915,U0435,A012,2026-07-17 18:23:06.992612,Relationship,chat,15,256.0,completed,3.0,False
C001916,U0435,A012,2026-08-03 23:33:35.533036,Relationship,video,7,122.0,completed,4.0,False
C001917,U0436,A003,2026-01-11 00:00:00.000000,General Vedic,audio,15,0.0,completed,3.0,True
C001918,U0436,A010,2026-04-14 09:55:12.470033,Finance,chat,12,110.0,completed,5.0,False
C001919,U0436,A014,2026-07-07 08:47:33.103547,General Vedic,chat,4,92.0,completed,4.0,False
C001920,U0437,A025,2025-07-18 00:00:00.000000,Health,chat,10,0.0,completed,4.0,True
C001921,U0437,A026,2025-08-21 01:55:36.757114,Health,audio,6,73.0,completed,4.0,False
C001922,U0437,A005,2025-10-20 08:26:27.270493,Career,chat,6,137.0,completed,3.0,False
C001923,U0437,A013,2025-11-07 14:23:59.935498,Relationship,audio,8,76.0,completed,3.0,False
C001924,U0437,A005,2025-11-21 02:41:37.518148,Health,chat,17,404.0,completed,4.0,False
C001925,U0437,A005,2026-01-20 04:48:24.955265,Health,video,13,315.0,completed,4.0,False
C001926,U0437,A005,2026-03-19 19:47:19.808099,Health,video,7,172.0,completed,5.0,False
C001927,U0437,A005,2026-04-16 15:02:40.326214,Health,chat,7,176.0,completed,5.0,False
C001928,U0437,A005,2026-06-04 07:42:11.163743,Health,video,10,255.0,completed,4.0,False
C001929,U0437,A001,2026-07-15 21:11:38.428342,Health,audio,17,502.0,dropped,,False
C001930,U0438,A014,2025-07-23 00:00:00.000000,Family,audio,16,0.0,completed,3.0,True
C001931,U0438,A002,2025-09-18 00:32:36.960212,Relationship,chat,12,269.0,completed,2.0,False
C001932,U0438,A015,2025-10-08 17:06:29.507176,Finance,audio,12,275.0,completed,5.0,False
C001933,U0438,A002,2025-11-18 00:21:03.890188,Family,chat,7,163.0,completed,2.0,False
C001934,U0438,A002,2026-01-01 12:27:47.332429,Relationship,video,10,238.0,completed,2.0,False
C001935,U0438,A002,2026-01-02 12:27:47.332429,Finance,audio,18,436.0,completed,2.0,False
C001936,U0438,A020,2026-03-01 10:44:15.692976,Relationship,audio,9,181.0,completed,3.0,False
C001937,U0438,A022,2026-05-15 07:25:41.283727,Finance,audio,3,86.0,completed,3.0,False
C001938,U0439,A017,2025-08-16 00:00:00.000000,Career,chat,13,0.0,completed,3.0,True
C001939,U0439,A014,2025-11-07 04:15:09.574495,Career,chat,4,90.0,completed,5.0,False
C001940,U0439,A014,2026-01-11 11:19:58.387162,Family,chat,3,69.0,completed,3.0,False
C001941,U0439,A011,2026-03-28 07:09:40.831999,Career,audio,8,212.0,completed,3.0,False
C001942,U0439,A014,2026-06-01 18:57:15.572406,Career,chat,6,143.0,completed,4.0,False
C001943,U0439,A014,2026-07-08 16:37:32.171499,Career,video,8,194.0,completed,4.0,False
C001944,U0440,A028,2025-07-21 00:00:00.000000,Career,audio,17,0.0,completed,4.0,True
C001945,U0441,A019,2026-02-10 00:00:00.000000,Family,chat,7,0.0,completed,3.0,True
C001946,U0441,A021,2026-02-24 02:02:10.750799,Family,chat,13,292.0,completed,5.0,False
C001947,U0441,A021,2026-04-12 21:32:30.039933,Family,audio,3,69.0,completed,4.0,False
C001948,U0441,A021,2026-06-18 01:16:38.008820,Family,audio,10,233.0,completed,3.0,False
C001949,U0442,A015,2026-03-21 00:00:00.000000,Family,audio,11,0.0,completed,3.0,True
C001950,U0442,A024,2026-07-08 11:00:22.048410,Finance,audio,14,257.0,completed,4.0,False
C001951,U0443,A022,2026-06-06 00:00:00.000000,Marriage,chat,11,0.0,completed,4.0,True
C001952,U0444,A024,2025-08-18 00:00:00.000000,Career,audio,18,0.0,completed,4.0,True
C001953,U0445,A021,2025-08-22 00:00:00.000000,Finance,chat,18,0.0,completed,5.0,True
C001954,U0445,A018,2025-10-17 23:48:23.889606,Family,chat,12,110.0,completed,4.0,False
C001955,U0445,A011,2025-12-24 12:34:38.258588,Family,chat,7,182.0,completed,4.0,False
C001956,U0445,A011,2026-02-28 16:49:23.236058,Finance,chat,3,80.0,completed,3.0,False
C001957,U0445,A011,2026-04-20 20:55:02.715177,Finance,chat,8,216.0,completed,3.0,False
C001958,U0445,A011,2026-06-11 13:45:59.019229,Family,chat,6,165.0,completed,3.0,False
C001959,U0445,A006,2026-08-02 18:43:05.722784,Family,audio,3,40.0,completed,3.0,False
C001960,U0446,A011,2025-08-03 00:00:00.000000,Marriage,audio,21,0.0,completed,2.0,True
C001961,U0446,A024,2025-08-09 03:25:41.180638,Marriage,video,20,367.0,completed,5.0,False
C001962,U0446,A024,2025-08-28 02:44:19.088572,Finance,chat,6,112.0,completed,4.0,False
C001963,U0446,A024,2025-09-04 15:09:00.069705,Health,chat,3,57.0,completed,4.0,False
C001964,U0446,A024,2025-09-26 03:18:14.832666,Marriage,video,9,175.0,completed,4.0,False
C001965,U0446,A009,2025-10-11 18:45:53.616679,Marriage,chat,11,302.0,completed,4.0,False
C001966,U0446,A024,2025-11-05 06:02:43.658645,Marriage,video,17,343.0,completed,4.0,False
C001967,U0446,A024,2025-12-05 04:15:45.899594,Marriage,chat,9,185.0,completed,4.0,False
C001968,U0446,A028,2026-01-04 07:34:45.139297,Marriage,video,13,226.0,failed,,False
C001969,U0446,A024,2026-02-07 05:39:32.079339,Finance,audio,17,361.0,completed,5.0,False
C001970,U0446,A016,2026-02-13 21:05:17.914240,Family,audio,3,90.0,completed,4.0,False
C001971,U0447,A030,2025-09-24 00:00:00.000000,General Vedic,chat,9,0.0,completed,3.0,True
C001972,U0447,A014,2025-11-01 13:48:55.930111,General Vedic,audio,9,202.0,completed,4.0,False
C001973,U0447,A027,2025-12-14 04:56:23.213572,General Vedic,chat,3,56.0,completed,3.0,False
C001974,U0447,A027,2026-02-11 13:03:43.469481,General Vedic,chat,10,191.0,completed,3.0,False
C001975,U0447,A027,2026-05-06 19:19:04.998677,General Vedic,chat,8,156.0,completed,4.0,False
C001976,U0447,A027,2026-06-11 11:38:32.728145,Marriage,chat,10,198.0,completed,4.0,False
C001977,U0447,A027,2026-07-05 01:31:37.924743,Health,chat,11,222.0,completed,4.0,False
C001978,U0447,A027,2026-07-08 06:32:27.921942,General Vedic,audio,11,226.0,completed,4.0,False
C001979,U0447,A020,2026-08-12 05:55:42.480076,General Vedic,chat,14,292.0,completed,3.0,False
C001980,U0448,A028,2026-04-23 00:00:00.000000,Relationship,audio,14,0.0,completed,5.0,True
C001981,U0449,A023,2025-09-09 00:00:00.000000,Career,audio,3,0.0,completed,3.0,True
C001982,U0450,A017,2026-06-09 00:00:00.000000,Career,audio,11,0.0,completed,4.0,True
C001983,U0451,A017,2026-04-01 00:00:00.000000,Marriage,chat,10,0.0,completed,3.0,True
C001984,U0452,A030,2026-04-12 00:00:00.000000,Career,chat,6,0.0,completed,3.0,True
C001985,U0452,A002,2026-07-01 00:02:55.533746,Career,chat,7,157.0,dropped,,False
C001986,U0453,A022,2025-10-10 00:00:00.000000,Career,audio,19,0.0,completed,4.0,True
C001987,U0453,A025,2025-11-30 18:03:40.015869,Family,chat,4,102.0,completed,3.0,False
C001988,U0453,A020,2025-12-10 04:12:33.408338,Family,chat,11,206.0,completed,4.0,False
C001989,U0453,A025,2026-02-25 14:12:12.522953,Family,chat,15,398.0,completed,4.0,False
C001990,U0453,A011,2026-04-23 06:52:34.645436,Relationship,chat,7,189.0,completed,2.0,False
C001991,U0453,A011,2026-08-08 02:52:44.368498,Family,chat,11,302.0,completed,3.0,False
C001992,U0454,A029,2025-09-04 00:00:00.000000,Career,chat,3,0.0,completed,3.0,True
C001993,U0454,A012,2025-09-20 07:51:58.649336,Career,video,3,46.0,completed,5.0,False
C001994,U0454,A012,2025-10-03 08:50:01.710182,Career,audio,5,78.0,completed,4.0,False
C001995,U0454,A012,2025-10-05 05:28:48.902866,Career,chat,14,223.0,completed,3.0,False
C001996,U0454,A012,2025-11-13 03:32:39.630981,Career,chat,10,162.0,completed,4.0,False
C001997,U0454,A012,2025-12-03 18:49:34.526942,Family,chat,6,99.0,completed,2.0,False
C001998,U0454,A012,2026-01-10 11:13:06.008792,Family,audio,7,118.0,completed,4.0,False
C001999,U0454,A012,2026-02-13 02:46:29.952890,Family,video,12,205.0,completed,4.0,False
C002000,U0454,A012,2026-03-11 18:58:58.758005,Career,chat,10,174.0,completed,3.0,False
C002001,U0454,A012,2026-03-24 09:44:34.925211,Career,audio,12,212.0,completed,5.0,False
C002002,U0454,A012,2026-04-21 20:39:51.406020,Health,audio,10,180.0,completed,4.0,False
C002003,U0454,A012,2026-05-02 17:24:36.068302,Relationship,audio,16,293.0,completed,3.0,False
C002004,U0454,A012,2026-06-11 05:20:25.388569,Career,chat,10,186.0,completed,4.0,False
C002005,U0454,A012,2026-06-28 23:03:04.263582,Career,chat,21,397.0,completed,4.0,False
C002006,U0454,A012,2026-07-17 05:36:14.034409,Career,audio,3,58.0,completed,4.0,False
C002007,U0454,A012,2026-08-04 04:29:12.643034,Career,audio,7,136.0,completed,4.0,False
C002008,U0455,A002,2026-01-20 00:00:00.000000,Career,chat,10,0.0,completed,2.0,True
C002009,U0455,A024,2026-03-06 00:46:08.337540,Career,video,11,202.0,completed,4.0,False
C002010,U0455,A002,2026-05-02 06:30:39.499509,Health,audio,15,343.0,completed,1.0,False
C002011,U0455,A005,2026-06-26 14:43:06.484366,Relationship,audio,3,70.0,completed,4.0,False
C002012,U0455,A024,2026-08-14 07:44:15.389591,Finance,audio,8,156.0,completed,3.0,False
C002013,U0456,A022,2025-10-07 00:00:00.000000,Career,audio,13,0.0,completed,3.0,True
C002014,U0456,A004,2026-02-04 09:03:44.985485,Health,chat,4,73.0,completed,4.0,False
C002015,U0456,A007,2026-04-21 07:05:58.234938,Health,chat,6,156.0,completed,3.0,False
C002016,U0456,A011,2026-05-30 18:36:24.555799,Relationship,audio,8,212.0,completed,3.0,False
C002017,U0457,A020,2025-10-06 00:00:00.000000,Relationship,chat,6,0.0,completed,3.0,True
C002018,U0458,A017,2026-03-20 00:00:00.000000,Health,audio,7,0.0,completed,3.0,True
C002019,U0459,A013,2025-08-28 00:00:00.000000,Marriage,chat,11,0.0,completed,3.0,True
C002020,U0460,A029,2025-08-20 00:00:00.000000,Career,video,12,0.0,completed,3.0,True
C002021,U0461,A026,2025-11-23 00:00:00.000000,Marriage,chat,7,0.0,completed,4.0,True
C002022,U0462,A016,2025-12-06 00:00:00.000000,Marriage,chat,3,0.0,completed,4.0,True
C002023,U0462,A017,2025-12-16 12:13:30.235203,Career,chat,7,157.0,completed,4.0,False
C002024,U0463,A012,2025-08-08 00:00:00.000000,Relationship,audio,15,0.0,completed,4.0,True
C002025,U0464,A001,2025-12-24 00:00:00.000000,Finance,audio,11,0.0,completed,2.0,True
C002026,U0465,A008,2026-03-21 00:00:00.000000,Finance,chat,3,0.0,completed,4.0,True
C002027,U0465,A003,2026-06-02 11:42:46.004697,Career,chat,9,230.0,completed,3.0,False
C002028,U0466,A010,2026-05-29 00:00:00.000000,Family,chat,14,0.0,completed,5.0,True
C002029,U0467,A016,2026-03-24 00:00:00.000000,Career,chat,9,0.0,completed,2.0,True
C002030,U0467,A004,2026-04-07 13:15:57.922720,Finance,video,10,184.0,completed,4.0,False
C002031,U0467,A017,2026-04-23 11:32:24.586440,Finance,audio,6,137.0,completed,4.0,False
C002032,U0467,A007,2026-04-26 07:56:22.027329,Finance,chat,9,238.0,completed,5.0,False
C002033,U0467,A017,2026-04-30 15:05:48.897943,Relationship,chat,6,143.0,completed,3.0,False
C002034,U0468,A016,2025-08-17 00:00:00.000000,Career,audio,8,0.0,completed,3.0,True
C002035,U0468,A026,2025-10-15 07:16:17.854160,Career,audio,14,171.0,completed,4.0,False
C002036,U0468,A026,2025-11-28 23:59:42.159316,Family,chat,3,37.0,completed,4.0,False
C002037,U0468,A026,2026-01-06 03:19:41.667155,Career,chat,3,38.0,completed,3.0,False
C002038,U0468,A026,2026-04-24 01:18:45.852274,Career,video,13,168.0,completed,4.0,False
C002039,U0468,A026,2026-06-16 02:21:24.107690,Marriage,video,7,92.0,completed,4.0,False
C002040,U0468,A026,2026-08-12 20:25:34.176986,Career,chat,8,108.0,completed,5.0,False
C002041,U0469,A018,2025-10-08 00:00:00.000000,General Vedic,video,13,0.0,completed,3.0,True
C002042,U0469,A008,2025-11-03 11:59:10.711976,Relationship,chat,12,184.0,completed,4.0,False
C002043,U0469,A008,2025-11-13 00:08:30.356878,General Vedic,chat,7,109.0,completed,5.0,False
C002044,U0469,A008,2025-12-22 16:00:29.529223,General Vedic,chat,14,223.0,completed,5.0,False
C002045,U0469,A008,2026-01-08 06:25:25.021796,Finance,chat,6,97.0,completed,3.0,False
C002046,U0469,A008,2026-01-21 05:12:31.193825,Marriage,audio,9,148.0,completed,4.0,False
C002047,U0469,A008,2026-02-23 21:18:52.255279,General Vedic,audio,10,168.0,completed,5.0,False
C002048,U0469,A014,2026-03-14 23:41:14.356855,Finance,audio,13,326.0,completed,5.0,False
C002049,U0469,A027,2026-03-18 16:37:29.730811,General Vedic,chat,5,104.0,completed,4.0,False
C002050,U0469,A005,2026-04-07 15:29:07.568461,General Vedic,chat,9,234.0,completed,4.0,False
C002051,U0469,A009,2026-04-30 09:37:15.709233,General Vedic,chat,8,240.0,completed,4.0,False
C002052,U0469,A008,2026-05-21 13:16:01.512450,General Vedic,video,17,311.0,failed,,False
C002053,U0469,A008,2026-06-09 03:03:17.051372,General Vedic,chat,15,279.0,completed,4.0,False
C002054,U0469,A008,2026-06-23 02:53:58.910902,General Vedic,video,7,132.0,completed,4.0,False
C002055,U0469,A008,2026-07-07 03:06:15.122617,General Vedic,video,21,403.0,completed,5.0,False
C002056,U0469,A008,2026-07-18 21:30:02.798970,General Vedic,audio,9,176.0,completed,4.0,False
C002057,U0470,A008,2026-01-19 00:00:00.000000,Career,audio,16,0.0,completed,4.0,True
C002058,U0471,A016,2026-03-04 00:00:00.000000,Career,chat,9,0.0,completed,3.0,True
C002059,U0472,A023,2026-02-21 00:00:00.000000,Career,video,10,0.0,completed,4.0,True
C002060,U0472,A030,2026-02-22 00:00:00.000000,Career,audio,14,257.0,completed,5.0,False
C002061,U0472,A014,2026-03-02 08:50:09.023510,Career,chat,3,69.0,completed,4.0,False
C002062,U0472,A014,2026-04-07 14:48:13.495459,Career,audio,9,210.0,completed,4.0,False
C002063,U0472,A014,2026-04-30 16:22:52.460292,Family,chat,9,214.0,completed,4.0,False
C002064,U0472,A014,2026-05-20 05:10:24.151863,Career,chat,13,315.0,completed,3.0,False
C002065,U0472,A020,2026-06-26 11:48:40.177948,Career,audio,3,60.0,completed,3.0,False
C002066,U0472,A014,2026-07-10 21:17:04.256977,Marriage,chat,11,276.0,completed,5.0,False
C002067,U0472,A009,2026-08-02 13:16:53.089610,Career,chat,6,174.0,completed,3.0,False
C002068,U0473,A007,2026-05-08 00:00:00.000000,Career,chat,7,0.0,completed,3.0,True
C002069,U0474,A022,2025-11-09 00:00:00.000000,Career,chat,10,0.0,completed,4.0,True
C002070,U0474,A007,2026-01-02 05:44:58.646112,Career,chat,10,255.0,completed,4.0,False
C002071,U0474,A007,2026-03-01 00:56:44.270326,Career,audio,13,338.0,completed,3.0,False
C002072,U0474,A007,2026-05-10 12:40:38.709449,Career,chat,10,265.0,completed,3.0,False
C002073,U0474,A007,2026-05-24 23:10:44.692045,Career,chat,5,135.0,completed,4.0,False
C002074,U0475,A029,2025-08-06 00:00:00.000000,Career,chat,12,0.0,completed,4.0,True
C002075,U0476,A002,2026-02-13 00:00:00.000000,Relationship,audio,11,0.0,completed,3.0,True
C002076,U0477,A011,2026-03-08 00:00:00.000000,Marriage,chat,7,0.0,completed,4.0,True
C002077,U0478,A024,2025-11-23 00:00:00.000000,General Vedic,audio,10,0.0,completed,5.0,True
C002078,U0478,A018,2025-12-13 09:49:29.133946,General Vedic,audio,11,101.0,completed,4.0,False
C002079,U0478,A018,2026-01-05 16:02:30.184519,General Vedic,chat,4,37.0,completed,4.0,False
C002080,U0478,A019,2026-01-28 05:17:35.411502,General Vedic,audio,15,350.0,completed,3.0,False
C002081,U0478,A026,2026-02-07 21:44:23.157721,General Vedic,chat,3,39.0,completed,4.0,False
C002082,U0478,A018,2026-04-03 14:16:20.448823,General Vedic,chat,13,129.0,completed,4.0,False
C002083,U0478,A018,2026-05-10 13:49:07.657542,General Vedic,audio,12,121.0,completed,3.0,False
C002084,U0478,A018,2026-07-13 06:02:30.491506,Career,audio,14,144.0,completed,3.0,False
C002085,U0478,A018,2026-07-14 06:02:30.491506,General Vedic,audio,19,198.0,completed,3.0,False
C002086,U0479,A010,2026-05-08 00:00:00.000000,Marriage,chat,9,0.0,completed,4.0,True
C002087,U0479,A003,2026-06-08 12:55:03.815384,Marriage,audio,7,178.0,completed,4.0,False
C002088,U0480,A018,2025-08-11 00:00:00.000000,Health,audio,4,0.0,completed,4.0,True
C002089,U0480,A018,2025-10-23 16:54:14.260703,Career,audio,16,147.0,completed,4.0,False
C002090,U0480,A018,2025-11-05 11:12:30.826629,Career,chat,11,103.0,completed,4.0,False
C002091,U0480,A010,2026-02-01 06:15:51.809644,Relationship,video,6,57.0,completed,3.0,False
C002092,U0480,A018,2026-02-07 04:04:59.342401,General Vedic,chat,8,78.0,completed,3.0,False
C002093,U0480,A018,2026-04-18 19:50:32.220752,Career,chat,20,198.0,completed,4.0,False
C002094,U0480,A018,2026-06-06 05:12:18.787337,Career,chat,8,81.0,completed,4.0,False
C002095,U0480,A018,2026-06-17 08:20:30.509697,Career,chat,10,103.0,completed,4.0,False
C002096,U0480,A018,2026-08-08 06:39:02.076444,Career,chat,6,63.0,completed,5.0,False
C002097,U0481,A006,2026-06-06 00:00:00.000000,Family,video,17,0.0,completed,3.0,True
C002098,U0481,A017,2026-07-11 10:01:35.504763,Finance,chat,14,314.0,completed,4.0,False
C002099,U0482,A008,2026-05-04 00:00:00.000000,Family,chat,3,0.0,completed,3.0,True
C002100,U0482,A006,2026-06-04 01:29:23.415627,Family,chat,7,86.0,completed,4.0,False
C002101,U0482,A029,2026-08-10 11:08:35.571214,Family,chat,7,66.0,completed,3.0,False
C002102,U0483,A015,2025-12-24 00:00:00.000000,Career,chat,3,0.0,completed,4.0,True
C002103,U0483,A025,2026-01-13 17:12:09.526800,Relationship,audio,20,510.0,completed,4.0,False
C002104,U0483,A025,2026-02-07 16:34:14.480904,Family,audio,22,572.0,completed,2.0,False
C002105,U0483,A025,2026-02-21 07:27:08.187521,Marriage,audio,7,186.0,completed,2.0,False
C002106,U0483,A025,2026-03-08 03:43:03.784918,Relationship,chat,12,324.0,completed,4.0,False
C002107,U0483,A025,2026-03-20 23:01:57.631393,Career,video,17,468.0,completed,3.0,False
C002108,U0483,A025,2026-04-05 18:52:26.422680,Career,audio,22,616.0,completed,3.0,False
C002109,U0483,A025,2026-05-01 03:10:22.305404,Health,video,11,314.0,completed,3.0,False
C002110,U0483,A025,2026-05-27 07:38:59.748464,Marriage,chat,3,87.0,completed,2.0,False
C002111,U0483,A025,2026-06-09 20:52:17.102158,Career,chat,3,88.0,completed,3.0,False
C002112,U0483,A025,2026-06-26 11:41:33.123892,Marriage,chat,7,210.0,completed,3.0,False
C002113,U0483,A025,2026-07-24 20:19:04.622840,Career,chat,14,427.0,completed,3.0,False
C002114,U0484,A023,2025-09-03 00:00:00.000000,Career,audio,15,0.0,completed,4.0,True
C002115,U0484,A017,2025-09-09 09:01:48.548568,Career,audio,18,404.0,completed,2.0,False
C002116,U0484,A017,2025-09-10 09:01:48.548568,Career,chat,9,206.0,completed,4.0,False
C002117,U0484,A017,2025-10-25 08:56:41.061137,Career,audio,13,303.0,completed,3.0,False
C002118,U0484,A017,2025-12-17 02:24:13.813695,Career,chat,9,214.0,completed,4.0,False
C002119,U0484,A010,2025-12-24 10:11:09.677895,Career,audio,14,139.0,completed,5.0,False
C002120,U0484,A017,2026-01-01 09:59:30.680652,Career,chat,3,74.0,completed,4.0,False
C002121,U0484,A017,2026-01-11 08:59:03.919431,General Vedic,chat,8,201.0,completed,3.0,False
C002122,U0484,A009,2026-01-29 10:02:51.966031,Career,audio,11,319.0,completed,3.0,False
C002123,U0484,A017,2026-02-09 09:04:22.646715,Career,chat,4,104.0,completed,5.0,False
C002124,U0484,A017,2026-03-07 16:04:01.284307,Career,chat,16,422.0,completed,4.0,False
C002125,U0484,A017,2026-04-03 15:53:57.621639,Career,audio,3,81.0,completed,4.0,False
C002126,U0484,A017,2026-04-11 15:43:32.126047,Career,video,13,355.0,completed,5.0,False
C002127,U0484,A021,2026-05-06 08:35:57.233249,Career,audio,13,360.0,completed,4.0,False
C002128,U0484,A011,2026-05-30 04:57:41.691958,Career,video,6,192.0,completed,2.0,False
C002129,U0484,A017,2026-06-11 22:25:17.211596,Marriage,chat,3,86.0,completed,4.0,False
C002130,U0484,A012,2026-06-23 00:29:48.999389,Marriage,chat,5,99.0,completed,5.0,False
C002131,U0484,A017,2026-07-13 20:45:56.969282,Career,audio,12,354.0,completed,4.0,False
C002132,U0484,A017,2026-07-29 08:56:03.842695,Career,chat,12,359.0,completed,3.0,False
C002133,U0485,A014,2025-10-23 00:00:00.000000,General Vedic,video,20,0.0,completed,4.0,True
C002134,U0486,A013,2025-10-23 00:00:00.000000,Health,video,14,0.0,completed,4.0,True
C002135,U0486,A016,2026-02-08 17:27:29.532063,Health,chat,3,76.0,completed,4.0,False
C002136,U0486,A016,2026-02-09 17:27:29.532063,General Vedic,chat,6,156.0,completed,4.0,False
C002137,U0486,A016,2026-02-17 23:46:14.361545,General Vedic,audio,8,212.0,completed,4.0,False
C002138,U0486,A016,2026-05-09 23:37:18.241713,General Vedic,audio,21,567.0,completed,3.0,False
C002139,U0486,A009,2026-07-31 10:37:37.962708,General Vedic,audio,10,275.0,completed,4.0,False
C002140,U0487,A011,2025-11-30 00:00:00.000000,Career,audio,18,0.0,completed,4.0,True
C002141,U0487,A023,2026-01-15 16:46:40.435331,Career,chat,5,92.0,completed,3.0,False
C002142,U0487,A016,2026-03-01 23:46:23.489397,Marriage,chat,4,104.0,completed,3.0,False
C002143,U0487,A016,2026-03-27 12:29:21.214592,Career,chat,3,80.0,completed,5.0,False
C002144,U0487,A016,2026-04-17 19:19:52.701437,Career,audio,3,81.0,completed,4.0,False
C002145,U0487,A020,2026-06-22 07:28:46.845610,Career,audio,7,139.0,completed,3.0,False
C002146,U0488,A005,2025-11-23 00:00:00.000000,Family,audio,10,0.0,completed,5.0,True
C002147,U0488,A009,2026-02-23 01:02:36.068662,Family,video,6,153.0,completed,3.0,False
C002148,U0488,A009,2026-04-23 22:31:07.272701,Family,audio,10,260.0,completed,4.0,False
C002149,U0488,A009,2026-06-13 02:15:25.957403,Family,audio,11,292.0,completed,4.0,False
C002150,U0489,A008,2026-03-03 00:00:00.000000,Marriage,chat,16,0.0,completed,4.0,True
C002151,U0489,A001,2026-04-02 23:54:49.864598,Family,audio,4,102.0,completed,1.0,False
C002152,U0489,A001,2026-04-03 23:54:49.864598,Marriage,chat,11,286.0,completed,4.0,False
C002153,U0489,A006,2026-04-11 15:20:37.570461,Family,audio,3,38.0,completed,4.0,False
C002154,U0489,A001,2026-04-17 22:19:58.720048,Marriage,audio,3,81.0,completed,3.0,False
C002155,U0489,A014,2026-05-11 11:53:53.627810,Marriage,chat,6,145.0,completed,4.0,False
C002156,U0489,A001,2026-05-23 08:19:02.172490,Marriage,video,20,560.0,completed,3.0,False
C002157,U0489,A001,2026-06-08 23:14:22.433122,Marriage,chat,10,285.0,completed,2.0,False
C002158,U0490,A005,2025-10-11 00:00:00.000000,Finance,audio,10,0.0,completed,4.0,True
C002159,U0491,A007,2025-11-19 00:00:00.000000,Career,chat,14,0.0,completed,4.0,True
C002160,U0491,A011,2025-12-21 05:08:28.628327,Career,chat,5,128.0,completed,3.0,False
C002161,U0491,A030,2026-01-26 00:23:43.127008,Family,chat,13,243.0,completed,3.0,False
C002162,U0491,A010,2026-02-26 15:59:14.690436,Relationship,audio,3,29.0,completed,2.0,False
C002163,U0491,A017,2026-03-24 14:21:54.688007,General Vedic,video,13,309.0,failed,,False
C002164,U0491,A015,2026-04-14 21:51:20.348569,Career,chat,13,315.0,completed,4.0,False
C002165,U0491,A017,2026-05-03 12:21:19.659624,Career,audio,8,197.0,completed,4.0,False
C002166,U0491,A017,2026-05-20 18:40:04.443168,Relationship,audio,6,150.0,completed,3.0,False
C002167,U0491,A017,2026-06-18 16:41:20.365181,Career,audio,14,357.0,completed,5.0,False
C002168,U0491,A017,2026-07-21 05:46:14.681370,Career,chat,14,363.0,completed,4.0,False
C002169,U0491,A020,2026-08-11 13:13:21.863443,Career,audio,15,324.0,completed,3.0,False
C002170,U0492,A009,2025-07-15 00:00:00.000000,Relationship,chat,3,0.0,completed,4.0,True
C002171,U0492,A026,2026-06-14 15:23:08.176509,Family,audio,4,49.0,completed,3.0,False
C002172,U0493,A004,2025-11-21 00:00:00.000000,Relationship,chat,5,0.0,completed,4.0,True
C002173,U0493,A021,2026-01-12 16:47:52.954209,General Vedic,audio,10,224.0,completed,4.0,False
C002174,U0493,A021,2026-05-10 00:29:37.355690,Relationship,audio,12,275.0,completed,4.0,False
C002175,U0493,A021,2026-07-07 00:45:27.202731,Finance,audio,4,93.0,completed,5.0,False
C002176,U0494,A004,2025-08-11 00:00:00.000000,Career,chat,6,0.0,completed,5.0,True
C002177,U0495,A008,2026-05-11 00:00:00.000000,Relationship,chat,7,0.0,completed,5.0,True
C002178,U0496,A021,2025-12-03 00:00:00.000000,Family,video,7,0.0,completed,3.0,True
C002179,U0496,A006,2025-12-23 21:49:32.506945,Family,video,17,208.0,completed,4.0,False
C002180,U0496,A006,2026-02-26 03:56:42.919536,Family,audio,11,137.0,completed,5.0,False
C002181,U0496,A006,2026-04-01 11:47:10.547503,Health,chat,6,76.0,completed,4.0,False
C002182,U0496,A006,2026-04-20 04:15:56.520647,Health,chat,3,39.0,completed,5.0,False
C002183,U0496,A006,2026-05-02 22:53:17.320482,Health,chat,7,92.0,completed,4.0,False
C002184,U0496,A020,2026-05-15 15:27:55.226820,Family,audio,14,282.0,completed,4.0,False
C002185,U0496,A006,2026-06-01 05:43:21.989981,General Vedic,audio,13,178.0,completed,3.0,False
C002186,U0496,A006,2026-06-28 11:42:50.683851,Finance,audio,12,167.0,completed,4.0,False
C002187,U0496,A002,2026-07-12 09:23:41.918651,Family,audio,10,260.0,completed,2.0,False
C002188,U0496,A006,2026-07-28 07:53:37.338795,Family,chat,5,72.0,completed,3.0,False
C002189,U0497,A016,2025-09-06 00:00:00.000000,Career,chat,3,0.0,completed,4.0,True
C002190,U0497,A020,2025-10-01 09:28:50.063964,Marriage,audio,6,110.0,completed,4.0,False
C002191,U0497,A023,2025-10-15 18:35:23.047298,Career,chat,8,150.0,completed,4.0,False
C002192,U0497,A014,2025-10-22 16:11:49.924567,Career,video,17,396.0,completed,3.0,False
C002193,U0497,A023,2025-11-08 02:24:27.630279,Health,chat,9,175.0,completed,5.0,False
C002194,U0497,A023,2025-11-09 02:24:27.630279,Relationship,chat,7,139.0,completed,4.0,False
C002195,U0497,A025,2025-11-24 09:25:22.245402,Career,audio,16,448.0,completed,3.0,False
C002196,U0497,A028,2025-12-19 22:19:30.694452,Career,chat,3,51.0,dropped,,False
C002197,U0497,A023,2026-01-18 06:42:08.777880,Career,chat,9,188.0,completed,4.0,False
C002198,U0497,A023,2026-02-04 00:23:31.364784,Career,chat,3,64.0,completed,4.0,False
C002199,U0498,A008,2026-02-20 00:00:00.000000,Finance,chat,11,0.0,completed,5.0,True
C002200,U0498,A008,2026-06-21 13:25:00.852185,Family,audio,14,214.0,completed,5.0,False
C002201,U0498,A027,2026-07-05 08:19:05.301653,Relationship,chat,17,318.0,completed,4.0,False
C002202,U0499,A028,2025-07-18 00:00:00.000000,Family,chat,7,0.0,completed,4.0,True
C002203,U0500,A026,2025-08-27 00:00:00.000000,Finance,audio,14,0.0,completed,5.0,True
C002204,U0501,A030,2026-03-12 00:00:00.000000,Relationship,chat,14,0.0,completed,4.0,True
C002205,U0501,A005,2026-06-08 01:18:50.646268,General Vedic,audio,14,314.0,completed,4.0,False
C002206,U0501,A010,2026-07-25 20:56:49.752256,General Vedic,chat,8,75.0,dropped,,False
C002207,U0501,A005,2026-08-05 22:33:31.749768,Finance,audio,24,560.0,completed,4.0,False
C002208,U0502,A026,2025-09-23 00:00:00.000000,Marriage,audio,13,0.0,completed,4.0,True
C002209,U0503,A003,2026-05-09 00:00:00.000000,Relationship,audio,22,0.0,completed,3.0,True
C002210,U0503,A001,2026-06-08 21:28:39.382567,Health,chat,6,153.0,completed,2.0,False
C002211,U0503,A008,2026-06-23 06:48:07.721775,Relationship,chat,3,47.0,completed,4.0,False
C002212,U0503,A008,2026-06-24 06:48:07.721775,Relationship,chat,6,95.0,completed,3.0,False
C002213,U0503,A008,2026-07-17 02:06:24.822253,Relationship,audio,14,227.0,completed,4.0,False
C002214,U0503,A008,2026-08-10 03:08:27.422274,Relationship,audio,20,330.0,completed,4.0,False
C002215,U0503,A008,2026-08-14 11:40:21.840685,Relationship,chat,3,50.0,failed,,False
C002216,U0504,A001,2025-11-09 00:00:00.000000,Relationship,chat,11,0.0,completed,3.0,True
C002217,U0505,A019,2025-10-03 00:00:00.000000,Career,chat,7,0.0,completed,4.0,True
C002218,U0506,A019,2026-03-27 00:00:00.000000,Health,chat,5,0.0,completed,3.0,True
C002219,U0506,A010,2026-06-17 21:44:58.199635,Health,chat,4,37.0,completed,4.0,False
C002220,U0506,A010,2026-08-11 02:51:18.268993,Family,chat,10,94.0,completed,3.0,False
C002221,U0507,A005,2026-01-27 00:00:00.000000,Family,chat,3,0.0,completed,4.0,True
C002222,U0508,A018,2026-04-26 00:00:00.000000,Marriage,audio,3,0.0,completed,5.0,True
C002223,U0508,A013,2026-05-10 03:57:27.974914,General Vedic,chat,8,73.0,completed,3.0,False
C002224,U0508,A013,2026-05-19 10:05:21.667785,General Vedic,audio,14,131.0,completed,4.0,False
C002225,U0508,A013,2026-06-03 23:10:40.124639,Career,audio,9,86.0,dropped,,False
C002226,U0508,A013,2026-06-17 09:02:42.585824,Health,chat,3,29.0,completed,3.0,False
C002227,U0508,A013,2026-06-29 16:07:19.160590,Career,chat,14,139.0,completed,3.0,False
C002228,U0508,A012,2026-07-02 12:54:07.452718,Career,audio,9,151.0,completed,3.0,False
C002229,U0508,A014,2026-07-04 09:54:22.888451,Finance,chat,6,150.0,completed,4.0,False
C002230,U0508,A013,2026-07-21 20:11:11.940399,Career,video,6,63.0,completed,3.0,False
C002231,U0508,A013,2026-08-12 05:39:56.643005,Career,audio,14,149.0,completed,3.0,False
C002232,U0509,A001,2026-02-22 00:00:00.000000,Finance,video,10,0.0,completed,3.0,True
C002233,U0510,A004,2025-10-03 00:00:00.000000,Relationship,audio,9,0.0,completed,4.0,True
C002234,U0510,A027,2025-10-19 21:57:40.091359,General Vedic,audio,23,422.0,completed,3.0,False
C002235,U0510,A027,2025-11-24 10:03:53.372835,Career,chat,10,187.0,completed,5.0,False
C002236,U0510,A027,2026-01-22 12:21:28.980913,Career,chat,5,95.0,completed,3.0,False
C002237,U0510,A027,2026-01-26 22:06:34.809814,Career,audio,9,175.0,completed,3.0,False
C002238,U0510,A027,2026-03-04 13:09:59.370233,Health,video,12,238.0,completed,3.0,False
C002239,U0510,A027,2026-03-16 06:54:23.765065,Career,chat,6,121.0,completed,5.0,False
C002240,U0510,A027,2026-04-18 22:38:33.892195,Career,chat,7,144.0,completed,5.0,False
C002241,U0510,A027,2026-05-18 08:44:46.940517,Career,chat,3,63.0,completed,4.0,False
C002242,U0510,A010,2026-06-09 14:36:19.072701,Career,chat,12,127.0,completed,4.0,False
C002243,U0510,A027,2026-06-30 08:39:57.176161,Career,chat,9,194.0,completed,5.0,False
C002244,U0510,A027,2026-07-16 01:27:23.145166,Career,audio,17,373.0,dropped,,False
C002245,U0510,A027,2026-07-30 22:47:25.671894,Career,chat,11,246.0,completed,4.0,False
C002246,U0511,A014,2025-11-20 00:00:00.000000,Relationship,audio,14,0.0,completed,4.0,True
C002247,U0511,A027,2025-12-30 11:21:41.334911,Relationship,chat,12,220.0,completed,2.0,False
C002248,U0511,A027,2026-02-19 16:42:58.900328,General Vedic,chat,8,150.0,dropped,,False
C002249,U0512,A013,2025-11-26 00:00:00.000000,Career,audio,15,0.0,completed,4.0,True
C002250,U0512,A016,2026-01-30 14:26:59.421080,Career,chat,9,230.0,completed,3.0,False
C002251,U0512,A016,2026-03-16 10:46:25.516076,Finance,chat,13,338.0,completed,5.0,False
C002252,U0512,A016,2026-05-20 06:53:26.199245,Relationship,chat,11,292.0,completed,4.0,False
C002253,U0513,A005,2025-12-18 00:00:00.000000,Relationship,video,7,0.0,completed,4.0,True
C002254,U0514,A026,2025-08-04 00:00:00.000000,Relationship,audio,12,0.0,completed,4.0,True
C002255,U0514,A021,2025-08-05 00:00:00.000000,Relationship,audio,10,224.0,completed,4.0,False
C002256,U0514,A021,2025-08-30 02:51:29.335310,Relationship,chat,13,297.0,completed,4.0,False
C002257,U0514,A021,2025-10-16 18:59:23.918882,Career,chat,3,70.0,completed,4.0,False
C002258,U0514,A021,2025-11-28 19:45:14.879350,Relationship,chat,11,261.0,completed,5.0,False
C002259,U0514,A030,2025-11-29 19:45:14.879350,Family,audio,13,257.0,completed,4.0,False
C002260,U0514,A020,2026-01-02 03:31:28.300292,Finance,chat,9,181.0,completed,3.0,False
C002261,U0514,A021,2026-01-28 10:33:51.383045,General Vedic,video,17,426.0,completed,4.0,False
C002262,U0514,A021,2026-01-29 15:39:30.034589,Relationship,audio,3,77.0,completed,4.0,False
C002263,U0514,A021,2026-03-14 10:41:14.113968,Relationship,audio,12,312.0,completed,4.0,False
C002264,U0514,A016,2026-03-15 10:41:14.113968,Marriage,audio,11,330.0,completed,5.0,False
C002265,U0514,A021,2026-04-26 07:18:24.315165,Relationship,audio,6,161.0,completed,4.0,False
C002266,U0514,A021,2026-06-02 10:39:22.429362,Relationship,audio,6,164.0,completed,4.0,False
C002267,U0515,A026,2026-05-03 00:00:00.000000,General Vedic,audio,8,0.0,completed,4.0,True
C002268,U0515,A011,2026-05-31 11:26:23.750849,Relationship,audio,4,102.0,completed,4.0,False
C002269,U0515,A025,2026-07-20 16:35:56.588996,Career,chat,3,78.0,completed,3.0,False
C002270,U0516,A001,2026-05-31 00:00:00.000000,Health,chat,8,0.0,completed,3.0,True
C002271,U0516,A001,2026-07-19 09:20:24.656402,Finance,audio,12,306.0,completed,3.0,False
C002272,U0516,A001,2026-08-09 21:31:50.056382,Marriage,chat,15,390.0,failed,,False
C002273,U0517,A030,2026-05-31 00:00:00.000000,Finance,chat,3,0.0,completed,3.0,True
C002274,U0518,A022,2025-10-24 00:00:00.000000,Family,audio,21,0.0,completed,4.0,True
C002275,U0518,A015,2026-02-15 12:33:23.739533,Family,chat,5,112.0,completed,3.0,False
C002276,U0518,A011,2026-07-08 10:57:39.769326,Family,chat,14,364.0,completed,3.0,False
C002277,U0519,A003,2026-05-28 00:00:00.000000,Family,video,10,0.0,completed,3.0,True
C002278,U0519,A029,2026-05-29 01:52:05.065207,Family,audio,14,129.0,completed,3.0,False
C002279,U0519,A003,2026-06-13 19:19:54.357183,General Vedic,chat,10,260.0,completed,4.0,False
C002280,U0519,A029,2026-06-17 23:30:15.171125,Health,audio,8,76.0,completed,4.0,False
C002281,U0519,A029,2026-06-24 01:01:09.603664,Family,video,10,97.0,completed,5.0,False
C002282,U0519,A018,2026-07-16 07:14:45.791829,Career,video,14,139.0,completed,4.0,False
C002283,U0519,A029,2026-07-25 14:06:35.795167,Family,audio,12,121.0,dropped,,False
C002284,U0520,A020,2025-12-10 00:00:00.000000,Marriage,chat,3,0.0,completed,3.0,True
C002285,U0520,A024,2026-01-02 15:53:14.619181,Marriage,video,18,330.0,completed,4.0,False
C002286,U0520,A024,2026-01-20 12:22:10.388300,Marriage,video,20,374.0,completed,4.0,False
C002287,U0520,A026,2026-01-29 04:49:52.922144,Marriage,chat,21,267.0,completed,2.0,False
C002288,U0520,A024,2026-02-14 16:15:10.928271,Marriage,chat,10,194.0,completed,3.0,False
C002289,U0520,A012,2026-02-18 21:38:39.645333,Health,video,17,280.0,completed,3.0,False
C002290,U0520,A024,2026-02-20 18:47:42.007514,Marriage,chat,17,343.0,completed,3.0,False
C002291,U0520,A024,2026-03-03 01:28:27.158476,Marriage,chat,6,123.0,completed,4.0,False
C002292,U0520,A024,2026-03-12 19:15:35.085736,General Vedic,chat,5,104.0,completed,4.0,False
C002293,U0520,A002,2026-03-20 18:08:23.485548,Marriage,audio,8,208.0,completed,2.0,False
C002294,U0520,A024,2026-04-16 11:07:05.993550,Marriage,audio,12,259.0,completed,4.0,False
C002295,U0520,A024,2026-04-25 18:07:51.031426,Marriage,chat,5,110.0,completed,4.0,False
C002296,U0520,A024,2026-05-18 21:14:56.892098,Relationship,chat,8,179.0,completed,5.0,False
C002297,U0520,A024,2026-06-20 12:58:48.519900,Health,chat,12,272.0,completed,4.0,False
C002298,U0520,A024,2026-06-27 10:06:44.198033,Marriage,video,13,300.0,completed,5.0,False
C002299,U0520,A021,2026-08-01 18:33:34.124468,Family,chat,10,286.0,completed,5.0,False
C002300,U0521,A026,2025-09-05 00:00:00.000000,Career,video,11,0.0,completed,4.0,True
C002301,U0521,A007,2025-10-10 16:57:01.420439,Finance,video,13,332.0,dropped,,False
C002302,U0521,A007,2026-01-17 17:21:42.503709,Finance,chat,10,260.0,completed,2.0,False
C002303,U0521,A007,2026-03-19 16:25:01.261489,Career,chat,12,318.0,completed,4.0,False
C002304,U0521,A022,2026-05-15 01:35:17.592994,Family,audio,7,189.0,completed,4.0,False
C002305,U0521,A007,2026-06-19 19:20:49.355309,Finance,chat,4,110.0,completed,3.0,False
C002306,U0521,A007,2026-08-11 08:56:27.405320,Finance,chat,12,336.0,completed,4.0,False
C002307,U0522,A016,2025-12-04 00:00:00.000000,Finance,chat,14,0.0,completed,3.0,True
C002308,U0522,A017,2026-01-24 03:23:18.984368,Finance,audio,3,67.0,completed,3.0,False
C002309,U0522,A017,2026-03-31 15:35:26.133645,General Vedic,chat,7,160.0,failed,,False
C002310,U0523,A003,2025-09-22 00:00:00.000000,Relationship,chat,10,0.0,completed,5.0,True
C002311,U0523,A014,2025-09-23 00:00:00.000000,Health,audio,3,67.0,completed,4.0,False
C002312,U0523,A014,2025-10-12 09:32:43.509113,General Vedic,chat,8,183.0,completed,3.0,False
C002313,U0523,A014,2025-10-13 09:32:43.509113,Finance,audio,15,350.0,failed,,False
C002314,U0523,A014,2025-11-28 06:38:40.182479,Career,video,14,333.0,completed,3.0,False
C002315,U0523,A014,2025-12-22 22:41:57.081306,Career,chat,10,242.0,completed,4.0,False
C002316,U0523,A014,2026-01-02 14:19:52.794887,Career,chat,5,123.0,completed,5.0,False
C002317,U0523,A014,2026-02-03 20:17:49.707503,Family,chat,3,75.0,completed,4.0,False
C002318,U0523,A014,2026-03-02 14:55:45.000795,Career,audio,15,383.0,dropped,,False
C002319,U0523,A014,2026-04-01 01:26:12.701759,Career,chat,10,260.0,completed,4.0,False
C002320,U0523,A018,2026-04-18 14:33:04.578546,Career,video,22,238.0,completed,4.0,False
C002321,U0523,A023,2026-04-30 20:13:03.456153,Career,chat,3,66.0,completed,5.0,False
C002322,U0523,A014,2026-05-17 03:25:00.523550,Career,chat,13,355.0,completed,4.0,False
C002323,U0523,A014,2026-06-14 06:44:46.143403,Family,chat,6,166.0,completed,5.0,False
C002324,U0523,A003,2026-07-14 19:49:49.232591,Career,audio,13,416.0,completed,3.0,False
C002325,U0524,A009,2025-11-22 00:00:00.000000,Finance,audio,19,0.0,completed,2.0,True
C002326,U0525,A001,2026-02-05 00:00:00.000000,Finance,audio,11,0.0,completed,3.0,True
C002327,U0526,A029,2025-11-27 00:00:00.000000,Marriage,audio,9,0.0,completed,3.0,True
C002328,U0526,A030,2026-02-27 16:49:41.491313,Relationship,chat,9,165.0,completed,3.0,False
C002329,U0526,A018,2026-04-26 21:08:36.869183,Marriage,chat,7,66.0,completed,3.0,False
C002330,U0526,A003,2026-04-28 13:47:16.745826,Marriage,audio,10,265.0,completed,4.0,False
C002331,U0526,A018,2026-08-11 22:00:11.726702,Finance,chat,16,156.0,completed,5.0,False
C002332,U0526,A018,2026-08-12 22:00:11.726702,Finance,chat,6,59.0,completed,4.0,False
C002333,U0527,A006,2026-06-06 00:00:00.000000,Career,video,3,0.0,completed,4.0,True
C002334,U0527,A007,2026-06-23 02:18:52.252055,Career,video,17,434.0,completed,4.0,False
C002335,U0527,A007,2026-07-15 12:20:22.458938,Career,chat,6,156.0,failed,,False
C002336,U0527,A007,2026-08-05 04:07:38.022788,Career,audio,17,450.0,completed,3.0,False
C002337,U0528,A010,2025-10-23 00:00:00.000000,General Vedic,chat,17,0.0,completed,3.0,True
C002338,U0529,A022,2025-07-22 00:00:00.000000,Health,video,7,0.0,completed,4.0,True
C002339,U0529,A013,2025-12-19 19:16:13.015804,Health,audio,16,147.0,completed,3.0,False
C002340,U0529,A013,2026-03-31 12:15:36.820716,General Vedic,video,8,75.0,completed,2.0,False
C002341,U0529,A013,2026-06-24 06:04:50.504282,Health,chat,13,124.0,completed,2.0,False
C002342,U0530,A024,2026-03-29 00:00:00.000000,Marriage,chat,3,0.0,completed,5.0,True
C002343,U0531,A026,2025-08-21 00:00:00.000000,Family,chat,15,0.0,completed,4.0,True
C002344,U0531,A019,2025-11-11 11:57:39.676341,Health,audio,6,135.0,completed,4.0,False
C002345,U0531,A012,2026-03-14 06:34:48.736098,Finance,audio,12,187.0,completed,4.0,False
C002346,U0531,A017,2026-07-28 19:07:50.193610,Health,audio,8,187.0,completed,3.0,False
C002347,U0532,A016,2025-07-25 00:00:00.000000,Career,audio,3,0.0,completed,4.0,True
C002348,U0532,A021,2025-08-02 04:55:24.449479,Career,audio,13,292.0,completed,4.0,False
C002349,U0532,A021,2025-08-24 13:34:47.658724,Career,video,9,206.0,completed,4.0,False
C002350,U0532,A008,2025-09-08 02:19:14.096922,Career,chat,11,175.0,completed,4.0,False
C002351,U0532,A015,2025-09-20 22:33:08.141027,Finance,video,8,190.0,completed,4.0,False
C002352,U0532,A014,2025-11-30 07:07:51.786546,Career,chat,8,194.0,completed,4.0,False
C002353,U0532,A021,2025-12-14 12:51:56.518216,Career,audio,5,123.0,completed,3.0,False
C002354,U0532,A021,2026-01-01 05:12:29.587256,Career,video,10,251.0,completed,5.0,False
C002355,U0532,A009,2026-01-10 05:01:30.648321,Finance,audio,14,406.0,completed,3.0,False
C002356,U0532,A021,2026-01-23 18:06:08.187887,Career,audio,9,234.0,completed,4.0,False
C002357,U0532,A021,2026-02-18 17:30:10.555403,Career,chat,3,79.0,failed,,False
C002358,U0532,A021,2026-03-10 16:48:13.357464,Career,chat,5,134.0,completed,4.0,False
C002359,U0532,A021,2026-03-24 12:01:20.022347,Career,chat,13,355.0,completed,3.0,False
C002360,U0532,A028,2026-03-25 12:01:20.022347,Career,audio,20,378.0,completed,4.0,False
C002361,U0532,A021,2026-04-13 16:38:43.456168,Career,audio,18,507.0,completed,5.0,False
C002362,U0532,A021,2026-04-23 05:34:06.833949,Career,chat,12,343.0,completed,4.0,False
C002363,U0532,A002,2026-05-06 13:00:30.785327,Career,chat,10,290.0,failed,,False
C002364,U0532,A021,2026-05-31 21:29:07.613269,Career,audio,14,413.0,completed,3.0,False
C002365,U0532,A009,2026-06-15 02:39:29.743566,Career,chat,6,204.0,completed,4.0,False
C002366,U0532,A021,2026-07-08 05:03:50.789311,Career,chat,7,213.0,completed,4.0,False
C002367,U0533,A028,2025-10-31 00:00:00.000000,General Vedic,chat,9,0.0,completed,3.0,True
C002368,U0533,A006,2025-11-11 16:15:49.126329,General Vedic,audio,9,110.0,completed,5.0,False
C002369,U0533,A011,2025-12-23 11:24:36.105343,General Vedic,audio,10,260.0,completed,3.0,False
C002370,U0533,A006,2026-01-19 04:51:29.659771,Family,chat,11,140.0,completed,4.0,False
C002371,U0533,A002,2026-02-11 16:59:23.926877,General Vedic,chat,7,166.0,completed,3.0,False
C002372,U0533,A006,2026-02-20 00:53:31.458976,General Vedic,chat,6,79.0,completed,4.0,False
C002373,U0533,A006,2026-03-22 11:19:26.525976,General Vedic,video,15,202.0,completed,3.0,False
C002374,U0533,A006,2026-04-16 17:09:23.785034,General Vedic,audio,20,274.0,completed,4.0,False
C002375,U0533,A006,2026-05-02 09:12:10.057400,General Vedic,chat,9,125.0,completed,4.0,False
C002376,U0533,A007,2026-06-06 09:26:05.841236,General Vedic,chat,7,206.0,completed,5.0,False
C002377,U0533,A015,2026-06-07 11:45:23.356949,General Vedic,chat,14,370.0,completed,4.0,False
C002378,U0533,A015,2026-07-16 05:33:03.806183,General Vedic,audio,20,537.0,completed,4.0,False
C002379,U0533,A009,2026-08-09 16:54:27.987919,General Vedic,audio,13,403.0,completed,3.0,False
C002380,U0534,A021,2026-01-04 00:00:00.000000,General Vedic,chat,4,0.0,completed,4.0,True
C002381,U0534,A021,2026-01-28 07:08:26.831061,Family,chat,11,247.0,completed,5.0,False
C002382,U0534,A028,2026-02-13 08:08:05.077018,Family,audio,13,203.0,completed,2.0,False
C002383,U0534,A025,2026-03-05 16:42:44.214213,Career,audio,20,530.0,completed,3.0,False
C002384,U0534,A025,2026-03-10 02:14:59.041460,General Vedic,chat,5,135.0,completed,4.0,False
C002385,U0534,A025,2026-04-09 00:36:50.209047,General Vedic,chat,12,330.0,completed,3.0,False
C002386,U0534,A025,2026-05-04 10:20:27.675958,Finance,audio,8,224.0,completed,2.0,False
C002387,U0534,A025,2026-05-20 02:33:15.512496,Finance,audio,15,428.0,completed,3.0,False
C002388,U0534,A006,2026-07-08 13:27:45.686508,General Vedic,chat,3,42.0,completed,4.0,False
C002389,U0534,A025,2026-07-26 08:03:08.729563,Relationship,chat,8,236.0,completed,2.0,False
C002390,U0535,A024,2026-05-28 00:00:00.000000,Relationship,audio,6,0.0,completed,5.0,True
C002391,U0535,A013,2026-06-23 05:11:02.671259,Finance,video,3,28.0,completed,3.0,False
C002392,U0535,A013,2026-07-01 03:26:33.109643,Relationship,chat,3,28.0,completed,4.0,False
C002393,U0536,A025,2025-12-26 00:00:00.000000,General Vedic,chat,9,0.0,completed,4.0,True
C002394,U0537,A023,2026-06-11 00:00:00.000000,Marriage,chat,3,0.0,completed,5.0,True
C002395,U0538,A015,2026-03-31 00:00:00.000000,Marriage,audio,10,0.0,completed,4.0,True
C002396,U0538,A024,2026-05-31 11:30:53.969282,Finance,chat,7,129.0,completed,4.0,False
C002397,U0538,A011,2026-08-04 14:05:53.573179,Health,video,11,286.0,completed,3.0,False
C002398,U0539,A014,2025-08-01 00:00:00.000000,Finance,audio,14,0.0,completed,4.0,True
C002399,U0540,A027,2025-08-13 00:00:00.000000,Marriage,audio,19,0.0,failed,,True
C002400,U0540,A005,2025-08-31 22:26:30.526741,Career,audio,18,404.0,completed,5.0,False
C002401,U0540,A010,2025-10-05 08:12:04.601244,Career,audio,14,131.0,completed,4.0,False
C002402,U0540,A010,2025-12-18 10:31:54.370300,Career,chat,7,67.0,completed,4.0,False
C002403,U0540,A010,2026-02-20 16:50:16.634982,Career,chat,3,29.0,completed,4.0,False
C002404,U0540,A010,2026-03-18 00:43:35.346483,Career,audio,10,99.0,completed,3.0,False
C002405,U0540,A019,2026-05-31 05:29:21.230569,Finance,chat,12,296.0,completed,3.0,False
C002406,U0540,A010,2026-08-05 00:12:15.896072,Career,chat,4,41.0,completed,4.0,False
C002407,U0541,A001,2025-08-11 00:00:00.000000,Career,audio,17,0.0,completed,2.0,True
C002408,U0541,A004,2025-08-12 00:00:00.000000,Career,audio,20,367.0,completed,4.0,False
C002409,U0541,A016,2025-08-31 09:00:03.655819,Finance,audio,11,286.0,completed,4.0,False
C002410,U0541,A010,2025-09-23 18:12:11.045457,Career,audio,5,48.0,completed,5.0,False
C002411,U0541,A016,2025-10-17 23:15:15.865456,General Vedic,audio,15,405.0,completed,3.0,False
C002412,U0541,A016,2025-11-11 18:41:48.319560,Health,chat,10,275.0,completed,3.0,False
C002413,U0541,A016,2025-11-28 01:53:52.565287,Career,audio,10,280.0,dropped,,False
C002414,U0541,A016,2025-12-13 23:00:12.238005,Career,audio,8,228.0,completed,3.0,False
C002415,U0541,A009,2026-01-05 22:06:28.249120,Career,video,3,87.0,completed,3.0,False
C002416,U0541,A016,2026-01-30 02:18:51.226592,Family,chat,3,88.0,completed,4.0,False
C002417,U0541,A016,2026-02-27 13:54:00.942005,Relationship,audio,8,240.0,completed,4.0,False
C002418,U0541,A016,2026-03-09 11:38:53.379588,Career,audio,6,183.0,completed,3.0,False
C002419,U0541,A026,2026-03-10 11:38:53.379588,Career,chat,3,45.0,completed,5.0,False
C002420,U0541,A016,2026-04-12 21:10:15.712942,Career,audio,11,346.0,completed,3.0,False
C002421,U0541,A011,2026-05-06 14:34:40.154446,Career,chat,8,256.0,completed,4.0,False
C002422,U0541,A030,2026-05-08 11:21:31.097689,Career,video,12,281.0,completed,4.0,False
C002423,U0541,A022,2026-05-20 10:44:53.979233,Career,audio,8,264.0,completed,2.0,False
C002424,U0541,A005,2026-06-10 11:25:31.589735,Health,audio,8,236.0,completed,4.0,False
C002425,U0541,A016,2026-06-24 20:18:21.928808,Relationship,chat,13,442.0,completed,3.0,False
C002426,U0541,A016,2026-07-09 13:38:57.242970,Career,audio,5,172.0,completed,4.0,False
C002427,U0541,A016,2026-07-11 10:30:35.811556,Career,chat,6,210.0,completed,4.0,False
C002428,U0541,A016,2026-07-21 19:48:07.876875,Finance,video,9,320.0,completed,4.0,False
C002429,U0541,A016,2026-07-28 09:35:01.525540,Career,chat,4,144.0,completed,4.0,False
C002430,U0541,A016,2026-08-07 15:25:10.918559,Career,video,3,110.0,completed,3.0,False
C002431,U0542,A005,2025-11-29 00:00:00.000000,Marriage,audio,11,0.0,completed,4.0,True
C002432,U0542,A028,2026-01-12 15:49:47.920027,Marriage,chat,12,184.0,completed,5.0,False
C002433,U0542,A028,2026-03-15 02:03:40.586082,Relationship,chat,6,94.0,completed,4.0,False
C002434,U0542,A028,2026-05-10 18:17:07.620948,Family,chat,6,95.0,completed,4.0,False
C002435,U0542,A028,2026-07-08 14:13:17.541234,Relationship,chat,11,178.0,completed,3.0,False
C002436,U0543,A028,2026-05-07 00:00:00.000000,Health,audio,13,0.0,completed,3.0,True
C002437,U0544,A027,2025-12-19 00:00:00.000000,Marriage,video,12,0.0,completed,4.0,True
C002438,U0545,A006,2025-10-02 00:00:00.000000,Career,audio,12,0.0,completed,3.0,True
C002439,U0545,A019,2025-12-14 08:42:19.334926,Career,chat,7,157.0,completed,3.0,False
C002440,U0545,A019,2026-01-28 15:03:09.792228,Relationship,chat,15,343.0,completed,3.0,False
C002441,U0545,A019,2026-02-22 15:06:56.118791,Career,chat,11,257.0,completed,4.0,False
C002442,U0545,A019,2026-06-01 01:34:22.915688,Career,chat,11,261.0,failed,,False
C002443,U0545,A016,2026-07-22 17:10:56.736122,General Vedic,chat,8,220.0,completed,3.0,False
C002444,U0546,A027,2025-08-04 00:00:00.000000,Finance,chat,19,0.0,completed,3.0,True
C002445,U0547,A002,2026-05-08 00:00:00.000000,Family,chat,9,0.0,completed,3.0,True
C002446,U0547,A011,2026-06-17 14:50:08.022589,Finance,video,21,536.0,completed,4.0,False
C002447,U0547,A013,2026-07-31 05:16:37.385381,Relationship,audio,10,94.0,completed,3.0,False
C002448,U0548,A030,2025-10-13 00:00:00.000000,General Vedic,chat,3,0.0,completed,4.0,True
C002449,U0549,A030,2025-11-10 00:00:00.000000,Finance,audio,9,0.0,completed,3.0,True
C002450,U0550,A030,2025-12-14 00:00:00.000000,Finance,chat,4,0.0,completed,4.0,True
C002451,U0550,A004,2026-02-10 02:56:59.613960,Career,chat,13,239.0,completed,3.0,False
C002452,U0550,A018,2026-04-20 17:56:03.765403,Career,chat,3,28.0,completed,4.0,False
C002453,U0550,A018,2026-07-14 05:26:09.099593,Career,video,11,105.0,completed,4.0,False
C002454,U0550,A018,2026-08-02 13:58:34.804235,Career,chat,3,29.0,completed,4.0,False
C002455,U0551,A018,2026-02-09 00:00:00.000000,Career,chat,20,0.0,completed,4.0,True
C002456,U0551,A025,2026-03-08 06:04:08.774160,Career,chat,11,280.0,completed,2.0,False
C002457,U0551,A025,2026-04-19 13:31:57.799808,Career,audio,19,494.0,completed,4.0,False
C002458,U0551,A025,2026-06-02 21:36:44.455109,Career,audio,22,583.0,completed,2.0,False
C002459,U0551,A002,2026-07-18 18:10:03.346130,Career,chat,12,285.0,completed,2.0,False
C002460,U0552,A018,2026-06-10 00:00:00.000000,Career,chat,3,0.0,completed,3.0,True
C002461,U0553,A005,2026-05-21 00:00:00.000000,Career,chat,5,0.0,completed,5.0,True
C002462,U0554,A015,2026-02-03 00:00:00.000000,Career,chat,6,0.0,completed,5.0,True
C002463,U0555,A027,2025-08-07 00:00:00.000000,Finance,audio,13,0.0,completed,4.0,True
C002464,U0556,A019,2025-08-02 00:00:00.000000,Career,audio,25,0.0,completed,4.0,True
C002465,U0556,A018,2025-09-17 01:40:17.683965,Career,chat,11,101.0,completed,4.0,False
C002466,U0556,A018,2025-11-22 20:36:00.811464,Career,video,6,56.0,completed,3.0,False
C002467,U0556,A018,2026-01-23 07:30:01.207132,Career,chat,9,86.0,completed,4.0,False
C002468,U0556,A018,2026-02-06 10:31:26.211979,Career,chat,6,58.0,completed,4.0,False
C002469,U0556,A018,2026-04-05 19:49:27.531505,Finance,audio,15,148.0,completed,4.0,False
C002470,U0556,A018,2026-07-27 00:40:44.436624,Career,chat,4,40.0,completed,4.0,False
C002471,U0557,A001,2025-09-21 00:00:00.000000,Family,audio,20,0.0,completed,4.0,True
C002472,U0557,A001,2025-10-20 19:22:09.070989,General Vedic,chat,3,76.0,failed,,False
C002473,U0557,A001,2025-10-21 19:22:09.070989,General Vedic,chat,11,286.0,completed,4.0,False
C002474,U0557,A008,2026-01-23 01:12:55.066776,General Vedic,chat,8,127.0,completed,4.0,False
C002475,U0557,A001,2026-02-04 00:54:08.061893,General Vedic,audio,14,378.0,completed,4.0,False
C002476,U0557,A001,2026-04-12 14:18:22.210520,General Vedic,chat,13,358.0,completed,2.0,False
C002477,U0557,A015,2026-07-16 23:33:09.701257,General Vedic,chat,7,172.0,completed,2.0,False
C002478,U0557,A029,2026-07-17 23:33:09.701257,Finance,audio,7,72.0,completed,3.0,False
C002479,U0558,A001,2026-04-01 00:00:00.000000,Relationship,chat,11,0.0,completed,4.0,True
C002480,U0558,A012,2026-06-16 09:17:30.839330,Family,chat,11,168.0,completed,4.0,False
C002481,U0559,A013,2026-03-14 00:00:00.000000,Marriage,chat,8,0.0,completed,3.0,True
C002482,U0559,A011,2026-04-11 09:27:53.886706,Family,chat,9,230.0,completed,4.0,False
C002483,U0559,A017,2026-05-29 18:35:02.412469,Relationship,chat,9,206.0,completed,5.0,False
C002484,U0559,A028,2026-06-15 09:04:26.682705,General Vedic,audio,13,207.0,completed,5.0,False
C002485,U0559,A027,2026-07-10 19:13:06.868182,Relationship,video,3,58.0,dropped,,False
C002486,U0559,A013,2026-07-20 23:46:01.553450,Finance,chat,5,50.0,completed,2.0,False
C002487,U0560,A012,2026-04-15 00:00:00.000000,General Vedic,audio,5,0.0,completed,4.0,True
C002488,U0560,A026,2026-04-22 17:01:21.897122,General Vedic,chat,3,37.0,completed,3.0,False
C002489,U0560,A005,2026-04-23 17:01:21.897122,General Vedic,chat,6,137.0,completed,5.0,False
C002490,U0560,A002,2026-05-11 08:00:11.373154,General Vedic,chat,16,373.0,completed,2.0,False
C002491,U0560,A005,2026-05-22 00:49:09.222394,General Vedic,audio,13,309.0,completed,5.0,False
C002492,U0560,A005,2026-07-11 12:17:56.523052,Relationship,chat,9,218.0,completed,3.0,False
C002493,U0560,A008,2026-08-04 02:35:56.741236,General Vedic,audio,13,218.0,completed,4.0,False
C002494,U0560,A005,2026-08-06 18:39:54.739872,General Vedic,audio,9,226.0,completed,5.0,False
C002495,U0560,A007,2026-08-14 23:51:07.658392,General Vedic,audio,11,319.0,completed,2.0,False
C002496,U0561,A011,2026-05-03 00:00:00.000000,Career,audio,11,0.0,completed,4.0,True
C002497,U0561,A011,2026-05-15 08:36:25.515539,General Vedic,audio,7,178.0,completed,3.0,False
C002498,U0561,A029,2026-07-05 19:39:26.924805,Finance,chat,14,131.0,completed,2.0,False
C002499,U0561,A030,2026-07-20 23:12:05.024882,Relationship,video,14,267.0,dropped,,False
C002500,U0562,A026,2026-01-24 00:00:00.000000,General Vedic,chat,10,0.0,completed,3.0,True
C002501,U0563,A002,2025-10-24 00:00:00.000000,Career,video,10,0.0,completed,3.0,True
C002502,U0563,A029,2026-02-14 12:11:01.944266,Career,chat,3,28.0,completed,3.0,False
C002503,U0563,A029,2026-05-04 12:22:11.363857,Career,chat,3,28.0,completed,3.0,False
C002504,U0563,A009,2026-08-08 10:57:10.062366,Family,audio,7,186.0,completed,4.0,False
C002505,U0564,A021,2025-12-21 00:00:00.000000,Family,chat,5,0.0,completed,5.0,True
C002506,U0564,A003,2026-01-29 13:53:43.225894,Family,audio,13,332.0,completed,3.0,False
C002507,U0564,A003,2026-03-10 09:59:25.412056,Family,audio,15,390.0,completed,2.0,False
C002508,U0564,A003,2026-04-08 10:40:33.913065,Career,audio,3,80.0,completed,3.0,False
C002509,U0564,A003,2026-05-12 02:03:51.570966,Family,audio,22,594.0,completed,3.0,False
C002510,U0564,A003,2026-06-12 12:40:58.733171,Family,chat,3,82.0,completed,4.0,False
C002511,U0564,A003,2026-07-08 01:14:59.328329,Family,chat,3,84.0,completed,3.0,False
C002512,U0564,A003,2026-07-16 12:43:47.884001,Family,chat,9,256.0,completed,4.0,False
C002513,U0565,A010,2026-03-16 00:00:00.000000,Family,audio,12,0.0,completed,4.0,True
C002514,U0565,A015,2026-03-29 12:26:56.001352,Finance,chat,19,426.0,completed,5.0,False
C002515,U0565,A006,2026-04-19 21:37:44.993937,General Vedic,chat,7,87.0,completed,3.0,False
C002516,U0565,A015,2026-05-18 14:42:07.522599,Family,chat,3,70.0,completed,5.0,False
C002517,U0565,A015,2026-05-19 14:42:07.522599,Family,video,9,214.0,completed,3.0,False
C002518,U0565,A008,2026-06-15 01:57:16.906250,Family,chat,3,50.0,completed,5.0,False
C002519,U0565,A013,2026-07-20 20:33:40.047552,Relationship,audio,14,141.0,completed,3.0,False
C002520,U0565,A002,2026-08-06 16:25:36.499265,Family,video,12,301.0,failed,,False
C002521,U0566,A015,2025-08-31 00:00:00.000000,Health,chat,9,0.0,completed,4.0,True
C002522,U0566,A007,2025-09-21 10:18:27.028517,General Vedic,video,8,204.0,completed,4.0,False
C002523,U0566,A003,2025-10-01 11:28:02.992529,Marriage,chat,6,156.0,failed,,False
C002524,U0566,A003,2025-10-27 03:27:56.050739,Relationship,audio,25,662.0,completed,3.0,False
C002525,U0566,A003,2025-11-04 08:34:09.097054,Finance,chat,10,270.0,completed,3.0,False
C002526,U0566,A003,2025-11-14 03:47:47.464056,General Vedic,chat,6,165.0,completed,4.0,False
C002527,U0566,A003,2025-11-20 13:01:54.791736,General Vedic,chat,13,364.0,completed,4.0,False
C002528,U0566,A003,2025-12-07 18:54:52.053191,General Vedic,audio,10,285.0,failed,,False
C002529,U0566,A003,2025-12-21 05:03:13.495689,Finance,chat,3,87.0,completed,4.0,False
C002530,U0566,A003,2025-12-25 04:24:35.244056,Family,chat,16,472.0,completed,4.0,False
C002531,U0566,A005,2026-01-15 17:53:36.034747,Health,audio,13,343.0,completed,4.0,False
C002532,U0566,A003,2026-01-31 01:51:16.031103,General Vedic,video,6,183.0,completed,4.0,False
C002533,U0566,A003,2026-02-01 01:51:16.031103,Relationship,chat,5,155.0,completed,4.0,False
C002534,U0566,A005,2026-03-08 05:28:37.385772,Relationship,chat,6,166.0,completed,4.0,False
C002535,U0566,A003,2026-03-11 01:35:20.548628,Marriage,chat,7,224.0,completed,3.0,False
C002536,U0566,A003,2026-04-04 19:28:11.931821,Family,chat,9,292.0,completed,3.0,False
C002537,U0566,A003,2026-04-27 21:22:28.980256,General Vedic,audio,16,528.0,completed,3.0,False
C002538,U0566,A009,2026-05-25 20:23:13.970850,General Vedic,audio,3,100.0,completed,4.0,False
C002539,U0566,A003,2026-05-26 20:23:13.970850,General Vedic,chat,5,170.0,completed,2.0,False
C002540,U0566,A019,2026-06-21 13:34:33.101988,Relationship,chat,8,243.0,completed,3.0,False
C002541,U0566,A003,2026-07-11 00:02:10.791117,Family,audio,16,560.0,completed,4.0,False
C002542,U0566,A003,2026-08-10 16:58:46.115454,General Vedic,chat,14,497.0,completed,4.0,False
C002543,U0566,A003,2026-08-11 16:58:46.115454,General Vedic,chat,14,504.0,completed,4.0,False
C002544,U0567,A030,2026-03-31 00:00:00.000000,General Vedic,chat,3,0.0,completed,4.0,True
C002545,U0567,A008,2026-07-17 07:12:12.850919,General Vedic,audio,6,92.0,dropped,,False
C002546,U0568,A014,2025-09-16 00:00:00.000000,Relationship,audio,12,0.0,completed,5.0,True
C002547,U0569,A023,2025-10-25 00:00:00.000000,Relationship,audio,4,0.0,completed,4.0,True
C002548,U0569,A010,2025-11-17 21:44:27.557951,Marriage,chat,3,28.0,completed,4.0,False
C002549,U0569,A010,2025-12-09 05:21:29.116890,Marriage,chat,8,75.0,failed,,False
C002550,U0569,A009,2025-12-20 01:49:53.752935,Marriage,chat,11,292.0,completed,3.0,False
C002551,U0569,A010,2026-01-08 21:30:30.139541,Marriage,audio,14,136.0,completed,4.0,False
C002552,U0569,A010,2026-02-26 04:46:11.147480,General Vedic,chat,3,30.0,completed,3.0,False
C002553,U0569,A010,2026-03-04 22:43:15.926391,Marriage,audio,20,202.0,completed,4.0,False
C002554,U0569,A010,2026-03-21 16:36:30.799631,Marriage,chat,3,31.0,completed,4.0,False
C002555,U0569,A019,2026-04-09 07:10:13.381086,Marriage,chat,3,77.0,completed,3.0,False
C002556,U0569,A022,2026-04-24 20:00:00.180178,Marriage,audio,12,354.0,completed,4.0,False
C002557,U0569,A027,2026-05-18 13:11:05.858845,Marriage,audio,14,302.0,completed,4.0,False
C002558,U0569,A023,2026-06-22 04:57:30.103454,Marriage,audio,13,285.0,completed,3.0,False
C002559,U0569,A010,2026-07-17 12:15:42.633883,Marriage,chat,8,89.0,completed,3.0,False
C002560,U0570,A019,2026-02-05 00:00:00.000000,Finance,chat,6,0.0,completed,3.0,True
C002561,U0570,A027,2026-02-20 11:37:23.172212,Finance,audio,9,165.0,completed,3.0,False
C002562,U0570,A027,2026-03-01 05:28:02.015003,Finance,chat,8,150.0,completed,3.0,False
C002563,U0570,A027,2026-03-25 23:44:22.148389,Marriage,chat,10,191.0,completed,3.0,False
C002564,U0570,A027,2026-04-26 02:06:20.823597,Finance,chat,5,97.0,completed,4.0,False
C002565,U0570,A022,2026-05-07 09:15:05.386997,Finance,audio,16,440.0,completed,4.0,False
C002566,U0570,A027,2026-06-26 18:25:24.173408,Finance,audio,12,242.0,completed,4.0,False
C002567,U0570,A027,2026-07-24 02:44:18.834426,Finance,audio,6,123.0,completed,3.0,False
C002568,U0571,A013,2026-03-08 00:00:00.000000,Health,chat,3,0.0,completed,3.0,True
C002569,U0571,A010,2026-03-31 16:21:42.639753,Marriage,audio,16,147.0,completed,4.0,False
C002570,U0571,A010,2026-04-04 10:08:20.475187,General Vedic,chat,3,28.0,completed,3.0,False
C002571,U0571,A010,2026-04-18 15:00:44.446618,Finance,chat,6,57.0,completed,4.0,False
C002572,U0571,A021,2026-05-24 18:57:49.798396,Marriage,audio,6,143.0,completed,5.0,False
C002573,U0571,A018,2026-08-05 12:29:58.696110,Marriage,chat,7,69.0,completed,4.0,False
C002574,U0572,A030,2025-11-24 00:00:00.000000,Finance,chat,8,0.0,completed,4.0,True
C002575,U0572,A020,2026-02-28 15:57:35.143338,Health,audio,9,165.0,completed,3.0,False
C002576,U0572,A020,2026-06-04 07:56:00.474096,Health,chat,10,187.0,completed,4.0,False
C002577,U0572,A020,2026-07-17 07:22:12.382772,Health,video,9,172.0,completed,3.0,False
C002578,U0573,A011,2026-06-04 00:00:00.000000,Career,audio,11,0.0,completed,2.0,True
C002579,U0573,A025,2026-08-14 04:44:10.323762,Marriage,audio,9,230.0,completed,4.0,False
C002580,U0574,A005,2026-02-20 00:00:00.000000,Relationship,chat,15,0.0,completed,4.0,True
C002581,U0574,A010,2026-05-29 10:06:42.370950,Relationship,chat,16,147.0,completed,4.0,False
C002582,U0574,A020,2026-05-30 10:06:42.370950,Relationship,chat,5,94.0,completed,3.0,False
C002583,U0574,A018,2026-08-06 20:11:38.325275,General Vedic,chat,8,76.0,completed,4.0,False
C002584,U0574,A006,2026-08-07 20:11:38.325275,Relationship,video,9,117.0,completed,3.0,False
C002585,U0575,A012,2026-04-24 00:00:00.000000,Health,audio,6,0.0,completed,5.0,True
C002586,U0575,A016,2026-05-24 12:15:31.825420,Relationship,audio,6,153.0,completed,3.0,False
C002587,U0575,A016,2026-07-04 18:59:51.792717,Career,chat,3,78.0,completed,2.0,False
C002588,U0575,A016,2026-07-05 18:59:51.792717,Relationship,audio,5,132.0,completed,3.0,False
C002589,U0576,A021,2026-03-24 00:00:00.000000,Career,video,5,0.0,completed,4.0,True
C002590,U0576,A024,2026-04-09 18:46:46.176842,Career,audio,10,184.0,completed,4.0,False
C002591,U0576,A007,2026-04-18 10:11:48.354818,Career,chat,17,442.0,completed,4.0,False
C002592,U0576,A027,2026-05-02 05:12:04.268334,Family,chat,3,57.0,completed,3.0,False
C002593,U0576,A024,2026-06-04 15:07:32.128196,Career,chat,12,233.0,completed,4.0,False
C002594,U0576,A024,2026-06-23 22:00:16.630155,Career,chat,5,99.0,completed,5.0,False
C002595,U0576,A024,2026-06-24 22:00:16.630155,Career,chat,9,181.0,dropped,,False
C002596,U0576,A004,2026-06-25 22:00:16.630155,Career,audio,4,82.0,completed,3.0,False
C002597,U0576,A024,2026-07-01 03:50:46.500952,Career,chat,3,63.0,completed,5.0,False
C002598,U0576,A024,2026-08-04 13:08:20.994991,Finance,chat,7,149.0,completed,4.0,False
C002599,U0576,A024,2026-08-05 13:08:20.994991,Career,chat,8,173.0,completed,4.0,False
C002600,U0577,A010,2025-12-16 00:00:00.000000,Family,audio,8,0.0,completed,4.0,True
C002601,U0577,A015,2025-12-22 20:12:11.479974,Family,video,14,314.0,completed,5.0,False
C002602,U0577,A015,2026-01-09 16:57:37.433432,Family,video,12,275.0,completed,4.0,False
C002603,U0577,A015,2026-02-25 22:39:44.724017,Family,chat,13,303.0,completed,4.0,False
C002604,U0577,A015,2026-03-15 11:45:36.833507,Family,video,11,261.0,completed,3.0,False
C002605,U0577,A015,2026-03-27 09:02:55.691411,Family,chat,4,97.0,completed,3.0,False
C002606,U0577,A015,2026-04-22 23:30:53.392601,Family,audio,16,394.0,completed,4.0,False
C002607,U0577,A015,2026-06-05 08:43:59.748591,Family,audio,7,176.0,completed,4.0,False
C002608,U0577,A015,2026-07-05 03:43:06.958319,Family,chat,7,179.0,completed,4.0,False
C002609,U0577,A015,2026-07-31 14:55:31.098452,Family,chat,12,312.0,completed,5.0,False
C002610,U0578,A030,2026-06-09 00:00:00.000000,Family,chat,4,0.0,completed,4.0,True
C002611,U0578,A008,2026-07-24 13:04:29.914740,Family,chat,7,107.0,completed,4.0,False
C002612,U0579,A014,2025-12-27 00:00:00.000000,Career,chat,4,0.0,completed,5.0,True
C002613,U0579,A028,2025-12-28 20:25:16.731761,Finance,chat,8,122.0,completed,3.0,False
C002614,U0579,A028,2026-04-18 03:48:59.658869,Finance,audio,14,218.0,completed,3.0,False
C002615,U0579,A028,2026-06-12 03:10:25.860039,Finance,chat,8,127.0,completed,3.0,False
C002616,U0579,A028,2026-08-14 08:03:22.827468,Finance,chat,8,130.0,completed,3.0,False
C002617,U0580,A028,2025-08-17 00:00:00.000000,Marriage,audio,9,0.0,completed,4.0,True
C002618,U0580,A025,2025-09-11 06:37:52.459359,Career,chat,5,128.0,completed,3.0,False
C002619,U0580,A029,2025-10-05 13:51:19.146605,Relationship,audio,26,243.0,completed,3.0,False
C002620,U0580,A004,2025-11-06 23:28:56.292786,Career,chat,16,305.0,completed,4.0,False
C002621,U0580,A014,2025-12-02 20:50:30.924989,Finance,chat,21,499.0,completed,3.0,False
C002622,U0580,A029,2025-12-24 14:50:08.728801,Health,audio,12,119.0,completed,4.0,False
C002623,U0580,A029,2026-01-20 00:30:59.412995,Family,audio,13,131.0,completed,3.0,False
C002624,U0580,A029,2026-02-11 17:49:57.435056,General Vedic,chat,6,62.0,completed,4.0,False
C002625,U0580,A029,2026-04-22 20:28:25.479919,Health,chat,13,136.0,completed,3.0,False
C002626,U0580,A029,2026-05-30 04:52:30.094530,Career,audio,7,74.0,completed,4.0,False
C002627,U0580,A004,2026-07-04 23:10:25.257772,Career,audio,14,302.0,dropped,,False
C002628,U0580,A009,2026-07-24 16:23:48.779756,Relationship,audio,17,518.0,failed,,False
C002629,U0580,A029,2026-08-13 01:56:13.940483,General Vedic,audio,10,112.0,completed,4.0,False
C002630,U0581,A018,2025-07-28 00:00:00.000000,Career,video,13,0.0,completed,4.0,True
C002631,U0581,A006,2025-08-21 06:49:15.190935,Career,video,13,159.0,completed,4.0,False
C002632,U0581,A009,2025-09-19 15:41:03.014493,Career,chat,16,416.0,completed,2.0,False
C002633,U0581,A006,2025-10-17 19:15:10.651708,Career,audio,7,89.0,completed,4.0,False
C002634,U0581,A006,2025-11-05 16:22:29.313829,Career,video,5,65.0,completed,4.0,False
C002635,U0581,A018,2025-11-21 22:07:01.692609,General Vedic,audio,13,129.0,completed,4.0,False
C002636,U0581,A006,2025-12-15 23:22:31.688146,Career,video,3,40.0,completed,4.0,False
C002637,U0582,A001,2026-04-04 00:00:00.000000,Health,audio,18,0.0,completed,2.0,True
C002638,U0582,A001,2026-06-05 16:52:52.187003,Family,audio,19,484.0,completed,2.0,False
C002639,U0583,A011,2026-01-24 00:00:00.000000,Career,audio,11,0.0,dropped,,True
C002640,U0584,A019,2026-04-21 00:00:00.000000,Relationship,chat,3,0.0,completed,3.0,True
C002641,U0585,A029,2026-06-05 00:00:00.000000,Career,audio,9,0.0,completed,4.0,True
C002642,U0586,A019,2026-02-26 00:00:00.000000,Health,chat,3,0.0,dropped,,True
C002643,U0586,A024,2026-04-21 02:19:43.118389,Health,chat,18,330.0,completed,4.0,False
C002644,U0586,A024,2026-05-01 01:35:33.305517,Marriage,chat,15,281.0,completed,5.0,False
C002645,U0586,A001,2026-07-02 17:12:55.033668,Career,chat,3,80.0,completed,3.0,False
C002646,U0586,A024,2026-08-04 11:14:24.575267,General Vedic,audio,3,58.0,completed,4.0,False
C002647,U0587,A030,2025-12-21 00:00:00.000000,Health,chat,3,0.0,completed,3.0,True
C002648,U0587,A007,2026-01-11 14:42:38.120592,Relationship,chat,7,178.0,completed,3.0,False
C002649,U0587,A017,2026-02-07 10:20:23.494204,Health,video,14,320.0,completed,3.0,False
C002650,U0587,A020,2026-02-10 21:32:06.685649,Health,chat,5,95.0,completed,3.0,False
C002651,U0587,A022,2026-02-14 04:48:38.995808,Marriage,chat,10,270.0,completed,4.0,False
C002652,U0587,A014,2026-03-22 12:39:03.811507,Health,video,17,411.0,completed,3.0,False
C002653,U0587,A004,2026-05-08 23:55:29.926980,Health,video,7,141.0,completed,3.0,False
C002654,U0587,A001,2026-05-22 06:15:09.498546,Finance,audio,10,285.0,completed,4.0,False
C002655,U0587,A014,2026-07-25 07:18:58.852360,Health,audio,15,383.0,completed,5.0,False
C002656,U0588,A012,2026-04-18 00:00:00.000000,Career,video,11,0.0,completed,4.0,True
C002657,U0589,A006,2026-06-06 00:00:00.000000,General Vedic,chat,6,0.0,completed,4.0,True
C002658,U0590,A014,2025-10-17 00:00:00.000000,Health,chat,3,0.0,completed,5.0,True
C002659,U0590,A023,2025-11-10 19:39:28.307784,Finance,chat,6,110.0,completed,4.0,False
C002660,U0590,A020,2025-11-17 13:58:28.451482,Finance,video,9,168.0,completed,2.0,False
C002661,U0590,A023,2025-11-18 13:58:28.451482,Finance,chat,9,172.0,completed,4.0,False
C002662,U0590,A017,2025-11-27 00:04:58.330414,General Vedic,audio,12,285.0,completed,4.0,False
C002663,U0590,A023,2025-12-10 11:31:38.139616,Health,chat,3,59.0,completed,4.0,False
C002664,U0590,A023,2025-12-27 09:11:22.313980,Finance,chat,8,161.0,completed,4.0,False
C002665,U0590,A023,2026-01-30 04:49:47.009570,Marriage,chat,3,62.0,completed,5.0,False
C002666,U0590,A023,2026-02-20 16:09:04.805711,Finance,chat,12,251.0,completed,5.0,False
C002667,U0590,A002,2026-02-21 16:09:04.805711,Health,video,7,182.0,completed,2.0,False
C002668,U0590,A023,2026-03-06 19:22:28.024743,Finance,audio,14,302.0,completed,3.0,False
C002669,U0590,A023,2026-03-18 16:37:13.388120,Finance,chat,3,66.0,completed,4.0,False
C002670,U0590,A017,2026-03-19 16:37:13.388120,Family,chat,10,273.0,completed,4.0,False
C002671,U0590,A023,2026-03-31 16:41:50.749991,Marriage,chat,11,249.0,completed,5.0,False
C002672,U0590,A023,2026-05-02 05:20:51.057973,Marriage,chat,8,184.0,completed,4.0,False
C002673,U0590,A023,2026-05-20 12:35:35.305774,Finance,chat,5,117.0,completed,3.0,False
C002674,U0590,A023,2026-05-24 19:20:13.427496,General Vedic,audio,17,404.0,completed,5.0,False
C002675,U0590,A023,2026-06-15 05:10:26.520981,Family,audio,5,121.0,completed,4.0,False
C002676,U0590,A022,2026-06-30 06:13:25.400253,Finance,audio,13,442.0,completed,3.0,False
C002677,U0590,A023,2026-07-08 20:48:15.993230,Family,audio,17,422.0,failed,,False
C002678,U0590,A023,2026-07-26 12:13:13.191511,Relationship,chat,18,454.0,completed,4.0,False
C002679,U0590,A020,2026-08-09 02:22:47.344679,Finance,audio,18,460.0,completed,3.0,False
C002680,U0591,A001,2026-01-19 00:00:00.000000,Relationship,chat,10,0.0,completed,3.0,True
C002681,U0591,A017,2026-03-23 23:13:20.789968,Relationship,chat,3,67.0,completed,4.0,False
C002682,U0591,A030,2026-07-04 17:36:24.419779,Marriage,video,13,243.0,completed,4.0,False
C002683,U0591,A010,2026-08-14 14:42:20.264984,Relationship,chat,6,57.0,completed,4.0,False
C002684,U0592,A027,2025-11-07 00:00:00.000000,Finance,audio,14,0.0,completed,5.0,True
C002685,U0593,A018,2025-09-17 00:00:00.000000,General Vedic,chat,8,0.0,completed,3.0,True
C002686,U0593,A001,2025-10-18 17:45:00.430145,General Vedic,audio,16,408.0,completed,3.0,False
C002687,U0593,A014,2025-11-14 07:23:56.211321,General Vedic,chat,8,183.0,completed,3.0,False
C002688,U0593,A014,2025-11-21 21:27:37.730775,General Vedic,audio,6,140.0,completed,4.0,False
C002689,U0594,A003,2025-07-22 00:00:00.000000,Finance,video,6,0.0,completed,3.0,True
C002690,U0595,A019,2026-05-23 00:00:00.000000,Health,video,21,0.0,completed,3.0,True
C002691,U0595,A025,2026-06-11 10:39:24.538815,Finance,audio,13,332.0,completed,3.0,False
C002692,U0596,A002,2026-03-23 00:00:00.000000,Family,audio,12,0.0,completed,3.0,True
C002693,U0596,A013,2026-05-07 02:36:12.417458,Family,audio,3,28.0,completed,3.0,False
C002694,U0596,A013,2026-07-20 13:53:33.157461,Health,audio,7,66.0,completed,3.0,False
C002695,U0597,A005,2025-10-17 00:00:00.000000,Family,video,17,0.0,completed,4.0,True
C002696,U0597,A029,2026-02-17 00:07:58.668795,Health,chat,9,83.0,completed,4.0,False
C002697,U0597,A029,2026-05-14 03:19:42.840000,Health,video,13,122.0,completed,3.0,False
C002698,U0597,A029,2026-07-29 10:15:50.295383,Health,audio,17,162.0,completed,4.0,False
C002699,U0598,A017,2025-12-17 00:00:00.000000,Health,video,19,0.0,completed,3.0,True
C002700,U0599,A017,2025-12-23 00:00:00.000000,Family,audio,19,0.0,completed,4.0,True
C002701,U0599,A007,2026-03-15 07:15:04.728434,Family,audio,18,459.0,completed,3.0,False
C002702,U0599,A007,2026-05-16 16:12:01.151763,Family,chat,3,78.0,completed,3.0,False
C002703,U0599,A007,2026-08-06 13:20:44.974882,Health,audio,10,265.0,completed,3.0,False
C002704,U0600,A029,2025-11-16 00:00:00.000000,Health,chat,6,0.0,completed,3.0,True
C002705,U0600,A011,2025-12-07 13:18:27.237926,Finance,audio,13,332.0,completed,3.0,False
C002706,U0600,A011,2025-12-30 22:28:36.444462,Health,video,9,234.0,completed,4.0,False
C002707,U0600,A011,2025-12-31 22:28:36.444462,Finance,chat,10,265.0,completed,3.0,False
C002708,U0600,A016,2026-01-23 06:09:39.072982,Finance,audio,18,486.0,completed,3.0,False
C002709,U0600,A011,2026-02-12 20:58:24.905001,Finance,audio,3,82.0,completed,3.0,False
C002710,U0600,A028,2026-02-13 20:58:24.905001,Finance,video,23,386.0,completed,4.0,False
C002711,U0600,A011,2026-02-28 23:01:11.751358,Finance,video,6,171.0,completed,3.0,False
C002712,U0600,A011,2026-03-29 00:16:29.948788,Finance,audio,11,319.0,completed,3.0,False
C002713,U0600,A011,2026-04-15 06:35:18.942108,Marriage,chat,16,472.0,completed,2.0,False
C002714,U0600,A019,2026-04-16 06:35:18.942108,General Vedic,audio,12,317.0,completed,3.0,False
C002715,U0600,A011,2026-04-27 05:23:43.544536,Family,audio,13,396.0,completed,4.0,False
C002716,U0600,A011,2026-05-10 03:25:25.162903,Family,chat,3,93.0,completed,4.0,False
C002717,U0601,A006,2026-03-14 00:00:00.000000,Finance,audio,6,0.0,completed,4.0,True
C002718,U0602,A015,2026-03-29 00:00:00.000000,Finance,audio,6,0.0,failed,,True
C002719,U0603,A023,2026-01-18 00:00:00.000000,Health,chat,3,0.0,completed,5.0,True
C002720,U0604,A009,2026-06-09 00:00:00.000000,Finance,chat,3,0.0,completed,4.0,True
C002721,U0604,A025,2026-07-20 07:34:39.208046,Career,video,11,280.0,completed,3.0,False
C002722,U0605,A022,2025-08-24 00:00:00.000000,Marriage,chat,12,0.0,completed,4.0,True
C002723,U0606,A027,2025-08-06 00:00:00.000000,Relationship,audio,16,0.0,completed,3.0,True
C002724,U0607,A006,2025-12-13 00:00:00.000000,Finance,audio,13,0.0,completed,3.0,True
C002725,U0607,A002,2026-01-12 16:27:03.707086,Marriage,chat,11,247.0,completed,2.0,False
C002726,U0608,A021,2026-01-15 00:00:00.000000,Career,audio,17,0.0,completed,3.0,True
C002727,U0608,A022,2026-02-26 22:30:07.413576,Career,audio,12,306.0,completed,4.0,False
C002728,U0608,A022,2026-04-21 17:08:10.174935,Health,chat,8,208.0,completed,2.0,False
C002729,U0608,A021,2026-05-31 12:53:32.284364,Health,chat,5,117.0,completed,4.0,False
C002730,U0608,A022,2026-07-21 10:47:43.819158,Career,audio,19,513.0,completed,5.0,False
C002731,U0609,A022,2026-02-08 00:00:00.000000,Career,audio,11,0.0,completed,4.0,True
C002732,U0609,A018,2026-03-23 01:11:37.521528,Career,chat,9,83.0,completed,3.0,False
C002733,U0609,A018,2026-04-12 23:35:14.628511,General Vedic,video,7,66.0,completed,4.0,False
C002734,U0609,A018,2026-05-18 16:13:42.030559,Career,audio,15,143.0,completed,4.0,False
C002735,U0609,A018,2026-07-02 04:51:33.061904,Career,audio,17,165.0,completed,4.0,False
C002736,U0609,A018,2026-08-03 15:00:10.039553,Career,audio,8,79.0,completed,4.0,False
C002737,U0610,A009,2026-01-20 00:00:00.000000,Family,chat,10,0.0,completed,3.0,True
C002738,U0610,A013,2026-02-12 11:40:48.304811,General Vedic,video,13,119.0,completed,4.0,False
C002739,U0610,A020,2026-03-25 16:42:28.279737,Marriage,chat,10,187.0,completed,3.0,False
C002740,U0610,A020,2026-04-13 09:41:20.275359,Finance,chat,13,248.0,completed,3.0,False
C002741,U0610,A003,2026-06-28 14:12:43.918711,Finance,audio,13,351.0,completed,4.0,False
C002742,U0611,A024,2025-11-20 00:00:00.000000,Relationship,chat,21,0.0,completed,4.0,True
C002743,U0612,A022,2026-02-09 00:00:00.000000,Marriage,chat,13,0.0,completed,3.0,True
C002744,U0612,A024,2026-03-20 00:40:56.388609,Marriage,chat,8,147.0,completed,3.0,False
C002745,U0613,A008,2026-06-17 00:00:00.000000,Family,audio,21,0.0,completed,4.0,True
C002746,U0613,A012,2026-07-18 14:47:03.476463,Career,audio,21,321.0,completed,4.0,False
C002747,U0613,A012,2026-07-19 14:47:03.476463,Family,chat,19,296.0,completed,4.0,False
C002748,U0614,A006,2026-01-12 00:00:00.000000,Career,audio,14,0.0,completed,4.0,True
C002749,U0615,A024,2026-03-11 00:00:00.000000,Marriage,video,6,0.0,completed,4.0,True
C002750,U0615,A027,2026-04-08 23:55:05.576962,Marriage,video,18,330.0,completed,3.0,False
C002751,U0615,A007,2026-07-06 06:58:25.141496,Marriage,chat,10,260.0,completed,4.0,False
C002752,U0616,A015,2025-08-11 00:00:00.000000,Relationship,chat,10,0.0,failed,,True
C002753,U0617,A030,2026-02-24 00:00:00.000000,Career,video,16,0.0,completed,5.0,True
C002754,U0618,A015,2025-12-23 00:00:00.000000,Relationship,chat,5,0.0,completed,4.0,True
C002755,U0618,A023,2026-03-02 21:19:57.616701,Relationship,chat,7,129.0,completed,4.0,False
C002756,U0618,A019,2026-05-01 09:31:21.805793,Relationship,audio,12,275.0,completed,3.0,False
C002757,U0618,A014,2026-05-02 09:31:21.805793,Relationship,audio,3,70.0,dropped,,False
C002758,U0618,A025,2026-07-23 04:06:03.418292,Relationship,chat,7,189.0,completed,3.0,False
C002759,U0619,A012,2026-01-03 00:00:00.000000,General Vedic,audio,21,0.0,completed,4.0,True
C002760,U0620,A011,2025-08-03 00:00:00.000000,General Vedic,chat,10,0.0,completed,4.0,True
C002761,U0620,A011,2025-08-05 22:29:15.073342,General Vedic,chat,13,332.0,completed,4.0,False
C002762,U0620,A021,2025-08-21 18:49:49.847755,General Vedic,chat,3,69.0,completed,4.0,False
C002763,U0620,A021,2025-09-01 03:36:43.909889,General Vedic,chat,3,70.0,completed,4.0,False
C002764,U0620,A028,2025-10-05 15:54:39.847020,General Vedic,chat,13,211.0,completed,4.0,False
C002765,U0620,A021,2025-10-13 11:14:09.372088,General Vedic,audio,12,290.0,completed,5.0,False
C002766,U0620,A021,2025-10-14 11:14:09.372088,Relationship,chat,3,74.0,completed,4.0,False
C002767,U0620,A021,2025-10-31 21:00:57.440837,General Vedic,audio,10,251.0,completed,5.0,False
C002768,U0620,A029,2025-11-21 01:34:17.473736,Marriage,chat,3,31.0,completed,3.0,False
C002769,U0620,A002,2025-12-13 02:00:56.571984,General Vedic,chat,7,182.0,completed,2.0,False
C002770,U0620,A021,2025-12-28 16:16:48.145687,General Vedic,audio,13,343.0,completed,4.0,False
C002771,U0620,A021,2026-01-05 12:28:48.064877,General Vedic,video,12,322.0,completed,4.0,False
C002772,U0620,A021,2026-01-13 22:07:38.285105,General Vedic,chat,6,164.0,completed,4.0,False
C002773,U0620,A021,2026-02-24 02:30:59.868188,General Vedic,audio,7,194.0,completed,4.0,False
C002774,U0620,A025,2026-03-03 17:58:55.568237,General Vedic,chat,3,96.0,completed,3.0,False
C002775,U0620,A003,2026-03-16 12:05:18.992714,General Vedic,chat,6,195.0,completed,2.0,False
C002776,U0620,A021,2026-03-30 12:24:30.720741,General Vedic,audio,12,348.0,completed,3.0,False
C002777,U0620,A021,2026-04-01 13:38:04.950640,General Vedic,audio,9,265.0,completed,4.0,False
C002778,U0620,A006,2026-04-22 03:55:23.558589,Health,audio,6,98.0,completed,4.0,False
C002779,U0620,A021,2026-05-19 05:07:52.852244,General Vedic,audio,13,395.0,completed,4.0,False
C002780,U0620,A021,2026-06-08 00:04:37.094427,Family,video,3,92.0,completed,3.0,False
C002781,U0620,A013,2026-06-21 19:06:08.141068,General Vedic,audio,16,204.0,completed,4.0,False
C002782,U0620,A021,2026-07-20 02:58:03.216082,Health,chat,10,317.0,completed,5.0,False
C002783,U0620,A021,2026-08-13 06:06:34.595868,General Vedic,audio,15,482.0,completed,4.0,False
C002784,U0621,A004,2026-02-08 00:00:00.000000,Marriage,audio,11,0.0,completed,5.0,True
C002785,U0622,A021,2025-07-20 00:00:00.000000,Relationship,chat,9,0.0,completed,4.0,True
C002786,U0622,A023,2026-04-25 13:06:22.605530,General Vedic,chat,3,55.0,completed,4.0,False
C002787,U0623,A015,2025-11-04 00:00:00.000000,General Vedic,chat,17,0.0,dropped,,True
C002788,U0623,A025,2025-11-18 20:37:43.776239,Finance,video,18,459.0,completed,2.0,False
C002789,U0623,A025,2026-08-12 04:51:58.120690,Family,audio,14,364.0,completed,3.0,False
C002790,U0624,A009,2025-11-12 00:00:00.000000,Marriage,chat,3,0.0,completed,4.0,True
C002791,U0624,A014,2026-02-27 18:39:40.423669,Career,chat,11,247.0,completed,3.0,False
C002792,U0624,A014,2026-05-28 03:07:06.127870,Marriage,chat,9,206.0,completed,4.0,False
C002793,U0625,A006,2026-05-07 00:00:00.000000,Family,audio,21,0.0,completed,3.0,True
C002794,U0625,A018,2026-07-18 12:23:57.931788,Health,audio,21,193.0,completed,4.0,False
C002795,U0626,A010,2026-01-19 00:00:00.000000,Career,video,3,0.0,completed,5.0,True
C002796,U0627,A015,2026-05-11 00:00:00.000000,Family,video,8,0.0,completed,4.0,True
C002797,U0628,A030,2025-11-07 00:00:00.000000,Finance,chat,15,0.0,completed,2.0,True
C002798,U0628,A022,2025-11-14 00:56:27.136776,General Vedic,audio,14,357.0,completed,5.0,False
C002799,U0628,A022,2025-11-15 00:56:27.136776,Finance,audio,13,338.0,completed,4.0,False
C002800,U0628,A022,2025-12-01 01:14:00.264967,Finance,chat,15,398.0,completed,3.0,False
C002801,U0628,A022,2025-12-02 01:14:00.264967,Finance,audio,15,405.0,completed,4.0,False
C002802,U0628,A022,2025-12-13 22:34:30.694399,Finance,chat,10,275.0,completed,4.0,False
C002803,U0628,A022,2026-01-30 05:14:56.449239,Finance,video,20,560.0,completed,3.0,False
C002804,U0628,A022,2026-02-19 03:35:17.358110,Finance,chat,7,200.0,completed,4.0,False
C002805,U0628,A022,2026-04-07 23:48:35.825952,Finance,video,20,580.0,completed,5.0,False
C002806,U0628,A022,2026-05-12 23:19:58.925845,Marriage,video,8,236.0,completed,4.0,False
C002807,U0628,A022,2026-07-28 06:00:12.897612,Relationship,chat,7,210.0,completed,3.0,False
C002808,U0629,A019,2025-08-11 00:00:00.000000,Marriage,chat,16,0.0,completed,4.0,True
C002809,U0630,A028,2025-12-10 00:00:00.000000,Family,chat,3,0.0,dropped,,True
C002810,U0631,A014,2025-09-08 00:00:00.000000,Relationship,audio,14,0.0,completed,5.0,True
C002811,U0631,A008,2025-10-02 11:26:45.663588,Relationship,chat,6,92.0,completed,4.0,False
C002812,U0631,A005,2025-10-23 15:34:41.378316,Relationship,chat,6,137.0,completed,4.0,False
C002813,U0631,A005,2025-11-30 01:42:39.527175,Relationship,chat,4,93.0,completed,5.0,False
C002814,U0631,A005,2025-12-27 14:02:54.357567,Relationship,chat,16,380.0,completed,4.0,False
C002815,U0631,A005,2026-01-13 07:47:16.815601,Relationship,chat,12,290.0,completed,3.0,False
C002816,U0631,A005,2026-01-31 21:16:50.530865,Career,audio,14,345.0,failed,,False
C002817,U0631,A028,2026-02-08 06:22:27.206669,Finance,chat,9,154.0,completed,4.0,False
C002818,U0631,A005,2026-02-28 12:25:45.424621,Relationship,video,8,204.0,completed,5.0,False
C002819,U0631,A015,2026-03-10 17:44:35.048827,General Vedic,chat,9,234.0,completed,4.0,False
C002820,U0631,A005,2026-03-22 13:00:58.138978,Relationship,chat,12,317.0,completed,5.0,False
C002821,U0631,A004,2026-03-26 05:33:10.878963,Relationship,chat,3,66.0,completed,4.0,False
C002822,U0631,A005,2026-05-11 00:03:07.488865,Career,audio,10,273.0,completed,5.0,False
C002823,U0631,A005,2026-06-14 14:51:22.279539,Family,chat,11,305.0,completed,4.0,False
C002824,U0631,A025,2026-07-19 23:23:11.995340,Relationship,chat,9,288.0,completed,2.0,False
C002825,U0631,A005,2026-08-14 17:46:27.253143,Relationship,chat,16,458.0,dropped,,False
C002826,U0632,A029,2026-04-02 00:00:00.000000,General Vedic,audio,20,0.0,completed,3.0,True
C002827,U0633,A001,2025-08-04 00:00:00.000000,General Vedic,video,19,0.0,completed,3.0,True
C002828,U0633,A017,2025-08-16 16:57:06.004087,General Vedic,chat,3,67.0,completed,4.0,False
C002829,U0633,A017,2025-09-23 05:03:41.514815,Family,chat,6,137.0,completed,4.0,False
C002830,U0633,A001,2025-10-10 02:49:09.592305,General Vedic,audio,5,132.0,completed,3.0,False
C002831,U0633,A017,2025-10-23 13:48:58.713024,General Vedic,video,4,95.0,completed,3.0,False
C002832,U0633,A017,2025-11-23 03:09:56.453559,Health,chat,5,121.0,completed,3.0,False
C002833,U0633,A017,2025-12-22 20:58:12.273147,General Vedic,video,13,320.0,completed,4.0,False
C002834,U0633,A017,2026-01-09 04:08:20.484580,General Vedic,audio,4,100.0,completed,4.0,False
C002835,U0633,A012,2026-01-10 04:08:20.484580,General Vedic,audio,6,104.0,completed,4.0,False
C002836,U0633,A017,2026-01-29 12:17:51.999290,Marriage,chat,5,130.0,completed,4.0,False
C002837,U0633,A013,2026-02-06 01:25:24.542240,Finance,chat,12,130.0,completed,3.0,False
C002838,U0633,A014,2026-03-06 04:29:39.717733,General Vedic,chat,9,242.0,completed,3.0,False
C002839,U0633,A018,2026-04-07 13:15:32.577309,General Vedic,chat,3,33.0,completed,4.0,False
C002840,U0633,A017,2026-04-21 17:44:48.581061,Career,chat,7,194.0,dropped,,False
C002841,U0633,A017,2026-04-24 00:05:43.073975,General Vedic,video,12,338.0,completed,5.0,False
C002842,U0633,A017,2026-04-26 11:47:04.407372,General Vedic,video,8,229.0,completed,5.0,False
C002843,U0633,A017,2026-05-05 17:57:19.392741,General Vedic,audio,13,378.0,completed,4.0,False
C002844,U0633,A013,2026-05-15 04:04:18.857271,General Vedic,audio,12,145.0,completed,3.0,False
C002845,U0633,A017,2026-06-07 06:13:29.979629,General Vedic,chat,4,120.0,completed,3.0,False
C002846,U0633,A017,2026-06-13 17:19:03.990474,General Vedic,chat,8,243.0,dropped,,False
C002847,U0633,A017,2026-06-28 20:51:28.631309,General Vedic,chat,10,308.0,completed,5.0,False
C002848,U0633,A017,2026-07-02 21:38:24.237935,Marriage,chat,8,250.0,completed,4.0,False
C002849,U0633,A017,2026-07-16 10:51:02.885559,Relationship,audio,12,380.0,completed,4.0,False
C002850,U0633,A017,2026-08-02 10:01:06.779913,General Vedic,audio,18,578.0,completed,4.0,False
C002851,U0634,A028,2026-04-26 00:00:00.000000,Career,audio,19,0.0,completed,3.0,True
C002852,U0634,A027,2026-06-29 01:27:11.591253,Marriage,audio,19,349.0,completed,4.0,False
C002853,U0635,A023,2025-11-01 00:00:00.000000,Family,chat,13,0.0,completed,5.0,True
C002854,U0636,A008,2025-08-14 00:00:00.000000,Career,video,6,0.0,completed,5.0,True
C002855,U0636,A005,2025-10-17 22:06:36.528762,Relationship,chat,8,180.0,completed,4.0,False
C002856,U0636,A026,2025-11-10 00:33:21.318413,Relationship,chat,11,137.0,completed,3.0,False
C002857,U0636,A005,2026-02-01 16:16:22.836063,Relationship,chat,20,466.0,completed,5.0,False
C002858,U0636,A005,2026-05-05 04:30:53.775018,Career,audio,6,143.0,completed,5.0,False
C002859,U0636,A005,2026-07-03 03:43:50.629719,Relationship,chat,3,73.0,completed,4.0,False
C002860,U0637,A023,2026-04-25 00:00:00.000000,Finance,audio,14,0.0,completed,4.0,True
C002861,U0638,A027,2025-12-06 00:00:00.000000,Family,audio,11,0.0,completed,4.0,True
C002862,U0639,A010,2025-10-28 00:00:00.000000,Relationship,audio,16,0.0,completed,3.0,True
C002863,U0639,A019,2025-11-24 16:52:35.114237,Finance,audio,16,359.0,completed,3.0,False
C002864,U0639,A019,2025-12-09 17:21:46.319622,Health,video,12,275.0,completed,3.0,False
C002865,U0639,A010,2026-02-19 12:32:18.013107,Relationship,chat,3,29.0,completed,4.0,False
C002866,U0639,A019,2026-03-21 12:39:48.323394,Finance,audio,7,166.0,completed,3.0,False
C002867,U0639,A019,2026-03-22 12:39:48.323394,Finance,chat,6,145.0,completed,3.0,False
C002868,U0639,A005,2026-05-09 16:26:03.984598,Finance,audio,6,148.0,completed,4.0,False
C002869,U0639,A024,2026-07-04 03:18:05.947569,Marriage,chat,3,62.0,completed,4.0,False
C002870,U0640,A009,2025-10-24 00:00:00.000000,Relationship,chat,11,0.0,completed,4.0,True
C002871,U0641,A027,2025-12-31 00:00:00.000000,General Vedic,audio,9,0.0,completed,3.0,True
C002872,U0642,A030,2026-05-27 00:00:00.000000,Finance,audio,9,0.0,completed,4.0,True
C002873,U0642,A029,2026-06-11 19:11:53.890636,Marriage,chat,4,37.0,completed,2.0,False
C002874,U0642,A024,2026-07-30 12:43:04.137794,Finance,chat,12,225.0,completed,3.0,False
C002875,U0643,A030,2026-06-04 00:00:00.000000,General Vedic,audio,12,0.0,completed,3.0,True
C002876,U0643,A020,2026-07-06 07:38:01.981776,Marriage,chat,16,294.0,completed,4.0,False
C002877,U0644,A008,2026-01-12 00:00:00.000000,Relationship,audio,20,0.0,completed,3.0,True
C002878,U0645,A028,2026-05-29 00:00:00.000000,Career,chat,7,0.0,completed,4.0,True
C002879,U0646,A002,2026-05-21 00:00:00.000000,Marriage,video,22,0.0,completed,2.0,True
C002880,U0647,A008,2026-01-17 00:00:00.000000,General Vedic,chat,12,0.0,completed,4.0,True
C002881,U0647,A028,2026-03-25 06:49:31.888503,Health,chat,3,46.0,completed,4.0,False
C002882,U0647,A024,2026-05-29 17:24:43.574970,General Vedic,audio,6,112.0,completed,4.0,False
C002883,U0647,A004,2026-07-24 15:12:00.893769,General Vedic,audio,18,343.0,completed,4.0,False
C002884,U0648,A002,2025-10-24 00:00:00.000000,Relationship,audio,15,0.0,completed,2.0,True
C002885,U0648,A001,2026-08-06 23:23:19.993095,Relationship,chat,14,357.0,completed,3.0,False
C002886,U0649,A010,2025-12-05 00:00:00.000000,Career,chat,4,0.0,completed,4.0,True
C002887,U0649,A029,2026-02-03 01:12:43.331199,Career,chat,3,28.0,completed,4.0,False
C002888,U0649,A017,2026-05-07 20:14:16.014636,Career,chat,19,435.0,completed,3.0,False
C002889,U0649,A023,2026-07-11 02:34:35.764239,Finance,video,9,172.0,completed,5.0,False
C002890,U0650,A010,2026-01-13 00:00:00.000000,Relationship,chat,12,0.0,completed,4.0,True
C002891,U0651,A005,2026-02-10 00:00:00.000000,General Vedic,chat,14,0.0,completed,4.0,True
C002892,U0651,A015,2026-03-12 03:59:39.772023,General Vedic,audio,3,67.0,completed,4.0,False
C002893,U0651,A015,2026-03-25 13:17:08.232654,Career,audio,3,69.0,completed,5.0,False
C002894,U0651,A015,2026-04-09 18:51:38.589964,General Vedic,audio,14,326.0,completed,3.0,False
C002895,U0651,A015,2026-05-13 23:02:00.422989,General Vedic,chat,10,238.0,completed,4.0,False
C002896,U0651,A015,2026-07-10 22:07:59.035455,General Vedic,chat,3,73.0,completed,3.0,False
C002897,U0652,A026,2026-05-31 00:00:00.000000,Health,chat,3,0.0,completed,4.0,True
C002898,U0652,A026,2026-07-11 09:28:34.078010,Career,chat,3,37.0,completed,3.0,False
C002899,U0653,A010,2025-08-17 00:00:00.000000,Career,chat,13,0.0,completed,3.0,True
C002900,U0653,A003,2025-10-25 12:28:13.824670,Health,video,6,153.0,completed,3.0,False
C002901,U0653,A003,2026-01-09 03:42:36.111387,Marriage,audio,9,234.0,completed,4.0,False
C002902,U0653,A003,2026-02-15 06:10:38.707802,Health,chat,10,265.0,completed,2.0,False
C002903,U0653,A003,2026-04-25 00:30:16.264600,General Vedic,audio,18,486.0,completed,4.0,False
C002904,U0653,A003,2026-05-13 17:27:41.688954,Marriage,video,11,302.0,completed,4.0,False
C002905,U0653,A003,2026-08-06 02:37:31.230636,Marriage,chat,12,336.0,completed,4.0,False
C002906,U0654,A030,2026-02-09 00:00:00.000000,Marriage,chat,7,0.0,completed,4.0,True
C002907,U0654,A013,2026-05-20 01:24:23.317770,Relationship,chat,7,64.0,completed,3.0,False
C002908,U0655,A019,2025-09-23 00:00:00.000000,Finance,video,14,0.0,completed,3.0,True
C002909,U0655,A028,2025-10-11 23:48:23.606668,Career,audio,13,199.0,completed,4.0,False
C002910,U0655,A028,2025-11-21 23:52:14.763928,Family,chat,6,94.0,completed,3.0,False
C002911,U0655,A002,2025-12-01 22:19:48.641420,Finance,audio,12,280.0,completed,3.0,False
C002912,U0656,A030,2026-03-24 00:00:00.000000,Health,audio,17,0.0,completed,5.0,True
C002913,U0656,A012,2026-04-22 17:19:31.236023,Marriage,chat,5,76.0,completed,4.0,False
C002914,U0656,A008,2026-05-29 16:38:04.726471,Finance,chat,11,172.0,completed,4.0,False
C002915,U0656,A008,2026-06-28 22:38:07.817854,Relationship,chat,5,80.0,completed,4.0,False
C002916,U0656,A008,2026-08-04 06:04:58.841860,Finance,video,8,130.0,completed,3.0,False
C002917,U0657,A013,2025-09-03 00:00:00.000000,Health,audio,8,0.0,completed,3.0,True
C002918,U0658,A004,2026-04-12 00:00:00.000000,Marriage,chat,5,0.0,completed,4.0,True
C002919,U0659,A016,2025-11-16 00:00:00.000000,Marriage,video,10,0.0,completed,4.0,True
C002920,U0660,A009,2026-04-20 00:00:00.000000,Finance,chat,7,0.0,completed,3.0,True
C002921,U0660,A019,2026-05-06 18:01:26.062620,Health,chat,3,67.0,completed,3.0,False
C002922,U0660,A019,2026-06-06 13:19:03.789898,Health,chat,8,183.0,completed,3.0,False
C002923,U0660,A001,2026-06-29 11:36:29.546789,Marriage,audio,9,238.0,completed,3.0,False
C002924,U0660,A019,2026-07-12 04:13:13.759839,Health,audio,8,190.0,completed,3.0,False
C002925,U0660,A002,2026-07-22 12:39:55.634085,Health,chat,8,194.0,completed,3.0,False
C002926,U0660,A019,2026-07-23 12:39:55.634085,Health,audio,10,246.0,completed,3.0,False
C002927,U0661,A029,2025-11-06 00:00:00.000000,General Vedic,audio,12,0.0,completed,3.0,True
C002928,U0661,A016,2026-01-06 00:58:46.282134,Marriage,chat,5,128.0,dropped,,False
C002929,U0661,A016,2026-01-14 02:49:45.596543,Relationship,audio,10,260.0,completed,3.0,False
C002930,U0661,A016,2026-03-25 20:52:55.250959,Family,chat,6,159.0,completed,4.0,False
C002931,U0661,A016,2026-06-12 21:16:14.693042,Relationship,audio,5,135.0,completed,3.0,False
C002932,U0661,A016,2026-08-04 11:20:17.079567,Relationship,video,16,440.0,completed,3.0,False
C002933,U0662,A008,2026-02-25 00:00:00.000000,Family,audio,14,0.0,completed,4.0,True
C002934,U0663,A025,2025-12-21 00:00:00.000000,Finance,chat,6,0.0,completed,3.0,True
C002935,U0663,A029,2026-01-12 01:37:52.511929,Finance,audio,14,129.0,completed,3.0,False
C002936,U0663,A022,2026-02-10 13:56:22.111279,Finance,audio,14,364.0,completed,3.0,False
C002937,U0663,A027,2026-04-11 21:53:31.621267,Relationship,video,5,95.0,completed,3.0,False
C002938,U0663,A026,2026-05-27 19:23:47.877867,Finance,chat,10,130.0,completed,4.0,False
C002939,U0664,A024,2026-03-03 00:00:00.000000,Marriage,chat,14,0.0,completed,4.0,True
C002940,U0664,A006,2026-05-22 20:56:35.181361,Marriage,audio,10,122.0,completed,5.0,False
C002941,U0664,A006,2026-08-01 11:54:43.090587,Relationship,chat,17,212.0,completed,5.0,False
C002942,U0665,A026,2026-03-23 00:00:00.000000,Career,video,15,0.0,completed,4.0,True
C002943,U0666,A003,2026-05-22 00:00:00.000000,Marriage,audio,9,0.0,completed,4.0,True
C002944,U0666,A013,2026-05-23 00:00:00.000000,Finance,chat,5,46.0,completed,3.0,False
C002945,U0666,A013,2026-07-10 07:21:49.080273,Relationship,audio,12,112.0,completed,3.0,False
C002946,U0666,A013,2026-08-04 00:17:02.411733,Family,video,13,124.0,completed,3.0,False
C002947,U0667,A014,2026-05-30 00:00:00.000000,Career,chat,10,0.0,completed,4.0,True
C002948,U0668,A026,2025-11-04 00:00:00.000000,Family,chat,3,0.0,completed,3.0,True
C002949,U0668,A008,2025-11-27 23:03:15.448176,Family,audio,12,184.0,completed,5.0,False
C002950,U0668,A008,2025-12-13 09:48:43.478404,Family,chat,12,187.0,completed,3.0,False
C002951,U0668,A008,2026-01-04 16:29:15.389130,Family,audio,16,254.0,dropped,,False
C002952,U0668,A024,2026-01-23 14:38:47.979262,Family,chat,10,194.0,completed,3.0,False
C002953,U0668,A022,2026-02-12 06:54:39.961892,Finance,chat,6,165.0,completed,3.0,False
C002954,U0668,A010,2026-03-09 19:25:48.236799,Career,chat,19,192.0,completed,4.0,False
C002955,U0668,A008,2026-03-19 07:10:03.508269,Marriage,chat,8,137.0,completed,4.0,False
C002956,U0668,A008,2026-04-09 08:11:47.463917,Family,chat,15,261.0,completed,4.0,False
C002957,U0668,A008,2026-04-16 18:22:42.150325,Family,audio,6,106.0,completed,5.0,False
C002958,U0668,A008,2026-04-30 12:38:16.588339,Family,audio,13,234.0,completed,4.0,False
C002959,U0668,A008,2026-05-24 07:58:06.236942,Family,audio,19,348.0,completed,4.0,False
C002960,U0668,A008,2026-06-22 15:54:31.534174,Family,chat,5,93.0,completed,5.0,False
C002961,U0668,A002,2026-06-28 09:44:37.387344,Relationship,chat,9,249.0,completed,3.0,False
C002962,U0668,A008,2026-07-19 09:47:27.465256,Career,video,10,192.0,completed,4.0,False
C002963,U0668,A008,2026-07-29 04:23:39.493064,Relationship,audio,4,78.0,completed,4.0,False
C002964,U0669,A023,2026-06-17 00:00:00.000000,Health,chat,4,0.0,completed,4.0,True
C002965,U0670,A013,2026-01-19 00:00:00.000000,Finance,chat,3,0.0,completed,4.0,True
C002966,U0671,A003,2025-09-30 00:00:00.000000,Finance,chat,11,0.0,completed,4.0,True
C002967,U0672,A018,2026-01-13 00:00:00.000000,Marriage,chat,10,0.0,completed,4.0,True
C002968,U0673,A003,2025-12-15 00:00:00.000000,Health,audio,15,0.0,completed,4.0,True
C002969,U0673,A011,2026-01-07 05:14:09.468631,Family,chat,3,76.0,failed,,False
C002970,U0673,A011,2026-01-27 11:44:32.710006,Family,audio,10,260.0,completed,3.0,False
C002971,U0673,A017,2026-02-06 03:41:40.136829,Health,video,15,350.0,completed,4.0,False
C002972,U0673,A011,2026-03-06 14:20:42.533143,Relationship,audio,17,459.0,completed,5.0,False
C002973,U0673,A011,2026-04-09 20:11:35.329434,Career,audio,10,275.0,completed,5.0,False
C002974,U0673,A011,2026-05-01 22:54:49.042616,Family,chat,8,224.0,completed,3.0,False
C002975,U0673,A011,2026-05-15 02:52:03.937315,Family,chat,3,86.0,completed,4.0,False
C002976,U0673,A017,2026-06-05 07:20:34.160613,Family,chat,12,306.0,completed,4.0,False
C002977,U0673,A011,2026-06-23 17:11:04.050806,Family,audio,3,88.0,completed,4.0,False
C002978,U0673,A019,2026-08-03 19:13:37.561099,Family,audio,9,238.0,completed,2.0,False
C002979,U0674,A014,2026-05-14 00:00:00.000000,Relationship,chat,3,0.0,completed,4.0,True
C002980,U0674,A007,2026-05-29 16:02:25.930668,Relationship,audio,6,153.0,completed,3.0,False
C002981,U0674,A007,2026-06-09 18:03:10.597587,Career,chat,3,78.0,completed,4.0,False
C002982,U0674,A007,2026-07-08 12:56:21.396333,Relationship,chat,8,212.0,completed,4.0,False
C002983,U0674,A007,2026-07-22 13:47:48.585724,Relationship,chat,3,81.0,failed,,False
C002984,U0674,A016,2026-08-06 13:12:02.567460,Relationship,chat,12,330.0,completed,4.0,False
C002985,U0675,A002,2025-12-03 00:00:00.000000,Health,audio,14,0.0,completed,1.0,True
C002986,U0675,A026,2026-03-28 18:20:08.963952,Health,chat,6,73.0,completed,4.0,False
C002987,U0676,A002,2026-04-23 00:00:00.000000,Health,chat,3,0.0,completed,3.0,True
C002988,U0676,A010,2026-08-08 06:03:38.583793,Health,audio,12,110.0,completed,3.0,False
C002989,U0677,A008,2026-02-22 00:00:00.000000,Finance,audio,6,0.0,completed,4.0,True
C002990,U0678,A003,2026-06-23 00:00:00.000000,Relationship,chat,6,0.0,completed,3.0,True
C002991,U0679,A024,2026-01-09 00:00:00.000000,Career,video,10,0.0,completed,4.0,True
C002992,U0679,A014,2026-02-28 21:20:34.638081,Career,video,11,247.0,completed,3.0,False
C002993,U0679,A014,2026-04-05 06:48:51.604166,Career,chat,3,69.0,completed,4.0,False
C002994,U0679,A014,2026-05-17 12:49:37.078355,General Vedic,chat,12,280.0,completed,4.0,False
C002995,U0679,A013,2026-06-02 17:23:50.732312,Finance,audio,13,126.0,failed,,False
C002996,U0679,A014,2026-06-12 19:21:13.208176,Relationship,audio,5,121.0,completed,4.0,False
C002997,U0679,A014,2026-07-17 05:53:31.478871,Career,chat,7,172.0,dropped,,False
C002998,U0679,A014,2026-08-10 08:23:45.675195,Career,audio,12,301.0,completed,5.0,False
C002999,U0679,A014,2026-08-11 08:23:45.675195,Career,chat,10,255.0,completed,5.0,False
C003000,U0680,A012,2026-03-02 00:00:00.000000,Career,chat,12,0.0,completed,4.0,True
C003001,U0680,A021,2026-05-14 22:13:27.980490,Career,video,21,471.0,completed,4.0,False
C003002,U0680,A002,2026-06-02 15:45:14.561620,Career,audio,12,275.0,completed,1.0,False
C003003,U0680,A016,2026-07-13 05:39:31.840579,Career,video,11,292.0,completed,4.0,False
C003004,U0681,A020,2025-12-18 00:00:00.000000,Finance,video,10,0.0,completed,3.0,True
C003005,U0682,A021,2026-05-26 00:00:00.000000,Career,audio,21,0.0,completed,4.0,True
C003006,U0682,A026,2026-07-04 20:58:03.523379,Health,chat,9,110.0,completed,3.0,False
C003007,U0683,A018,2025-10-09 00:00:00.000000,General Vedic,chat,3,0.0,completed,3.0,True
C003008,U0683,A021,2025-10-30 08:06:55.243255,General Vedic,chat,9,202.0,completed,3.0,False
C003009,U0683,A012,2025-11-19 23:26:04.257845,Marriage,audio,4,62.0,completed,4.0,False
C003010,U0683,A030,2025-11-25 21:10:21.985668,General Vedic,chat,9,172.0,completed,4.0,False
C003011,U0683,A001,2025-12-21 13:34:24.316981,Family,chat,11,297.0,completed,3.0,False
C003012,U0683,A001,2026-01-12 08:45:06.551694,General Vedic,audio,7,193.0,completed,3.0,False
C003013,U0683,A001,2026-01-17 20:39:04.550504,General Vedic,chat,8,224.0,completed,3.0,False
C003014,U0683,A017,2026-03-07 09:53:36.769888,General Vedic,chat,3,75.0,completed,4.0,False
C003015,U0683,A012,2026-03-27 08:25:23.688546,Health,video,9,157.0,completed,4.0,False
C003016,U0683,A017,2026-04-16 03:33:26.867973,Family,audio,6,156.0,completed,3.0,False
C003017,U0683,A029,2026-05-06 08:34:21.128306,General Vedic,chat,18,194.0,completed,3.0,False
C003018,U0683,A001,2026-05-17 14:26:53.692474,Career,audio,10,305.0,completed,4.0,False
C003019,U0683,A001,2026-06-09 09:45:05.665370,Finance,chat,10,310.0,completed,2.0,False
C003020,U0683,A001,2026-07-03 14:39:03.397657,Marriage,chat,14,441.0,completed,3.0,False
C003021,U0683,A001,2026-07-04 14:39:03.397657,General Vedic,chat,20,640.0,completed,3.0,False
C003022,U0683,A001,2026-07-27 14:41:30.106747,General Vedic,chat,3,98.0,completed,2.0,False
C003023,U0683,A001,2026-08-05 01:45:51.475852,General Vedic,audio,16,528.0,completed,3.0,False
C003024,U0684,A025,2026-02-13 00:00:00.000000,Finance,audio,19,0.0,completed,3.0,True
C003025,U0685,A014,2025-08-05 00:00:00.000000,Career,chat,9,0.0,completed,5.0,True
C003026,U0685,A017,2026-02-16 12:44:50.084743,Career,video,16,359.0,completed,4.0,False
C003027,U0686,A003,2025-10-13 00:00:00.000000,Family,chat,3,0.0,completed,3.0,True
C003028,U0687,A030,2025-10-09 00:00:00.000000,Career,chat,3,0.0,completed,4.0,True
C003029,U0687,A010,2025-12-06 11:19:03.049382,Relationship,chat,3,28.0,completed,5.0,False
C003030,U0687,A010,2026-01-18 14:43:30.685667,Career,video,18,168.0,completed,4.0,False
C003031,U0687,A016,2026-03-28 11:40:55.779899,Finance,video,9,238.0,completed,3.0,False
C003032,U0687,A010,2026-05-01 06:01:15.544736,Family,audio,17,165.0,completed,3.0,False
C003033,U0687,A010,2026-06-25 05:53:11.626570,Career,audio,7,69.0,completed,4.0,False
C003034,U0687,A010,2026-06-26 05:53:11.626570,Finance,video,9,91.0,completed,4.0,False
C003035,U0688,A024,2026-02-08 00:00:00.000000,General Vedic,chat,7,0.0,completed,3.0,True
C003036,U0688,A024,2026-03-02 17:41:51.755806,General Vedic,chat,7,129.0,failed,,False
C003037,U0688,A014,2026-04-04 19:17:45.829069,Relationship,chat,9,206.0,completed,4.0,False
C003038,U0688,A014,2026-04-05 19:17:45.829069,General Vedic,chat,8,187.0,completed,5.0,False
C003039,U0688,A014,2026-04-23 10:18:51.537039,General Vedic,chat,3,71.0,completed,4.0,False
C003040,U0688,A014,2026-05-02 06:06:12.639395,Finance,chat,16,387.0,dropped,,False
C003041,U0688,A014,2026-05-20 07:53:56.797563,General Vedic,audio,3,74.0,completed,4.0,False
C003042,U0688,A014,2026-06-24 06:39:04.712767,General Vedic,audio,10,251.0,completed,5.0,False
C003043,U0688,A014,2026-07-11 05:37:10.526230,General Vedic,chat,8,204.0,completed,5.0,False
C003044,U0688,A014,2026-08-11 13:37:12.690713,General Vedic,audio,15,389.0,completed,4.0,False
C003045,U0689,A004,2025-12-20 00:00:00.000000,Health,audio,4,0.0,completed,3.0,True
C003046,U0689,A028,2026-02-01 17:57:52.001397,Career,chat,16,245.0,completed,4.0,False
C003047,U0689,A028,2026-04-25 00:22:28.732930,Career,video,11,172.0,completed,4.0,False
C003048,U0689,A028,2026-07-02 17:55:36.531099,Career,chat,3,48.0,completed,3.0,False
C003049,U0690,A023,2025-08-05 00:00:00.000000,General Vedic,video,22,0.0,completed,3.0,True
C003050,U0691,A005,2025-07-24 00:00:00.000000,General Vedic,chat,10,0.0,completed,3.0,True
C003051,U0691,A029,2025-08-16 20:34:18.372900,Relationship,audio,16,147.0,completed,4.0,False
C003052,U0691,A029,2025-09-06 06:42:38.918542,Relationship,chat,14,131.0,completed,3.0,False
C003053,U0691,A029,2025-09-07 06:42:38.918542,Family,video,11,105.0,completed,3.0,False
C003054,U0691,A029,2025-09-11 18:28:36.432794,Relationship,chat,11,107.0,completed,3.0,False
C003055,U0691,A030,2025-11-14 01:31:34.009008,Relationship,chat,15,297.0,completed,3.0,False
C003056,U0691,A029,2025-11-15 01:31:34.009008,Health,audio,20,202.0,completed,4.0,False
C003057,U0691,A029,2025-11-24 08:39:17.235551,Relationship,chat,12,123.0,completed,3.0,False
C003058,U0691,A029,2025-12-08 06:05:57.527684,Relationship,chat,7,73.0,completed,3.0,False
C003059,U0691,A002,2025-12-28 23:02:39.974646,Health,chat,7,182.0,completed,3.0,False
C003060,U0691,A029,2026-01-13 03:30:04.054013,Relationship,chat,9,97.0,completed,3.0,False
C003061,U0692,A026,2025-11-29 00:00:00.000000,Career,chat,8,0.0,completed,4.0,True
C003062,U0693,A013,2026-06-11 00:00:00.000000,Health,chat,17,0.0,completed,2.0,True
C003063,U0693,A008,2026-06-28 10:56:45.181485,Health,audio,14,214.0,completed,3.0,False
C003064,U0693,A003,2026-07-24 03:36:17.201094,Health,audio,12,312.0,completed,4.0,False
C003065,U0694,A018,2025-10-07 00:00:00.000000,Marriage,chat,5,0.0,completed,4.0,True
C003066,U0694,A009,2025-11-30 23:54:41.667167,Health,video,7,178.0,completed,4.0,False
C003067,U0694,A009,2026-02-01 23:25:55.871639,Marriage,video,12,312.0,completed,4.0,False
C003068,U0694,A009,2026-04-05 21:35:24.575653,Career,audio,8,212.0,completed,3.0,False
C003069,U0694,A009,2026-07-18 20:52:20.265790,Marriage,chat,4,108.0,completed,2.0,False
C003070,U0694,A017,2026-08-04 11:47:01.557485,Marriage,audio,15,363.0,completed,3.0,False
C003071,U0695,A009,2026-03-31 00:00:00.000000,Career,audio,9,0.0,completed,4.0,True
C003072,U0695,A025,2026-06-03 19:00:13.972126,Family,chat,3,76.0,completed,1.0,False
C003073,U0695,A028,2026-08-03 12:58:32.971665,Relationship,video,16,250.0,completed,5.0,False
C003074,U0696,A026,2026-05-09 00:00:00.000000,Health,audio,8,0.0,completed,5.0,True
C003075,U0697,A020,2025-11-08 00:00:00.000000,Relationship,chat,3,0.0,completed,4.0,True
C003076,U0698,A015,2025-08-18 00:00:00.000000,Finance,audio,10,0.0,completed,5.0,True
C003077,U0699,A026,2026-03-07 00:00:00.000000,Relationship,audio,17,0.0,completed,4.0,True
C003078,U0699,A025,2026-04-22 17:28:56.892532,General Vedic,audio,9,230.0,completed,2.0,False
C003079,U0699,A018,2026-06-19 00:53:42.890603,Relationship,chat,8,75.0,completed,3.0,False
C003080,U0699,A018,2026-08-06 11:56:50.273987,Relationship,audio,4,38.0,completed,3.0,False
C003081,U0700,A026,2026-01-12 00:00:00.000000,Marriage,chat,15,0.0,completed,4.0,True
C003082,U0700,A018,2026-01-13 00:00:00.000000,Career,audio,12,110.0,dropped,,False
C003083,U0700,A020,2026-03-02 10:44:00.983848,Career,chat,13,243.0,completed,4.0,False
C003084,U0700,A015,2026-04-06 17:55:44.987309,Health,chat,8,187.0,completed,4.0,False
C003085,U0700,A015,2026-05-06 17:19:09.989267,Family,chat,3,71.0,completed,4.0,False
C003086,U0700,A015,2026-06-20 08:19:24.403237,Career,chat,3,73.0,completed,3.0,False
C003087,U0700,A015,2026-07-21 07:47:11.692327,Career,video,13,320.0,completed,4.0,False
C003088,U0701,A009,2026-03-15 00:00:00.000000,General Vedic,chat,9,0.0,failed,,True
C003089,U0702,A018,2025-12-07 00:00:00.000000,Relationship,chat,5,0.0,completed,3.0,True
C003090,U0703,A005,2025-07-19 00:00:00.000000,General Vedic,video,15,0.0,completed,5.0,True
C003091,U0704,A020,2025-09-30 00:00:00.000000,Finance,chat,6,0.0,completed,4.0,True
C003092,U0704,A004,2025-12-03 22:31:19.764421,Family,audio,17,312.0,completed,4.0,False
C003093,U0704,A004,2026-02-07 20:51:28.881426,Family,audio,14,262.0,completed,4.0,False
C003094,U0704,A004,2026-04-16 15:28:09.796535,Relationship,audio,12,229.0,completed,4.0,False
C003095,U0704,A004,2026-07-23 10:33:35.989946,Family,chat,4,78.0,completed,5.0,False
C003096,U0705,A006,2026-04-18 00:00:00.000000,Family,chat,15,0.0,completed,4.0,True
C003097,U0705,A020,2026-05-25 22:20:32.754207,Marriage,chat,6,110.0,completed,4.0,False
C003098,U0705,A023,2026-07-15 18:20:41.252338,Career,chat,3,56.0,completed,4.0,False
C003099,U0705,A029,2026-07-26 07:40:30.301581,Career,video,11,105.0,completed,4.0,False
C003100,U0706,A028,2026-01-03 00:00:00.000000,General Vedic,chat,6,0.0,completed,3.0,True
C003101,U0706,A030,2026-01-14 10:59:04.458437,Family,audio,12,220.0,completed,3.0,False
C003102,U0707,A001,2025-09-07 00:00:00.000000,Career,chat,3,0.0,completed,3.0,True
C003103,U0708,A016,2025-11-15 00:00:00.000000,Family,chat,11,0.0,completed,3.0,True
C003104,U0708,A007,2026-01-09 03:20:27.380877,General Vedic,chat,5,128.0,completed,4.0,False
C003105,U0708,A012,2026-02-08 02:10:27.678065,Finance,chat,3,47.0,completed,4.0,False
C003106,U0708,A007,2026-02-10 12:22:28.595323,Career,chat,23,610.0,completed,4.0,False
C003107,U0708,A007,2026-02-26 07:56:51.489882,Family,chat,12,324.0,completed,3.0,False
C003108,U0708,A007,2026-04-10 04:50:20.745947,Finance,audio,3,82.0,dropped,,False
C003109,U0708,A007,2026-05-13 17:33:19.598952,Finance,chat,15,420.0,completed,4.0,False
C003110,U0708,A007,2026-06-27 04:41:09.796708,General Vedic,audio,18,513.0,failed,,False
C003111,U0708,A007,2026-08-05 21:05:19.201242,Finance,audio,14,406.0,completed,3.0,False
C003112,U0709,A017,2026-03-30 00:00:00.000000,Marriage,audio,9,0.0,completed,4.0,True
C003113,U0709,A030,2026-04-28 03:17:15.641692,Finance,chat,3,55.0,completed,3.0,False
C003114,U0709,A030,2026-05-26 04:00:55.211152,Career,chat,8,150.0,completed,2.0,False
C003115,U0709,A030,2026-07-28 07:30:04.330046,Marriage,audio,3,57.0,completed,2.0,False
C003116,U0709,A011,2026-08-10 11:48:36.096560,Relationship,video,16,432.0,completed,4.0,False
C003117,U0710,A019,2026-01-06 00:00:00.000000,Relationship,video,10,0.0,completed,4.0,True
C003118,U0710,A009,2026-02-08 19:29:39.774688,Relationship,video,21,536.0,completed,3.0,False
C003119,U0710,A017,2026-04-20 21:45:09.430068,Career,audio,5,114.0,completed,4.0,False
C003120,U0710,A009,2026-06-18 18:37:39.680335,Health,chat,12,318.0,completed,4.0,False
C003121,U0710,A009,2026-07-27 15:38:37.262473,Marriage,chat,6,162.0,completed,4.0,False
C003122,U0710,A009,2026-08-11 09:01:28.074060,Relationship,chat,16,440.0,completed,3.0,False
C003123,U0711,A027,2025-09-01 00:00:00.000000,Career,chat,17,0.0,failed,,True
C003124,U0712,A028,2025-07-18 00:00:00.000000,Family,chat,8,0.0,completed,4.0,True
C003125,U0712,A004,2026-01-17 14:02:37.855931,General Vedic,chat,15,275.0,completed,4.0,False
C003126,U0713,A027,2025-12-18 00:00:00.000000,Career,audio,3,0.0,completed,4.0,True
C003127,U0713,A012,2026-01-12 19:46:09.945517,Career,chat,15,230.0,failed,,False
C003128,U0713,A018,2026-01-26 01:42:17.512159,Career,chat,3,28.0,completed,4.0,False
C003129,U0713,A012,2026-02-08 19:45:30.909092,Career,chat,13,207.0,completed,4.0,False
C003130,U0713,A012,2026-02-27 12:50:20.156863,Career,chat,14,227.0,completed,4.0,False
C003131,U0713,A012,2026-03-11 02:20:43.997866,Career,chat,6,99.0,completed,4.0,False
C003132,U0713,A012,2026-03-12 02:20:43.997866,Career,chat,3,50.0,completed,4.0,False
C003133,U0713,A012,2026-03-25 01:30:09.036861,Family,chat,3,51.0,completed,3.0,False
C003134,U0713,A012,2026-04-17 14:28:06.725037,Career,audio,18,313.0,failed,,False
C003135,U0713,A025,2026-05-13 06:44:33.989268,Career,audio,18,531.0,completed,3.0,False
C003136,U0713,A012,2026-05-17 05:34:03.026938,Family,audio,12,216.0,completed,4.0,False
C003137,U0713,A012,2026-06-03 16:04:54.403735,Career,video,23,421.0,completed,4.0,False
C003138,U0713,A012,2026-07-04 22:03:51.923193,Career,audio,11,205.0,completed,4.0,False
C003139,U0713,A012,2026-07-13 12:59:25.311098,Marriage,chat,7,132.0,completed,5.0,False
C003140,U0714,A016,2025-12-18 00:00:00.000000,Relationship,video,10,0.0,completed,3.0,True
C003141,U0714,A027,2026-02-08 12:08:26.346528,Career,audio,12,220.0,completed,4.0,False
C003142,U0714,A014,2026-04-22 06:28:21.105894,Relationship,video,10,229.0,completed,5.0,False
C003143,U0714,A027,2026-06-25 12:26:36.164142,Relationship,chat,10,191.0,completed,4.0,False
C003144,U0715,A004,2025-07-23 00:00:00.000000,Marriage,chat,15,0.0,completed,3.0,True
C003145,U0716,A013,2026-01-20 00:00:00.000000,Relationship,audio,9,0.0,completed,4.0,True
C003146,U0716,A021,2026-02-18 14:22:05.267149,Career,chat,8,180.0,completed,5.0,False
C003147,U0716,A017,2026-03-13 12:23:31.304724,Marriage,chat,8,183.0,completed,3.0,False
C003148,U0716,A016,2026-03-14 13:47:07.090681,Marriage,chat,3,80.0,completed,4.0,False
C003149,U0716,A022,2026-04-03 18:50:46.041534,Marriage,audio,20,540.0,dropped,,False
C003150,U0716,A021,2026-04-23 19:21:56.912140,Marriage,chat,4,97.0,completed,5.0,False
C003151,U0716,A017,2026-05-04 21:07:39.967444,Career,chat,7,172.0,completed,4.0,False
C003152,U0716,A001,2026-05-14 02:11:01.354680,Relationship,chat,4,114.0,completed,3.0,False
C003153,U0716,A021,2026-07-08 20:54:08.154623,Career,audio,12,306.0,completed,4.0,False
C003154,U0716,A020,2026-08-09 08:46:01.609870,Marriage,chat,11,234.0,completed,3.0,False
C003155,U0717,A011,2026-05-25 00:00:00.000000,Relationship,audio,10,0.0,completed,4.0,True
C003156,U0718,A019,2025-08-06 00:00:00.000000,General Vedic,audio,17,0.0,completed,3.0,True
C003157,U0719,A030,2025-08-18 00:00:00.000000,Career,video,11,0.0,completed,3.0,True
C003158,U0720,A022,2025-12-23 00:00:00.000000,Health,chat,11,0.0,completed,4.0,True
C003159,U0721,A026,2025-08-22 00:00:00.000000,Career,chat,13,0.0,completed,4.0,True
C003160,U0721,A005,2025-11-18 05:45:24.654584,Career,chat,8,180.0,dropped,,False
C003161,U0722,A017,2025-10-02 00:00:00.000000,Relationship,audio,17,0.0,completed,5.0,True
C003162,U0723,A010,2025-08-03 00:00:00.000000,Relationship,chat,3,0.0,completed,4.0,True
C003163,U0723,A007,2025-10-10 02:54:47.379588,Relationship,audio,6,153.0,completed,4.0,False
C003164,U0723,A007,2025-10-30 06:02:48.347513,Family,audio,17,442.0,completed,4.0,False
C003165,U0723,A007,2025-12-08 22:21:19.685706,Relationship,video,13,344.0,completed,4.0,False
C003166,U0723,A007,2026-03-23 05:31:24.735836,Relationship,audio,10,270.0,completed,4.0,False
C003167,U0723,A007,2026-05-21 18:48:08.182148,Finance,chat,3,82.0,completed,4.0,False
C003168,U0723,A007,2026-07-03 06:13:52.881614,Relationship,chat,15,420.0,completed,3.0,False
C003169,U0724,A020,2026-01-08 00:00:00.000000,Relationship,chat,9,0.0,completed,4.0,True
C003170,U0725,A024,2025-12-03 00:00:00.000000,Marriage,video,8,0.0,completed,4.0,True
C003171,U0726,A017,2025-10-24 00:00:00.000000,Career,audio,14,0.0,completed,3.0,True
C003172,U0726,A013,2025-11-10 22:29:57.872127,Career,video,7,64.0,completed,3.0,False
C003173,U0726,A022,2025-12-25 03:10:18.905015,Career,audio,8,208.0,completed,4.0,False
C003174,U0726,A028,2026-01-18 03:28:14.146738,Career,chat,10,159.0,completed,4.0,False
C003175,U0726,A020,2026-02-10 12:55:19.613000,Marriage,video,3,58.0,failed,,False
C003176,U0726,A013,2026-03-06 11:33:46.502363,Family,chat,3,30.0,completed,3.0,False
C003177,U0726,A013,2026-03-18 09:30:06.689956,Career,video,3,30.0,completed,2.0,False
C003178,U0726,A005,2026-04-10 14:24:55.892919,Career,video,13,326.0,completed,3.0,False
C003179,U0726,A013,2026-05-11 18:02:41.560549,Career,chat,5,52.0,completed,4.0,False
C003180,U0726,A013,2026-05-25 12:49:02.428952,Career,chat,9,96.0,completed,3.0,False
C003181,U0726,A013,2026-06-20 14:17:47.679727,Career,audio,3,32.0,completed,3.0,False
C003182,U0726,A010,2026-07-20 12:39:23.026041,General Vedic,chat,10,110.0,completed,4.0,False
C003183,U0727,A012,2025-10-18 00:00:00.000000,Marriage,audio,12,0.0,completed,5.0,True
C003184,U0727,A026,2025-12-10 00:22:01.890201,Marriage,audio,14,171.0,completed,4.0,False
C003185,U0727,A020,2026-01-11 10:57:23.991661,Health,audio,5,94.0,completed,3.0,False
C003186,U0727,A020,2026-02-11 05:33:02.773188,Marriage,video,12,229.0,completed,3.0,False
C003187,U0727,A030,2026-04-26 09:22:11.382278,Marriage,chat,13,253.0,completed,4.0,False
C003188,U0727,A020,2026-07-13 11:13:08.149245,Relationship,audio,16,317.0,completed,3.0,False
C003189,U0727,A029,2026-08-02 11:20:50.156006,Marriage,chat,6,60.0,completed,4.0,False
C003190,U0728,A025,2026-01-24 00:00:00.000000,Marriage,chat,3,0.0,completed,3.0,True
C003191,U0728,A019,2026-02-05 15:59:06.081399,General Vedic,chat,6,135.0,completed,3.0,False
C003192,U0728,A019,2026-03-02 20:13:07.513610,General Vedic,audio,10,229.0,completed,3.0,False
C003193,U0728,A026,2026-03-24 10:13:40.772135,Health,chat,5,64.0,completed,4.0,False
C003194,U0728,A019,2026-04-10 09:51:58.089885,General Vedic,chat,3,71.0,completed,3.0,False
C003195,U0728,A026,2026-05-06 20:44:49.959687,Health,chat,5,66.0,completed,4.0,False
C003196,U0728,A011,2026-05-14 21:35:28.279043,General Vedic,chat,7,196.0,completed,4.0,False
C003197,U0728,A019,2026-05-19 23:22:05.197755,General Vedic,chat,3,75.0,completed,2.0,False
C003198,U0728,A019,2026-06-14 02:44:30.595930,General Vedic,chat,3,77.0,completed,4.0,False
C003199,U0728,A020,2026-06-21 11:11:20.936427,General Vedic,video,12,255.0,completed,3.0,False
C003200,U0728,A019,2026-07-10 15:46:24.108142,General Vedic,video,13,343.0,completed,3.0,False
C003201,U0728,A019,2026-07-14 07:15:12.042149,General Vedic,video,9,242.0,completed,4.0,False
C003202,U0728,A019,2026-07-30 15:57:12.785359,Career,chat,12,327.0,completed,3.0,False
C003203,U0729,A007,2025-12-25 00:00:00.000000,Relationship,chat,8,0.0,completed,3.0,True
C003204,U0729,A030,2026-02-24 13:50:00.497724,General Vedic,audio,9,165.0,completed,2.0,False
C003205,U0729,A030,2026-04-28 08:57:41.949048,Family,audio,20,374.0,dropped,,False
C003206,U0730,A029,2026-04-12 00:00:00.000000,Health,chat,7,0.0,completed,4.0,True
C003207,U0730,A022,2026-06-02 14:49:14.063171,Family,chat,12,306.0,completed,3.0,False
C003208,U0730,A022,2026-07-15 13:54:19.498308,Family,audio,11,286.0,completed,4.0,False
C003209,U0731,A006,2025-11-09 00:00:00.000000,Career,chat,5,0.0,completed,5.0,True
C003210,U0731,A008,2025-12-06 03:06:19.752551,Career,chat,3,46.0,completed,4.0,False
C003211,U0731,A008,2025-12-31 04:20:40.891711,General Vedic,video,5,78.0,completed,5.0,False
C003212,U0731,A008,2026-01-30 00:26:23.390025,Career,video,11,175.0,completed,5.0,False
C003213,U0731,A008,2026-02-27 22:09:14.083762,Relationship,video,16,259.0,completed,5.0,False
C003214,U0731,A023,2026-03-24 23:14:26.205417,Marriage,chat,8,158.0,completed,4.0,False
C003215,U0731,A008,2026-04-28 05:36:50.292721,Career,video,18,302.0,completed,4.0,False
C003216,U0731,A008,2026-05-20 01:48:09.204173,Career,video,14,239.0,completed,4.0,False
C003217,U0731,A008,2026-06-05 16:09:29.927819,Career,audio,15,261.0,completed,4.0,False
C003218,U0731,A008,2026-06-28 20:58:40.733029,Career,audio,8,142.0,completed,4.0,False
C003219,U0731,A008,2026-07-31 02:42:59.215050,Career,chat,11,198.0,completed,5.0,False
C003220,U0732,A011,2026-06-07 00:00:00.000000,Health,video,13,0.0,completed,3.0,True
C003221,U0733,A001,2026-01-25 00:00:00.000000,Health,chat,3,0.0,completed,2.0,True
C003222,U0733,A009,2026-02-10 00:51:03.805124,Family,chat,11,280.0,completed,4.0,False
C003223,U0733,A009,2026-03-02 16:20:51.997444,Finance,audio,3,78.0,completed,4.0,False
C003224,U0733,A009,2026-04-10 05:17:07.087259,Marriage,chat,13,344.0,completed,4.0,False
C003225,U0733,A009,2026-04-26 10:22:52.672930,Health,chat,3,81.0,completed,3.0,False
C003226,U0733,A009,2026-05-04 20:58:21.100484,Health,chat,9,248.0,completed,3.0,False
C003227,U0733,A003,2026-05-29 07:59:24.071450,General Vedic,audio,8,224.0,completed,4.0,False
C003228,U0733,A026,2026-06-19 00:44:25.188683,Health,audio,9,123.0,failed,,False
C003229,U0733,A005,2026-07-04 21:42:09.216692,Career,chat,9,230.0,completed,4.0,False
C003230,U0733,A009,2026-07-12 19:57:46.734845,Health,chat,12,354.0,completed,2.0,False
C003231,U0733,A009,2026-08-02 00:49:12.214465,Health,audio,15,450.0,completed,4.0,False
C003232,U0734,A002,2025-12-21 00:00:00.000000,Career,chat,10,0.0,completed,3.0,True
C003233,U0734,A022,2026-04-03 19:55:55.570266,Career,audio,11,280.0,completed,5.0,False
C003234,U0734,A019,2026-06-23 17:41:26.161425,Career,chat,3,69.0,completed,4.0,False
C003235,U0735,A029,2025-07-14 00:00:00.000000,Marriage,chat,13,0.0,completed,4.0,True
C003236,U0735,A009,2025-09-14 04:35:47.873132,Relationship,chat,11,280.0,completed,4.0,False
C003237,U0735,A009,2025-10-31 22:21:54.365271,Relationship,chat,4,104.0,completed,4.0,False
C003238,U0735,A009,2026-02-02 03:00:51.871007,Family,audio,13,344.0,completed,2.0,False
C003239,U0735,A009,2026-03-31 07:56:53.564987,Relationship,audio,6,162.0,completed,3.0,False
C003240,U0735,A009,2026-06-01 03:49:30.822247,Family,audio,6,165.0,completed,4.0,False
C003241,U0736,A023,2026-05-06 00:00:00.000000,Career,chat,5,0.0,completed,4.0,True
C003242,U0737,A001,2026-03-18 00:00:00.000000,Relationship,chat,8,0.0,completed,4.0,True
C003243,U0737,A001,2026-04-29 08:19:53.845010,Career,chat,3,76.0,completed,3.0,False
C003244,U0737,A008,2026-05-21 23:59:13.475216,Relationship,chat,9,140.0,completed,5.0,False
C003245,U0737,A001,2026-06-01 08:46:51.508204,Relationship,audio,9,238.0,completed,4.0,False
C003246,U0737,A001,2026-07-09 06:49:34.051243,Relationship,chat,17,459.0,completed,3.0,False
C003247,U0738,A017,2025-09-04 00:00:00.000000,Family,audio,15,0.0,completed,3.0,True
C003248,U0739,A028,2026-01-22 00:00:00.000000,Career,chat,6,0.0,completed,5.0,True
C003249,U0739,A026,2026-02-13 18:00:32.241131,General Vedic,video,10,122.0,completed,3.0,False
C003250,U0739,A026,2026-03-27 06:50:08.997374,General Vedic,audio,20,250.0,completed,4.0,False
C003251,U0739,A026,2026-04-20 22:07:19.308066,General Vedic,chat,3,38.0,completed,4.0,False
C003252,U0739,A021,2026-05-12 00:30:14.841900,General Vedic,audio,9,214.0,completed,4.0,False
C003253,U0739,A026,2026-05-29 18:58:10.695175,Career,audio,12,158.0,completed,3.0,False
C003254,U0739,A002,2026-06-14 23:02:39.808392,General Vedic,chat,8,197.0,completed,2.0,False
C003255,U0739,A028,2026-07-11 11:41:25.437307,General Vedic,chat,18,308.0,completed,4.0,False
C003256,U0740,A004,2025-09-13 00:00:00.000000,Relationship,chat,5,0.0,completed,4.0,True
C003257,U0741,A029,2026-01-24 00:00:00.000000,Finance,audio,14,0.0,completed,4.0,True
C003258,U0742,A008,2026-06-18 00:00:00.000000,Relationship,chat,7,0.0,completed,4.0,True
C003259,U0743,A003,2025-10-24 00:00:00.000000,Family,chat,7,0.0,completed,4.0,True
C003260,U0743,A030,2026-01-12 15:01:35.621745,Family,chat,11,202.0,completed,3.0,False
C003261,U0743,A006,2026-03-18 10:29:33.423595,Family,chat,12,150.0,completed,3.0,False
C003262,U0743,A030,2026-06-10 00:49:20.756772,Family,audio,3,57.0,completed,4.0,False
C003263,U0743,A014,2026-07-16 16:52:14.644345,Family,video,12,285.0,completed,4.0,False
C003264,U0744,A013,2025-10-02 00:00:00.000000,General Vedic,audio,15,0.0,completed,3.0,True
C003265,U0744,A007,2025-11-27 23:19:18.352900,Marriage,chat,14,357.0,completed,4.0,False
C003266,U0744,A024,2026-02-27 22:32:56.297771,General Vedic,video,4,75.0,completed,3.0,False
C003267,U0744,A023,2026-06-14 22:42:00.969550,General Vedic,audio,12,229.0,completed,3.0,False
C003268,U0744,A024,2026-06-24 16:47:54.224958,General Vedic,chat,14,272.0,completed,4.0,False
C003269,U0745,A026,2026-03-11 00:00:00.000000,Health,chat,11,0.0,completed,4.0,True
C003270,U0745,A017,2026-04-03 12:27:57.950175,Health,chat,9,202.0,completed,4.0,False
C003271,U0745,A017,2026-05-01 21:54:57.881535,Health,audio,12,275.0,completed,4.0,False
C003272,U0745,A004,2026-05-13 09:56:04.462878,Health,audio,3,57.0,completed,4.0,False
C003273,U0745,A017,2026-06-12 02:42:53.690564,Health,chat,3,71.0,completed,4.0,False
C003274,U0745,A017,2026-06-18 15:25:14.306570,Health,chat,3,73.0,dropped,,False
C003275,U0745,A017,2026-07-18 12:21:09.151940,Health,chat,13,320.0,completed,4.0,False
C003276,U0745,A017,2026-08-14 17:58:36.284247,Health,audio,14,351.0,completed,4.0,False
C003277,U0746,A016,2025-08-07 00:00:00.000000,Relationship,video,3,0.0,completed,4.0,True
C003278,U0746,A013,2025-09-28 03:53:30.735823,Marriage,chat,3,28.0,completed,3.0,False
C003279,U0746,A013,2026-02-19 09:33:56.542545,Relationship,chat,8,75.0,completed,3.0,False
C003280,U0746,A013,2026-05-22 12:30:14.059885,Relationship,chat,13,124.0,completed,2.0,False
C003281,U0746,A013,2026-07-18 06:11:30.091189,Family,chat,12,117.0,completed,3.0,False
C003282,U0747,A023,2026-05-18 00:00:00.000000,Family,audio,17,0.0,completed,3.0,True
C003283,U0748,A022,2025-09-21 00:00:00.000000,Finance,chat,5,0.0,completed,4.0,True
C003284,U0748,A011,2025-10-25 18:14:22.894086,Finance,video,12,306.0,completed,3.0,False
C003285,U0748,A020,2025-11-23 07:15:08.858732,Relationship,audio,3,56.0,completed,4.0,False
C003286,U0748,A030,2025-12-31 20:27:31.773519,Family,chat,11,210.0,completed,3.0,False
C003287,U0748,A026,2026-02-11 16:45:19.159886,Finance,chat,6,78.0,completed,2.0,False
C003288,U0748,A020,2026-02-26 04:57:09.799232,Finance,chat,8,158.0,completed,4.0,False
C003289,U0748,A020,2026-02-27 04:57:09.799232,Finance,audio,12,242.0,completed,3.0,False
C003290,U0748,A020,2026-03-19 21:50:50.464288,Health,chat,7,144.0,completed,3.0,False
C003291,U0748,A020,2026-03-26 13:43:49.511652,Finance,chat,12,251.0,completed,3.0,False
C003292,U0748,A027,2026-05-06 05:39:09.456128,Finance,chat,4,85.0,completed,3.0,False
C003293,U0748,A020,2026-06-23 03:47:34.657424,Finance,audio,15,324.0,completed,5.0,False
C003294,U0748,A021,2026-07-10 23:17:32.009143,Finance,chat,3,81.0,completed,4.0,False
C003295,U0749,A024,2026-02-14 00:00:00.000000,Career,video,9,0.0,completed,4.0,True
C003296,U0750,A002,2025-12-13 00:00:00.000000,Family,video,5,0.0,completed,3.0,True
C003297,U0750,A020,2025-12-27 06:55:18.815263,Family,chat,10,184.0,completed,4.0,False
C003298,U0751,A001,2025-08-13 00:00:00.000000,Finance,audio,9,0.0,completed,3.0,True
C003299,U0751,A008,2025-09-01 15:46:09.920356,Finance,chat,7,107.0,completed,4.0,False
C003300,U0751,A018,2025-09-29 14:39:59.918868,Finance,chat,12,112.0,completed,3.0,False
C003301,U0751,A018,2025-11-03 15:25:25.476863,Finance,video,12,114.0,completed,4.0,False
C003302,U0751,A001,2025-11-04 15:25:25.476863,Finance,audio,3,81.0,completed,4.0,False
C003303,U0751,A015,2025-11-26 10:46:28.408273,Family,audio,12,290.0,completed,4.0,False
C003304,U0751,A018,2025-12-14 16:26:36.348311,Family,audio,10,101.0,completed,3.0,False
C003305,U0751,A018,2025-12-31 11:29:42.132494,Finance,audio,14,144.0,completed,4.0,False
C003306,U0751,A018,2026-01-23 07:30:22.997580,Finance,chat,16,167.0,completed,4.0,False
C003307,U0751,A020,2026-02-02 23:44:06.285273,Finance,video,14,297.0,completed,4.0,False
C003308,U0751,A018,2026-03-08 13:11:24.784088,Finance,audio,7,76.0,completed,4.0,False
C003309,U0751,A018,2026-03-10 18:30:57.280269,General Vedic,video,11,121.0,completed,3.0,False
C003310,U0751,A018,2026-03-18 14:29:00.611332,Health,chat,8,89.0,completed,4.0,False
C003311,U0751,A030,2026-03-19 14:29:00.611332,Finance,chat,3,68.0,completed,3.0,False
C003312,U0751,A018,2026-04-12 07:18:11.169023,Family,audio,17,196.0,completed,3.0,False
C003313,U0751,A018,2026-05-09 03:15:45.892284,Finance,chat,9,105.0,completed,3.0,False
C003314,U0751,A030,2026-05-10 03:15:45.892284,Finance,chat,14,333.0,completed,2.0,False
C003315,U0751,A029,2026-05-31 12:03:02.958254,Finance,chat,3,36.0,completed,3.0,False
C003316,U0751,A018,2026-06-21 03:44:51.396482,Marriage,video,3,37.0,completed,4.0,False
C003317,U0751,A018,2026-07-04 20:30:26.179409,Finance,chat,3,37.0,completed,4.0,False
C003318,U0751,A018,2026-07-31 16:42:47.400511,Marriage,chat,5,63.0,completed,4.0,False
C003319,U0751,A015,2026-08-10 21:32:33.089499,Finance,video,4,125.0,completed,4.0,False
C003320,U0752,A029,2025-12-10 00:00:00.000000,Finance,chat,7,0.0,completed,4.0,True
C003321,U0752,A001,2026-01-26 05:15:08.997885,Family,chat,4,102.0,completed,2.0,False
C003322,U0752,A011,2026-03-25 13:52:58.993107,Finance,chat,12,312.0,completed,4.0,False
C003323,U0752,A004,2026-06-25 08:27:01.955299,Finance,chat,10,191.0,completed,4.0,False
C003324,U0752,A011,2026-08-05 03:02:25.046403,Finance,chat,23,621.0,completed,3.0,False
C003325,U0753,A011,2025-07-29 00:00:00.000000,Health,chat,7,0.0,completed,3.0,True
C003326,U0754,A008,2025-08-29 00:00:00.000000,Health,chat,11,0.0,completed,4.0,True
C003327,U0754,A025,2025-10-04 22:42:42.755128,Relationship,chat,9,230.0,completed,3.0,False
C003328,U0754,A007,2025-12-05 07:44:41.721249,Health,audio,5,130.0,completed,4.0,False
C003329,U0754,A009,2026-01-01 08:00:19.553959,Relationship,audio,22,583.0,completed,4.0,False
C003330,U0754,A025,2026-02-20 14:34:05.787394,Health,audio,20,540.0,completed,3.0,False
C003331,U0754,A025,2026-04-29 17:50:37.273727,Finance,video,10,275.0,completed,3.0,False
C003332,U0754,A025,2026-08-12 19:38:40.494339,Health,audio,7,196.0,completed,3.0,False
C003333,U0755,A004,2025-07-25 00:00:00.000000,Family,chat,4,0.0,completed,5.0,True
C003334,U0756,A003,2025-12-10 00:00:00.000000,Family,chat,3,0.0,completed,4.0,True
C003335,U0756,A005,2025-12-11 00:00:00.000000,Family,chat,15,337.0,completed,4.0,False
C003336,U0756,A005,2026-01-10 09:35:27.793063,Family,chat,4,92.0,completed,4.0,False
C003337,U0756,A005,2026-02-15 11:05:33.805755,Family,chat,3,70.0,completed,4.0,False
C003338,U0756,A005,2026-03-10 05:37:45.614071,Family,video,21,499.0,completed,5.0,False
C003339,U0756,A019,2026-04-14 17:29:28.889197,Marriage,chat,4,97.0,failed,,False
C003340,U0756,A005,2026-04-15 17:29:28.889197,Finance,chat,15,370.0,completed,4.0,False
C003341,U0756,A005,2026-04-30 09:37:09.062677,Family,video,12,301.0,completed,4.0,False
C003342,U0756,A012,2026-07-06 03:16:19.700536,Family,audio,10,174.0,failed,,False
C003343,U0756,A006,2026-08-11 10:00:22.626077,Family,audio,11,156.0,completed,3.0,False
C003344,U0757,A004,2025-12-24 00:00:00.000000,General Vedic,video,9,0.0,completed,4.0,True
C003345,U0758,A023,2025-07-28 00:00:00.000000,Health,video,10,0.0,completed,3.0,True
C003346,U0758,A007,2025-08-15 08:08:30.028453,Career,chat,8,204.0,completed,4.0,False
C003347,U0758,A007,2025-08-16 08:08:30.028453,Marriage,chat,12,312.0,completed,3.0,False
C003348,U0758,A018,2025-08-25 10:06:07.101111,Career,chat,12,114.0,completed,3.0,False
C003349,U0758,A007,2025-09-18 21:43:38.188273,Health,audio,10,270.0,completed,5.0,False
C003350,U0758,A021,2025-10-26 14:50:42.946163,Career,chat,15,363.0,completed,4.0,False
C003351,U0758,A007,2025-10-27 14:50:42.946163,Career,chat,3,84.0,completed,4.0,False
C003352,U0758,A007,2025-11-09 02:19:42.854410,Marriage,chat,10,285.0,completed,3.0,False
C003353,U0758,A007,2025-11-10 02:19:42.854410,Career,audio,10,290.0,completed,4.0,False
C003354,U0758,A026,2025-12-12 01:54:13.942278,Career,chat,3,42.0,completed,4.0,False
C003355,U0758,A007,2025-12-18 14:29:37.163546,Career,chat,11,330.0,completed,5.0,False
C003356,U0758,A007,2026-01-04 12:34:38.361397,Career,chat,4,122.0,completed,3.0,False
C003357,U0758,A007,2026-01-12 11:25:43.787246,Career,chat,7,217.0,completed,4.0,False
C003358,U0758,A007,2026-01-28 17:17:30.941719,Family,chat,10,315.0,completed,3.0,False
C003359,U0758,A029,2026-02-07 05:39:58.141818,Marriage,chat,3,35.0,completed,3.0,False
C003360,U0758,A014,2026-02-27 18:24:08.340276,Career,chat,23,658.0,completed,5.0,False
C003361,U0758,A007,2026-03-12 13:34:40.671496,Career,chat,14,462.0,completed,4.0,False
C003362,U0758,A007,2026-03-13 13:34:40.671496,Career,chat,12,402.0,completed,3.0,False
C003363,U0758,A011,2026-03-22 00:13:58.540783,Career,chat,9,306.0,completed,3.0,False
C003364,U0758,A007,2026-03-29 23:16:05.261073,Family,audio,13,448.0,completed,4.0,False
C003365,U0758,A007,2026-04-20 02:54:33.753812,Career,audio,12,420.0,completed,3.0,False
C003366,U0758,A007,2026-05-08 02:37:33.498541,Career,chat,5,178.0,dropped,,False
C003367,U0758,A007,2026-05-27 05:04:42.073363,Relationship,chat,7,252.0,completed,3.0,False
C003368,U0758,A029,2026-06-09 16:57:41.354061,Health,chat,12,158.0,completed,3.0,False
C003369,U0758,A007,2026-07-30 20:44:50.163199,Career,audio,17,629.0,completed,4.0,False
C003370,U0759,A010,2025-09-14 00:00:00.000000,Career,audio,6,0.0,completed,4.0,True
C003371,U0759,A016,2025-12-20 01:07:31.230867,Marriage,audio,11,280.0,completed,4.0,False
C003372,U0759,A022,2026-02-16 10:07:28.693478,General Vedic,chat,6,156.0,completed,3.0,False
C003373,U0759,A016,2026-02-21 14:53:49.542251,Career,chat,3,80.0,completed,3.0,False
C003374,U0759,A016,2026-05-24 07:31:33.582929,Family,video,4,108.0,completed,4.0,False
C003375,U0759,A010,2026-07-10 21:55:20.786511,Career,chat,9,89.0,completed,4.0,False
C003376,U0759,A030,2026-08-13 21:12:12.578048,Career,audio,10,202.0,completed,3.0,False
C003377,U0760,A009,2025-10-02 00:00:00.000000,Career,chat,10,0.0,completed,4.0,True
C003378,U0761,A010,2026-02-13 00:00:00.000000,Career,audio,15,0.0,completed,5.0,True
C003379,U0762,A012,2025-09-06 00:00:00.000000,Family,video,8,0.0,completed,4.0,True
C003380,U0762,A011,2025-10-26 10:47:19.008878,General Vedic,chat,5,128.0,completed,4.0,False
C003381,U0762,A011,2025-10-27 22:54:20.880261,Marriage,audio,14,364.0,completed,3.0,False
C003382,U0762,A004,2025-10-28 22:54:20.880261,Relationship,chat,8,153.0,completed,4.0,False
C003383,U0762,A011,2025-12-30 04:47:49.623215,Marriage,chat,18,486.0,completed,4.0,False
C003384,U0762,A011,2026-02-11 19:57:24.726115,Health,chat,3,82.0,completed,5.0,False
C003385,U0762,A011,2026-03-02 09:23:34.035293,Relationship,audio,8,224.0,completed,3.0,False
C003386,U0762,A029,2026-04-06 18:30:05.927819,Health,chat,12,123.0,completed,4.0,False
C003387,U0762,A006,2026-06-04 02:00:05.175669,Health,chat,9,125.0,completed,3.0,False
C003388,U0762,A011,2026-07-05 22:43:43.317686,Career,chat,3,88.0,completed,4.0,False
C003389,U0763,A025,2025-10-17 00:00:00.000000,Marriage,audio,12,0.0,completed,4.0,True
C003390,U0764,A017,2025-11-27 00:00:00.000000,Relationship,chat,16,0.0,completed,3.0,True
C003391,U0764,A006,2026-01-08 20:51:52.283513,Relationship,audio,11,135.0,completed,4.0,False
C003392,U0764,A021,2026-02-12 05:32:47.052125,Relationship,chat,7,160.0,completed,4.0,False
C003393,U0764,A005,2026-02-17 19:39:54.894950,Relationship,audio,8,187.0,dropped,,False
C003394,U0764,A021,2026-03-05 11:37:07.494010,Relationship,chat,3,71.0,completed,4.0,False
C003395,U0764,A015,2026-04-10 23:29:06.042656,Health,chat,3,73.0,completed,5.0,False
C003396,U0764,A021,2026-06-13 04:00:48.581718,Relationship,audio,6,148.0,completed,5.0,False
C003397,U0764,A021,2026-08-12 03:03:26.300691,Marriage,video,8,201.0,completed,4.0,False
C003398,U0765,A014,2026-01-26 00:00:00.000000,General Vedic,chat,10,0.0,completed,4.0,True
C003399,U0765,A014,2026-02-23 17:58:44.298357,Family,audio,10,224.0,completed,5.0,False
C003400,U0765,A014,2026-03-02 11:57:03.327605,Finance,video,11,252.0,completed,4.0,False
C003401,U0765,A014,2026-04-03 06:25:45.852647,Career,chat,12,280.0,completed,4.0,False
C003402,U0765,A014,2026-05-11 05:14:46.808158,Finance,chat,8,190.0,completed,4.0,False
C003403,U0765,A014,2026-07-05 12:08:10.435107,Health,audio,3,73.0,completed,4.0,False
C003404,U0765,A014,2026-07-06 12:08:10.435107,Career,chat,3,74.0,completed,3.0,False
C003405,U0766,A017,2026-01-08 00:00:00.000000,Marriage,chat,10,0.0,completed,3.0,True
C003406,U0766,A009,2026-01-29 23:46:11.273378,Marriage,audio,4,102.0,completed,3.0,False
C003407,U0766,A026,2026-02-11 14:09:48.804052,Marriage,chat,11,137.0,completed,3.0,False
C003408,U0766,A009,2026-03-10 11:16:34.163217,Marriage,chat,10,265.0,completed,3.0,False
C003409,U0766,A009,2026-04-05 02:23:28.335442,Marriage,audio,17,459.0,completed,3.0,False
C003410,U0766,A009,2026-04-19 13:41:22.451682,Finance,video,6,165.0,completed,3.0,False
C003411,U0766,A009,2026-05-01 15:30:55.505816,Marriage,audio,7,196.0,completed,4.0,False
C003412,U0766,A008,2026-05-13 09:25:42.147843,Marriage,chat,12,205.0,completed,3.0,False
C003413,U0766,A009,2026-05-24 01:12:13.502220,Marriage,chat,16,464.0,completed,4.0,False
C003414,U0766,A009,2026-06-20 03:09:00.748462,Relationship,chat,9,266.0,completed,5.0,False
C003415,U0766,A009,2026-06-23 19:37:40.160202,Marriage,video,6,180.0,completed,4.0,False
C003416,U0766,A009,2026-06-26 17:07:21.370406,Marriage,chat,5,152.0,completed,4.0,False
C003417,U0766,A009,2026-07-17 00:28:22.426996,Relationship,chat,4,124.0,completed,5.0,False
C003418,U0767,A015,2026-06-06 00:00:00.000000,Finance,chat,6,0.0,completed,4.0,True
C003419,U0768,A011,2025-09-27 00:00:00.000000,General Vedic,audio,18,0.0,completed,4.0,True
C003420,U0768,A028,2025-11-05 13:38:39.418002,General Vedic,audio,13,199.0,completed,3.0,False
C003421,U0768,A013,2025-11-25 04:34:51.002553,Relationship,audio,19,178.0,completed,4.0,False
C003422,U0768,A016,2026-03-07 10:28:39.666718,Relationship,audio,15,398.0,completed,3.0,False
C003423,U0768,A013,2026-03-21 03:35:05.584014,General Vedic,audio,7,68.0,completed,3.0,False
C003424,U0768,A016,2026-06-21 05:24:53.812572,Career,audio,18,495.0,completed,4.0,False
C003425,U0769,A029,2026-03-09 00:00:00.000000,Marriage,chat,7,0.0,completed,4.0,True
C003426,U0770,A007,2025-07-22 00:00:00.000000,General Vedic,chat,3,0.0,completed,4.0,True
C003427,U0770,A016,2025-08-23 17:28:30.554771,Career,chat,3,76.0,completed,4.0,False
C003428,U0770,A016,2025-09-01 07:13:14.225941,Career,chat,11,286.0,completed,3.0,False
C003429,U0770,A013,2025-09-26 11:02:58.188596,Career,audio,19,181.0,completed,3.0,False
C003430,U0770,A016,2025-10-28 10:44:16.269850,General Vedic,chat,3,81.0,completed,4.0,False
C003431,U0770,A016,2025-11-21 20:14:29.745050,General Vedic,audio,12,330.0,completed,4.0,False
C003432,U0770,A016,2025-12-13 10:09:50.050270,Career,chat,3,84.0,completed,3.0,False
C003433,U0770,A016,2026-01-03 18:40:53.932008,Career,audio,23,656.0,completed,3.0,False
C003434,U0770,A016,2026-01-20 12:48:08.729662,Career,chat,5,145.0,completed,3.0,False
C003435,U0770,A016,2026-02-21 18:38:00.219680,General Vedic,audio,3,88.0,completed,3.0,False
C003436,U0770,A016,2026-03-02 12:23:08.809585,Health,chat,9,270.0,completed,4.0,False
C003437,U0770,A016,2026-03-26 17:38:37.387581,Finance,video,4,122.0,completed,3.0,False
C003438,U0770,A017,2026-04-28 13:55:37.686323,Career,audio,12,327.0,completed,4.0,False
C003439,U0770,A016,2026-05-21 00:17:19.266595,Health,audio,8,252.0,completed,5.0,False
C003440,U0770,A021,2026-06-23 19:59:09.723714,Health,chat,11,310.0,completed,4.0,False
C003441,U0770,A016,2026-07-11 02:35:57.660593,Career,audio,12,390.0,completed,4.0,False
C003442,U0770,A016,2026-08-11 08:57:14.551787,General Vedic,audio,9,297.0,completed,4.0,False
C003443,U0771,A025,2025-08-19 00:00:00.000000,Finance,chat,3,0.0,completed,3.0,True
C003444,U0772,A029,2026-01-19 00:00:00.000000,Relationship,chat,9,0.0,completed,4.0,True
C003445,U0773,A021,2025-11-16 00:00:00.000000,Health,video,22,0.0,completed,4.0,True
C003446,U0773,A009,2025-11-17 00:00:00.000000,Career,audio,18,459.0,completed,4.0,False
C003447,U0773,A009,2025-12-04 20:51:50.685125,Health,audio,12,312.0,completed,3.0,False
C003448,U0773,A009,2025-12-08 18:52:18.738447,Health,video,6,159.0,completed,3.0,False
C003449,U0773,A009,2025-12-24 13:51:10.519442,Health,chat,3,81.0,completed,3.0,False
C003450,U0773,A009,2026-01-17 00:09:43.869830,Health,audio,10,275.0,completed,4.0,False
C003451,U0773,A021,2026-02-04 05:07:33.017198,Health,video,7,172.0,completed,4.0,False
C003452,U0773,A009,2026-02-11 21:15:13.433495,Health,chat,5,143.0,completed,3.0,False
C003453,U0773,A009,2026-03-03 16:47:47.856016,Health,video,6,174.0,completed,3.0,False
C003454,U0773,A018,2026-03-21 13:57:00.328838,Health,chat,3,32.0,completed,4.0,False
C003455,U0773,A009,2026-04-14 08:56:21.003038,Health,audio,16,480.0,dropped,,False
C003456,U0773,A009,2026-05-07 02:22:17.420005,Health,video,15,458.0,completed,3.0,False
C003457,U0773,A009,2026-05-30 14:10:22.591323,Health,audio,11,341.0,completed,4.0,False
C003458,U0773,A009,2026-06-07 21:49:38.676122,Family,audio,8,252.0,completed,2.0,False
C003459,U0773,A009,2026-06-21 01:42:46.352032,Health,chat,13,416.0,completed,4.0,False
C003460,U0773,A029,2026-07-14 21:09:01.279077,Health,chat,8,94.0,completed,3.0,False
C003461,U0774,A007,2026-02-09 00:00:00.000000,Relationship,chat,5,0.0,completed,3.0,True
C003462,U0775,A023,2026-05-27 00:00:00.000000,Career,audio,16,0.0,completed,3.0,True
C003463,U0775,A012,2026-06-15 08:46:32.880685,Career,audio,7,107.0,completed,4.0,False
C003464,U0775,A003,2026-07-07 13:59:57.389720,Career,chat,10,260.0,completed,3.0,False
C003465,U0775,A012,2026-07-16 14:27:53.610517,Relationship,audio,14,223.0,completed,5.0,False
C003466,U0775,A012,2026-08-03 17:19:49.805715,Health,chat,4,65.0,failed,,False
C003467,U0776,A009,2026-03-01 00:00:00.000000,Career,audio,13,0.0,completed,3.0,True
C003468,U0776,A028,2026-03-16 05:18:50.619878,Health,audio,15,230.0,completed,4.0,False
C003469,U0776,A014,2026-04-04 23:53:40.755727,Marriage,chat,3,69.0,completed,4.0,False
C003470,U0776,A008,2026-04-25 01:54:36.635206,Relationship,audio,16,254.0,dropped,,False
C003471,U0776,A009,2026-05-25 04:26:53.386667,Relationship,audio,6,162.0,completed,3.0,False
C003472,U0776,A007,2026-05-30 12:31:00.541399,Marriage,audio,21,578.0,completed,4.0,False
C003473,U0776,A013,2026-06-10 15:02:04.994555,Relationship,video,7,71.0,completed,3.0,False
C003474,U0776,A023,2026-07-15 18:00:26.384523,Finance,audio,14,287.0,completed,4.0,False
C003475,U0776,A009,2026-07-23 23:41:03.024851,Relationship,audio,15,435.0,completed,4.0,False
C003476,U0776,A018,2026-08-12 04:56:56.289916,Relationship,audio,10,106.0,completed,4.0,False
C003477,U0777,A005,2026-06-17 00:00:00.000000,Family,chat,8,0.0,completed,4.0,True
C003478,U0778,A021,2026-01-01 00:00:00.000000,Relationship,video,12,0.0,completed,5.0,True
C003479,U0779,A009,2026-02-04 00:00:00.000000,Finance,chat,13,0.0,completed,4.0,True
C003480,U0779,A005,2026-05-30 12:02:17.399423,Finance,audio,5,112.0,completed,5.0,False
C003481,U0780,A001,2026-03-04 00:00:00.000000,Relationship,chat,4,0.0,completed,4.0,True
C003482,U0780,A005,2026-03-25 22:40:14.416446,Health,chat,7,157.0,completed,5.0,False
C003483,U0780,A020,2026-04-22 11:25:35.221527,Relationship,video,11,206.0,completed,3.0,False
C003484,U0780,A014,2026-05-23 05:32:20.145083,Career,chat,5,117.0,completed,5.0,False
C003485,U0780,A026,2026-06-13 05:54:59.580245,Relationship,chat,8,104.0,completed,3.0,False
C003486,U0780,A020,2026-08-02 15:01:14.550416,Marriage,chat,10,198.0,completed,3.0,False
C003487,U0781,A007,2025-12-26 00:00:00.000000,Health,chat,9,0.0,dropped,,True
C003488,U0781,A013,2025-12-29 03:05:38.087086,Health,audio,5,46.0,completed,2.0,False
C003489,U0781,A013,2026-01-16 08:28:06.939464,Relationship,chat,5,47.0,completed,3.0,False
C003490,U0781,A013,2026-01-29 15:50:28.152393,Family,audio,16,153.0,completed,4.0,False
C003491,U0781,A013,2026-03-03 00:00:59.649836,Health,audio,6,58.0,completed,3.0,False
C003492,U0781,A013,2026-03-04 00:00:59.649836,Finance,audio,3,30.0,completed,3.0,False
C003493,U0781,A013,2026-03-09 19:37:47.642154,Finance,audio,16,161.0,completed,3.0,False
C003494,U0781,A014,2026-04-06 16:29:35.671042,Health,audio,21,527.0,completed,3.0,False
C003495,U0781,A014,2026-05-04 18:05:21.104071,Relationship,audio,3,77.0,completed,4.0,False
C003496,U0781,A013,2026-05-14 11:23:27.417178,Health,chat,8,85.0,completed,4.0,False
C003497,U0781,A013,2026-06-05 13:00:14.391452,Health,chat,3,32.0,completed,2.0,False
C003498,U0781,A013,2026-07-10 20:25:21.130415,Health,audio,23,253.0,completed,3.0,False
C003499,U0782,A030,2025-11-26 00:00:00.000000,Relationship,audio,9,0.0,completed,3.0,True
C003500,U0782,A007,2025-12-29 02:12:47.427932,Finance,audio,25,638.0,completed,3.0,False
C003501,U0782,A007,2026-03-04 11:59:04.532047,Finance,chat,9,234.0,completed,4.0,False
C003502,U0782,A022,2026-05-25 08:52:30.548701,Finance,video,8,212.0,completed,4.0,False
C003503,U0782,A007,2026-06-07 00:03:01.562770,Finance,chat,3,81.0,completed,2.0,False
C003504,U0782,A007,2026-06-26 06:14:44.876739,Finance,chat,6,165.0,completed,5.0,False
C003505,U0783,A008,2026-05-05 00:00:00.000000,Family,audio,12,0.0,completed,4.0,True
C003506,U0783,A026,2026-07-07 19:37:44.023977,Finance,chat,3,37.0,completed,3.0,False
C003507,U0783,A008,2026-07-23 18:31:01.280295,Career,chat,9,140.0,completed,5.0,False
C003508,U0784,A006,2026-04-15 00:00:00.000000,Health,chat,3,0.0,completed,4.0,True
C003509,U0785,A028,2026-03-22 00:00:00.000000,Family,audio,19,0.0,completed,4.0,True
C003510,U0786,A027,2025-09-18 00:00:00.000000,Family,chat,3,0.0,completed,4.0,True
C003511,U0786,A001,2025-10-22 10:04:48.634912,Family,video,12,306.0,completed,2.0,False
C003512,U0786,A001,2025-11-12 23:24:28.775117,Family,chat,12,312.0,completed,3.0,False
C003513,U0786,A010,2025-12-12 02:45:39.833499,General Vedic,audio,12,114.0,completed,3.0,False
C003514,U0786,A029,2026-01-17 03:36:18.745437,Career,chat,13,126.0,completed,3.0,False
C003515,U0787,A006,2026-03-28 00:00:00.000000,Relationship,video,14,0.0,completed,3.0,True
C003516,U0788,A003,2026-02-04 00:00:00.000000,Career,video,10,0.0,completed,3.0,True
C003517,U0789,A010,2025-12-31 00:00:00.000000,Career,audio,7,0.0,completed,4.0,True
C003518,U0790,A023,2026-04-24 00:00:00.000000,Relationship,audio,10,0.0,completed,5.0,True
C003519,U0790,A008,2026-05-15 04:27:04.114807,Relationship,video,17,260.0,completed,4.0,False
C003520,U0790,A025,2026-06-07 19:09:25.381810,Relationship,chat,11,286.0,completed,3.0,False
C003521,U0790,A026,2026-07-02 10:03:42.188089,Relationship,audio,3,38.0,completed,4.0,False
C003522,U0790,A026,2026-07-19 18:02:36.954176,Relationship,video,5,65.0,completed,3.0,False
C003523,U0790,A026,2026-07-22 13:04:46.867384,Marriage,chat,3,40.0,completed,4.0,False
C003524,U0790,A027,2026-07-24 04:26:20.846793,Relationship,video,19,383.0,completed,3.0,False
C003525,U0790,A026,2026-07-25 07:35:15.005234,Relationship,chat,6,82.0,completed,4.0,False
C003526,U0791,A020,2026-02-22 00:00:00.000000,Finance,chat,9,0.0,completed,3.0,True
C003527,U0792,A025,2026-04-08 00:00:00.000000,General Vedic,video,14,0.0,completed,3.0,True
C003528,U0793,A003,2025-09-23 00:00:00.000000,Marriage,chat,8,0.0,completed,3.0,True
C003529,U0793,A020,2025-10-12 06:34:52.846299,Relationship,audio,5,92.0,completed,3.0,False
C003530,U0793,A006,2025-10-15 16:41:02.681284,Health,chat,7,87.0,completed,4.0,False
C003531,U0793,A012,2025-10-20 00:23:58.637836,Relationship,audio,16,254.0,completed,5.0,False
C003532,U0793,A012,2025-11-07 04:19:46.262534,Family,chat,3,49.0,completed,3.0,False
C003533,U0793,A017,2025-11-08 10:45:44.616463,Relationship,video,3,73.0,failed,,False
C003534,U0793,A016,2025-11-10 18:39:45.641023,Relationship,audio,10,280.0,completed,4.0,False
C003535,U0793,A012,2025-12-10 13:07:13.465442,Marriage,video,14,239.0,dropped,,False
C003536,U0793,A012,2026-01-09 20:59:50.991351,Relationship,chat,7,122.0,completed,4.0,False
C003537,U0793,A011,2026-02-02 18:07:04.885180,Relationship,audio,19,560.0,completed,3.0,False
C003538,U0793,A020,2026-02-10 05:18:35.633759,Career,audio,3,65.0,completed,3.0,False
C003539,U0793,A012,2026-03-05 18:48:40.715158,Relationship,audio,8,146.0,completed,4.0,False
C003540,U0793,A009,2026-03-22 08:39:26.441418,Family,chat,4,124.0,completed,3.0,False
C003541,U0794,A025,2025-08-28 00:00:00.000000,Marriage,audio,15,0.0,completed,2.0,True
C003542,U0794,A025,2026-02-04 01:41:18.687744,Marriage,video,17,434.0,completed,3.0,False
C003543,U0794,A023,2026-08-01 23:25:12.394806,Career,video,6,112.0,completed,4.0,False
C003544,U0795,A002,2026-05-25 00:00:00.000000,Finance,audio,3,0.0,completed,2.0,True
C003545,U0795,A012,2026-06-24 20:48:31.613452,General Vedic,chat,3,46.0,completed,4.0,False
C003546,U0796,A016,2026-04-20 00:00:00.000000,Marriage,chat,12,0.0,completed,4.0,True
C003547,U0796,A005,2026-06-22 17:08:08.065993,Finance,chat,14,314.0,completed,4.0,False
C003548,U0797,A012,2025-09-27 00:00:00.000000,Relationship,audio,12,0.0,completed,4.0,True
C003549,U0798,A008,2025-12-14 00:00:00.000000,Marriage,chat,3,0.0,completed,4.0,True
C003550,U0799,A004,2026-01-24 00:00:00.000000,Career,audio,13,0.0,completed,4.0,True
C003551,U0800,A025,2025-12-08 00:00:00.000000,Family,chat,5,0.0,completed,3.0,True
C003552,U0801,A012,2026-04-21 00:00:00.000000,Marriage,chat,5,0.0,completed,4.0,True
C003553,U0801,A026,2026-05-06 08:59:21.255320,Career,chat,15,184.0,completed,3.0,False
C003554,U0801,A026,2026-05-15 23:17:40.778520,Health,chat,3,37.0,completed,4.0,False
C003555,U0801,A004,2026-05-31 23:20:31.914273,Health,chat,8,153.0,completed,3.0,False
C003556,U0801,A026,2026-06-09 21:45:48.913963,Career,chat,5,65.0,completed,4.0,False
C003557,U0801,A026,2026-06-27 13:46:18.728477,Relationship,audio,9,119.0,completed,5.0,False
C003558,U0801,A005,2026-06-30 23:54:51.759564,Health,video,10,246.0,completed,4.0,False
C003559,U0801,A014,2026-07-25 11:56:58.821931,Health,chat,11,276.0,completed,4.0,False
C003560,U0801,A026,2026-08-11 06:06:57.303391,Relationship,video,3,42.0,completed,4.0,False
C003561,U0802,A003,2025-10-02 00:00:00.000000,General Vedic,audio,10,0.0,completed,3.0,True
C003562,U0802,A020,2025-10-03 04:48:07.723398,General Vedic,video,3,55.0,completed,4.0,False
C003563,U0802,A016,2025-10-04 04:48:07.723398,General Vedic,video,9,234.0,completed,4.0,False
C003564,U0802,A016,2025-10-25 06:16:59.385018,Relationship,audio,13,344.0,completed,3.0,False
C003565,U0802,A030,2025-11-30 21:44:08.197232,General Vedic,chat,3,58.0,completed,3.0,False
C003566,U0802,A014,2025-12-22 10:22:02.840230,Health,video,11,266.0,completed,4.0,False
C003567,U0802,A003,2026-01-16 08:08:16.930873,Finance,audio,19,532.0,completed,3.0,False
C003568,U0802,A030,2026-02-09 17:25:20.550872,General Vedic,video,15,308.0,completed,4.0,False
C003569,U0802,A030,2026-02-10 17:25:20.550872,General Vedic,chat,3,63.0,completed,3.0,False
C003570,U0802,A029,2026-02-25 17:58:02.395637,Marriage,chat,6,64.0,completed,4.0,False
C003571,U0802,A009,2026-03-13 18:10:14.261314,Marriage,chat,5,150.0,completed,4.0,False
C003572,U0802,A030,2026-03-29 21:19:18.968696,General Vedic,video,17,373.0,completed,3.0,False
C003573,U0802,A018,2026-05-03 04:16:03.213661,Career,audio,13,145.0,completed,4.0,False
C003574,U0802,A030,2026-05-04 04:16:03.213661,General Vedic,video,18,408.0,completed,3.0,False
C003575,U0802,A030,2026-05-18 04:11:45.301445,General Vedic,video,21,484.0,completed,4.0,False
C003576,U0802,A030,2026-06-08 16:50:39.114509,General Vedic,video,13,304.0,completed,4.0,False
C003577,U0802,A030,2026-06-23 20:51:06.795265,General Vedic,audio,19,451.0,completed,4.0,False
C003578,U0802,A006,2026-07-27 03:38:14.338072,Relationship,audio,13,209.0,completed,4.0,False
C003579,U0802,A030,2026-08-08 04:53:30.715477,General Vedic,video,14,343.0,failed,,False
C003580,U0803,A007,2026-04-24 00:00:00.000000,Marriage,video,7,0.0,completed,4.0,True
C003581,U0803,A019,2026-07-01 13:41:53.167490,Marriage,audio,7,157.0,completed,3.0,False
C003582,U0804,A011,2025-11-11 00:00:00.000000,Relationship,chat,4,0.0,completed,4.0,True
C003583,U0804,A025,2025-11-30 17:57:52.540120,General Vedic,chat,3,76.0,completed,3.0,False
C003584,U0804,A025,2025-12-20 00:10:04.847008,Marriage,audio,13,338.0,completed,3.0,False
C003585,U0804,A014,2026-01-06 10:38:15.694364,Relationship,audio,16,373.0,completed,4.0,False
C003586,U0804,A025,2026-01-28 03:17:12.561291,Career,chat,6,162.0,completed,2.0,False
C003587,U0804,A025,2026-02-10 05:08:50.367665,Relationship,chat,12,330.0,completed,3.0,False
C003588,U0804,A011,2026-02-16 13:48:16.816623,Relationship,audio,17,476.0,completed,3.0,False
C003589,U0804,A025,2026-03-04 10:23:59.324203,Family,chat,14,399.0,completed,3.0,False
C003590,U0804,A003,2026-04-08 11:39:13.828601,Relationship,video,24,696.0,completed,3.0,False
C003591,U0804,A013,2026-04-22 14:22:03.409602,Marriage,chat,11,117.0,completed,3.0,False
C003592,U0804,A025,2026-04-29 10:38:23.565130,Relationship,video,16,480.0,completed,3.0,False
C003593,U0804,A025,2026-05-27 20:48:38.976159,Career,chat,6,183.0,completed,4.0,False
C003594,U0804,A025,2026-06-05 22:42:43.304176,Marriage,chat,11,341.0,completed,3.0,False
C003595,U0804,A025,2026-07-02 10:40:42.779664,Career,audio,12,378.0,completed,4.0,False
C003596,U0804,A025,2026-07-12 11:01:41.886898,Relationship,audio,11,352.0,completed,3.0,False
C003597,U0805,A004,2026-05-14 00:00:00.000000,Finance,audio,12,0.0,completed,4.0,True
C003598,U0806,A025,2025-10-02 00:00:00.000000,Relationship,chat,3,0.0,completed,2.0,True
C003599,U0806,A022,2025-11-12 12:34:08.229429,Relationship,chat,9,230.0,completed,3.0,False
C003600,U0806,A013,2025-12-03 23:30:04.709641,Relationship,audio,11,103.0,completed,3.0,False
C003601,U0806,A013,2026-02-19 16:40:48.531761,Family,audio,10,95.0,completed,3.0,False
C003602,U0806,A013,2026-04-29 06:24:10.474688,Relationship,chat,11,107.0,completed,4.0,False
C003603,U0806,A013,2026-06-12 01:12:41.591731,Relationship,audio,14,139.0,completed,3.0,False
C003604,U0806,A013,2026-07-14 10:17:08.175916,Finance,video,16,161.0,dropped,,False
C003605,U0807,A028,2025-07-26 00:00:00.000000,General Vedic,chat,14,0.0,completed,4.0,True
C003606,U0807,A026,2025-08-06 04:52:32.963095,Career,chat,10,122.0,completed,3.0,False
C003607,U0807,A026,2025-09-13 18:28:02.632176,Career,video,16,200.0,completed,4.0,False
C003608,U0808,A030,2025-09-19 00:00:00.000000,Relationship,chat,5,0.0,completed,4.0,True
C003609,U0808,A025,2025-09-28 01:54:42.970610,Family,chat,6,153.0,completed,4.0,False
C003610,U0808,A018,2025-10-24 08:02:56.061121,Family,chat,13,122.0,completed,3.0,False
C003611,U0808,A017,2025-11-03 06:19:56.850749,Family,chat,12,280.0,failed,,False
C003612,U0808,A018,2025-11-19 14:49:01.742795,Family,audio,11,107.0,dropped,,False
C003613,U0808,A002,2025-12-27 18:53:01.397312,Relationship,chat,3,73.0,completed,4.0,False
C003614,U0808,A010,2026-01-22 14:58:46.490750,Career,chat,16,161.0,completed,3.0,False
C003615,U0808,A018,2026-02-20 14:18:31.180452,Family,chat,3,31.0,completed,4.0,False
C003616,U0808,A026,2026-03-10 15:07:07.466106,Family,chat,15,209.0,completed,5.0,False
C003617,U0808,A018,2026-04-12 20:17:30.371358,General Vedic,chat,3,32.0,completed,4.0,False
C003618,U0808,A018,2026-05-25 12:52:45.455645,Family,audio,21,227.0,completed,3.0,False
C003619,U0808,A018,2026-06-04 22:31:02.598283,Family,chat,13,143.0,completed,4.0,False
C003620,U0808,A020,2026-07-04 17:16:45.621457,Family,video,17,379.0,completed,4.0,False
C003621,U0808,A018,2026-07-19 02:30:44.673778,Family,audio,11,125.0,failed,,False
C003622,U0808,A026,2026-08-12 04:11:55.552513,Family,video,9,138.0,completed,3.0,False
C003623,U0809,A018,2025-09-03 00:00:00.000000,Career,audio,14,0.0,completed,3.0,True
C003624,U0810,A022,2025-08-31 00:00:00.000000,Finance,audio,19,0.0,completed,4.0,True
C003625,U0810,A027,2025-12-22 16:06:27.325696,Marriage,video,10,184.0,completed,4.0,False
C003626,U0810,A027,2026-05-09 06:28:24.502093,Marriage,video,16,300.0,completed,4.0,False
C003627,U0811,A002,2026-01-07 00:00:00.000000,Career,chat,4,0.0,completed,2.0,True
C003628,U0812,A019,2026-03-21 00:00:00.000000,Health,chat,3,0.0,completed,4.0,True
C003629,U0812,A018,2026-05-01 13:36:43.959637,Relationship,chat,10,92.0,completed,4.0,False
C003630,U0812,A019,2026-08-01 08:07:33.322659,General Vedic,chat,16,366.0,completed,4.0,False
C003631,U0813,A015,2026-01-29 00:00:00.000000,Finance,audio,19,0.0,completed,3.0,True
C003632,U0814,A024,2025-09-21 00:00:00.000000,Family,video,16,0.0,completed,4.0,True
C003633,U0814,A015,2025-12-11 03:01:32.630548,Family,chat,4,90.0,completed,5.0,False
C003634,U0814,A014,2026-07-06 13:46:12.523517,Family,chat,4,92.0,completed,4.0,False
C003635,U0815,A017,2026-01-10 00:00:00.000000,Career,audio,13,0.0,completed,3.0,True
C003636,U0815,A028,2026-01-11 00:00:00.000000,Family,video,5,76.0,completed,3.0,False
C003637,U0815,A028,2026-02-03 17:26:59.921054,Career,chat,9,140.0,completed,3.0,False
C003638,U0815,A028,2026-02-07 08:06:18.221019,Career,audio,6,95.0,completed,3.0,False
C003639,U0815,A028,2026-02-14 09:52:09.489715,Career,chat,8,130.0,completed,4.0,False
C003640,U0815,A007,2026-02-16 13:05:58.181628,Career,chat,6,165.0,completed,4.0,False
C003641,U0815,A023,2026-03-04 08:06:16.896893,General Vedic,chat,3,60.0,completed,5.0,False
C003642,U0816,A006,2025-09-22 00:00:00.000000,Career,audio,11,0.0,completed,4.0,True
C003643,U0816,A022,2026-01-30 08:58:40.782404,Health,chat,3,76.0,completed,4.0,False
C003644,U0816,A022,2026-06-07 02:22:55.246275,Health,audio,3,78.0,completed,4.0,False
C003645,U0817,A015,2026-01-29 00:00:00.000000,General Vedic,video,17,0.0,completed,3.0,True
C003646,U0817,A028,2026-02-28 08:44:51.267979,General Vedic,video,6,92.0,completed,4.0,False
C003647,U0817,A013,2026-03-24 19:56:09.060934,General Vedic,audio,5,47.0,completed,3.0,False
C003648,U0817,A003,2026-04-11 10:33:50.690964,General Vedic,audio,12,318.0,completed,2.0,False
C003649,U0817,A019,2026-05-06 01:30:22.706968,Finance,video,10,238.0,completed,3.0,False
C003650,U0817,A019,2026-05-31 19:47:01.271654,General Vedic,audio,11,266.0,completed,3.0,False
C003651,U0817,A004,2026-06-22 17:34:48.141828,Finance,chat,5,101.0,completed,3.0,False
C003652,U0817,A019,2026-06-29 03:49:13.759304,General Vedic,video,3,75.0,completed,4.0,False
C003653,U0817,A014,2026-07-27 16:10:10.792119,General Vedic,chat,3,77.0,completed,4.0,False
C003654,U0818,A005,2026-04-01 00:00:00.000000,Marriage,chat,6,0.0,completed,5.0,True
C003655,U0819,A003,2026-06-21 00:00:00.000000,Finance,audio,14,0.0,completed,3.0,True
C003656,U0820,A008,2026-06-12 00:00:00.000000,Relationship,audio,8,0.0,completed,4.0,True
C003657,U0820,A023,2026-07-25 13:23:15.820701,Career,chat,3,55.0,completed,5.0,False
C003658,U0821,A017,2026-03-22 00:00:00.000000,Relationship,chat,13,0.0,completed,3.0,True
C003659,U0822,A022,2026-04-14 00:00:00.000000,General Vedic,chat,4,0.0,completed,4.0,True
C003660,U0823,A013,2025-08-06 00:00:00.000000,Career,chat,5,0.0,completed,2.0,True
C003661,U0823,A014,2025-08-07 00:00:00.000000,Health,chat,5,112.0,completed,4.0,False
C003662,U0824,A024,2025-12-12 00:00:00.000000,Career,audio,4,0.0,completed,3.0,True
C003663,U0824,A024,2026-01-19 01:34:32.365307,Relationship,audio,8,147.0,completed,5.0,False
C003664,U0824,A024,2026-02-09 00:35:15.753054,Relationship,video,18,337.0,completed,4.0,False
C003665,U0824,A014,2026-03-26 18:57:38.330945,Relationship,chat,9,210.0,completed,4.0,False
C003666,U0824,A024,2026-06-09 04:50:08.505384,Relationship,audio,16,311.0,completed,4.0,False
C003667,U0824,A024,2026-07-27 03:46:13.017867,General Vedic,chat,7,139.0,completed,4.0,False
C003668,U0825,A001,2025-09-21 00:00:00.000000,Marriage,video,13,0.0,completed,4.0,True
C003669,U0825,A024,2025-09-22 00:00:00.000000,Marriage,chat,10,184.0,completed,4.0,False
C003670,U0825,A030,2025-11-23 10:30:17.796224,Health,video,16,300.0,completed,4.0,False
C003671,U0825,A007,2025-12-30 16:05:14.201634,Relationship,chat,5,132.0,completed,3.0,False
C003672,U0825,A030,2026-03-08 07:01:29.907279,Marriage,chat,14,272.0,completed,4.0,False
C003673,U0825,A030,2026-06-10 09:01:58.643425,Marriage,chat,12,238.0,completed,4.0,False
C003674,U0825,A030,2026-08-01 03:35:30.046705,Marriage,chat,7,141.0,completed,3.0,False
C003675,U0826,A015,2025-09-04 00:00:00.000000,Health,chat,9,0.0,completed,4.0,True
C003676,U0827,A002,2025-09-17 00:00:00.000000,Family,chat,3,0.0,completed,2.0,True
C003677,U0828,A013,2025-08-04 00:00:00.000000,Marriage,video,3,0.0,completed,4.0,True
C003678,U0829,A011,2025-07-21 00:00:00.000000,Family,audio,5,0.0,completed,2.0,True
C003679,U0829,A013,2025-08-15 12:29:01.601777,Family,chat,15,138.0,completed,2.0,False
C003680,U0829,A030,2026-01-09 23:16:44.432682,Relationship,audio,17,318.0,completed,2.0,False
C003681,U0829,A030,2026-03-04 08:17:48.473760,Family,video,5,95.0,completed,3.0,False
C003682,U0829,A030,2026-05-04 01:49:56.572822,Health,audio,10,194.0,completed,3.0,False
C003683,U0829,A006,2026-08-01 21:49:41.626481,Family,chat,9,119.0,completed,4.0,False
C003684,U0830,A013,2026-06-07 00:00:00.000000,Family,chat,7,0.0,completed,3.0,True
C003685,U0831,A019,2026-02-13 00:00:00.000000,Relationship,chat,8,0.0,completed,4.0,True
C003686,U0831,A005,2026-04-14 21:53:15.789191,Relationship,video,15,337.0,completed,4.0,False
C003687,U0831,A022,2026-05-25 06:33:09.436128,Relationship,chat,5,130.0,completed,4.0,False
C003688,U0832,A002,2025-10-14 00:00:00.000000,Relationship,audio,11,0.0,completed,2.0,True
C003689,U0832,A014,2025-12-26 19:38:46.115420,Relationship,audio,3,67.0,completed,3.0,False
C003690,U0832,A014,2026-02-05 15:38:20.266390,Family,audio,13,297.0,completed,4.0,False
C003691,U0832,A014,2026-05-07 04:56:56.615324,Relationship,audio,3,70.0,completed,3.0,False
C003692,U0832,A014,2026-07-18 02:04:53.219267,Family,audio,9,214.0,completed,3.0,False
C003693,U0833,A020,2026-03-22 00:00:00.000000,Family,audio,11,0.0,completed,4.0,True
C003694,U0833,A025,2026-07-15 05:20:19.412746,General Vedic,chat,13,332.0,completed,4.0,False
C003695,U0833,A024,2026-07-18 13:39:01.710324,Health,video,9,168.0,completed,5.0,False
C003696,U0834,A007,2026-04-07 00:00:00.000000,Marriage,chat,10,0.0,completed,3.0,True
C003697,U0835,A011,2026-04-04 00:00:00.000000,Career,audio,5,0.0,completed,4.0,True
C003698,U0836,A017,2025-08-01 00:00:00.000000,Relationship,audio,12,0.0,completed,5.0,True
C003699,U0836,A002,2025-09-22 12:00:34.244087,Career,chat,7,157.0,completed,2.0,False
C003700,U0836,A009,2025-09-23 12:00:34.244087,Marriage,chat,6,156.0,completed,4.0,False
C003701,U0836,A002,2025-12-20 15:50:13.669339,Family,video,3,70.0,completed,2.0,False
C003702,U0836,A002,2026-02-08 04:15:10.598666,Career,audio,7,166.0,completed,3.0,False
C003703,U0836,A009,2026-04-25 11:03:07.086686,Relationship,video,5,138.0,completed,3.0,False
C003704,U0836,A002,2026-07-13 18:43:40.703665,Career,chat,16,394.0,completed,1.0,False
C003705,U0837,A014,2025-09-12 00:00:00.000000,Career,audio,19,0.0,completed,5.0,True
C003706,U0838,A010,2026-05-13 00:00:00.000000,Health,chat,14,0.0,completed,4.0,True
C003707,U0838,A027,2026-06-10 07:15:07.166424,Family,audio,11,202.0,completed,4.0,False
C003708,U0838,A020,2026-07-10 06:35:02.505216,Family,audio,12,225.0,completed,3.0,False
C003709,U0838,A020,2026-08-08 06:23:52.279460,Family,video,10,191.0,completed,4.0,False
C003710,U0839,A029,2026-01-14 00:00:00.000000,Family,audio,3,0.0,completed,3.0,True
C003711,U0839,A026,2026-02-07 19:51:47.486675,Relationship,chat,3,37.0,completed,4.0,False
C003712,U0839,A026,2026-03-04 15:05:46.665642,Career,chat,18,225.0,completed,4.0,False
C003713,U0839,A026,2026-04-12 08:24:43.236490,Health,chat,8,102.0,completed,3.0,False
C003714,U0839,A026,2026-05-17 06:56:39.456378,Career,chat,7,91.0,completed,5.0,False
C003715,U0839,A026,2026-06-10 18:49:09.031991,Career,chat,9,119.0,completed,4.0,False
C003716,U0840,A028,2025-10-21 00:00:00.000000,Relationship,audio,15,0.0,completed,3.0,True
C003717,U0840,A008,2025-11-07 04:16:57.296287,Relationship,video,33,505.0,completed,4.0,False
C003718,U0840,A028,2025-12-21 13:35:15.025223,Relationship,chat,3,47.0,completed,4.0,False
C003719,U0840,A028,2026-01-08 00:54:31.879541,Health,chat,11,175.0,completed,3.0,False
C003720,U0840,A028,2026-02-21 18:26:20.436566,Relationship,chat,11,178.0,completed,3.0,False
C003721,U0840,A028,2026-03-21 05:43:02.051078,Relationship,audio,5,82.0,completed,3.0,False
C003722,U0840,A027,2026-04-22 02:12:14.558330,General Vedic,audio,8,161.0,completed,4.0,False
C003723,U0840,A028,2026-05-15 17:06:16.952007,Family,audio,10,171.0,completed,3.0,False
C003724,U0840,A008,2026-06-18 00:44:28.773725,Relationship,chat,6,104.0,dropped,,False
C003725,U0841,A002,2025-09-08 00:00:00.000000,General Vedic,audio,4,0.0,completed,2.0,True
C003726,U0842,A022,2025-11-03 00:00:00.000000,Family,audio,8,0.0,completed,3.0,True
C003727,U0842,A013,2025-12-30 13:39:33.441173,Finance,video,7,64.0,completed,3.0,False
C003728,U0842,A030,2026-03-12 04:34:49.787234,Career,audio,15,281.0,failed,,False
C003729,U0842,A022,2026-05-08 02:16:45.349384,Career,chat,8,212.0,completed,5.0,False
C003730,U0842,A030,2026-07-25 12:44:26.271697,Career,audio,16,311.0,completed,3.0,False
C003731,U0843,A019,2026-01-26 00:00:00.000000,Marriage,chat,3,0.0,completed,3.0,True
C003732,U0844,A029,2026-04-29 00:00:00.000000,Health,audio,17,0.0,completed,4.0,True
C003733,U0845,A027,2025-10-24 00:00:00.000000,Health,audio,14,0.0,completed,4.0,True
C003734,U0845,A016,2025-11-28 20:06:23.059687,Family,chat,4,102.0,completed,4.0,False
C003735,U0845,A016,2026-02-27 23:09:41.866423,Health,audio,10,260.0,completed,4.0,False
C003736,U0845,A024,2026-04-15 08:44:12.507858,Health,video,19,363.0,failed,,False
C003737,U0846,A024,2025-09-11 00:00:00.000000,Marriage,audio,21,0.0,completed,3.0,True
C003738,U0846,A019,2026-07-31 13:12:24.559287,General Vedic,audio,17,381.0,completed,3.0,False
C003739,U0847,A020,2026-02-05 00:00:00.000000,Career,audio,8,0.0,completed,5.0,True
C003740,U0847,A010,2026-04-08 04:05:42.668461,Health,audio,6,55.0,completed,4.0,False
C003741,U0847,A027,2026-06-13 22:29:45.841825,Health,chat,9,168.0,completed,4.0,False
C003742,U0847,A010,2026-08-06 13:07:31.872192,Relationship,chat,10,95.0,completed,4.0,False
C003743,U0848,A028,2025-11-04 00:00:00.000000,Finance,chat,3,0.0,completed,4.0,True
C003744,U0849,A007,2025-10-09 00:00:00.000000,Marriage,chat,6,0.0,completed,3.0,True
C003745,U0849,A026,2025-11-06 06:49:28.790228,Marriage,chat,8,98.0,completed,4.0,False
C003746,U0849,A026,2026-01-21 11:44:30.903007,Marriage,video,9,112.0,completed,4.0,False
C003747,U0849,A026,2026-04-14 10:08:32.451432,Marriage,audio,5,64.0,completed,3.0,False
C003748,U0849,A026,2026-08-01 01:11:32.277605,General Vedic,video,11,143.0,completed,2.0,False
C003749,U0850,A016,2025-09-08 00:00:00.000000,General Vedic,video,5,0.0,completed,4.0,True
C003750,U0850,A020,2025-11-11 12:37:42.413283,Marriage,audio,8,147.0,completed,5.0,False
C003751,U0850,A020,2026-01-11 02:09:45.804772,Marriage,video,6,112.0,completed,3.0,False
C003752,U0850,A020,2026-04-05 12:49:38.416121,Career,chat,11,210.0,completed,5.0,False
C003753,U0850,A020,2026-06-10 02:17:53.284661,Finance,video,19,369.0,completed,3.0,False
C003754,U0851,A022,2026-01-19 00:00:00.000000,Career,video,12,0.0,completed,4.0,True
C003755,U0852,A001,2026-02-24 00:00:00.000000,Finance,video,8,0.0,completed,3.0,True
C003756,U0853,A024,2026-04-08 00:00:00.000000,Health,audio,6,0.0,completed,5.0,True
C003757,U0854,A019,2025-08-23 00:00:00.000000,Career,video,3,0.0,completed,3.0,True
C003758,U0855,A002,2026-05-11 00:00:00.000000,General Vedic,chat,4,0.0,completed,2.0,True
C003759,U0856,A015,2026-05-26 00:00:00.000000,Career,audio,16,0.0,completed,3.0,True
C003760,U0857,A019,2025-07-19 00:00:00.000000,Finance,chat,3,0.0,completed,3.0,True
C003761,U0857,A023,2025-10-26 01:29:45.307665,Marriage,chat,11,202.0,completed,3.0,False
C003762,U0857,A023,2025-12-13 19:57:40.373646,Marriage,chat,8,150.0,completed,5.0,False
C003763,U0857,A023,2026-03-18 04:53:17.643056,Family,audio,19,363.0,completed,4.0,False
C003764,U0857,A023,2026-06-09 02:53:09.384811,Marriage,audio,15,292.0,completed,4.0,False
C003765,U0857,A023,2026-07-23 22:06:11.520737,Marriage,video,12,238.0,completed,4.0,False
C003766,U0858,A028,2026-03-18 00:00:00.000000,General Vedic,audio,6,0.0,completed,4.0,True
C003767,U0859,A029,2025-07-17 00:00:00.000000,Career,audio,5,0.0,completed,2.0,True
C003768,U0860,A015,2025-12-22 00:00:00.000000,Marriage,audio,8,0.0,completed,5.0,True
C003769,U0861,A027,2025-11-27 00:00:00.000000,Relationship,chat,8,0.0,completed,4.0,True
C003770,U0862,A022,2026-01-18 00:00:00.000000,General Vedic,audio,16,0.0,dropped,,True
C003771,U0863,A009,2025-08-24 00:00:00.000000,Marriage,chat,3,0.0,completed,3.0,True
C003772,U0863,A011,2025-09-16 09:32:27.758565,Relationship,audio,3,76.0,completed,3.0,False
C003773,U0863,A014,2025-09-29 12:32:18.285509,Family,chat,3,69.0,completed,5.0,False
C003774,U0863,A014,2025-11-01 03:11:55.426345,Relationship,chat,3,70.0,completed,5.0,False
C003775,U0863,A014,2025-11-19 21:59:54.470883,Relationship,chat,5,119.0,completed,4.0,False
C003776,U0863,A021,2025-12-18 17:03:44.040884,Relationship,audio,11,266.0,completed,5.0,False
C003777,U0863,A014,2026-01-07 18:20:33.978222,Relationship,chat,4,99.0,failed,,False
C003778,U0863,A014,2026-01-17 09:46:34.927899,Relationship,chat,17,426.0,completed,5.0,False
C003779,U0863,A014,2026-01-22 06:09:21.457641,Relationship,audio,8,204.0,completed,4.0,False
C003780,U0863,A016,2026-02-20 09:01:13.783221,Relationship,audio,9,266.0,completed,4.0,False
C003781,U0863,A014,2026-03-31 01:01:42.023552,Finance,audio,3,79.0,completed,4.0,False
C003782,U0863,A014,2026-04-11 13:05:38.103859,Relationship,chat,6,161.0,completed,5.0,False
C003783,U0863,A011,2026-04-26 13:07:09.394046,Relationship,audio,10,310.0,completed,4.0,False
C003784,U0863,A014,2026-05-14 22:12:07.076638,Relationship,audio,16,444.0,completed,4.0,False
C003785,U0863,A014,2026-05-30 18:32:40.610137,Relationship,audio,8,225.0,completed,4.0,False
C003786,U0863,A014,2026-06-16 04:32:33.000398,Career,video,17,486.0,completed,5.0,False
C003787,U0863,A014,2026-07-08 12:54:35.307228,Career,audio,13,378.0,dropped,,False
C003788,U0863,A014,2026-07-28 01:32:02.692525,Relationship,audio,6,177.0,completed,5.0,False
C003789,U0863,A027,2026-08-02 03:11:39.856416,General Vedic,audio,16,392.0,completed,4.0,False
C003790,U0864,A030,2025-07-21 00:00:00.000000,Marriage,video,11,0.0,completed,3.0,True
C003791,U0864,A007,2026-07-19 07:57:20.414792,General Vedic,audio,6,153.0,completed,3.0,False
C003792,U0865,A004,2026-05-05 00:00:00.000000,Health,audio,8,0.0,dropped,,True
C003793,U0866,A005,2026-04-20 00:00:00.000000,Marriage,audio,20,0.0,completed,4.0,True
C003794,U0867,A020,2026-01-31 00:00:00.000000,Relationship,chat,3,0.0,completed,3.0,True
C003795,U0868,A002,2026-04-28 00:00:00.000000,Career,chat,3,0.0,completed,2.0,True
C003796,U0868,A007,2026-05-26 05:13:19.323605,Finance,audio,11,280.0,completed,2.0,False
C003797,U0868,A007,2026-06-09 22:36:37.975037,Finance,audio,5,130.0,completed,4.0,False
C003798,U0868,A007,2026-06-23 00:33:01.187742,Family,audio,8,212.0,completed,3.0,False
C003799,U0868,A007,2026-07-23 19:49:59.691477,Marriage,chat,14,378.0,completed,4.0,False
C003800,U0868,A008,2026-08-10 05:38:13.609750,Relationship,chat,8,132.0,completed,4.0,False
C003801,U0869,A016,2025-09-22 00:00:00.000000,Relationship,video,10,0.0,completed,4.0,True
C003802,U0870,A015,2026-01-14 00:00:00.000000,Marriage,audio,15,0.0,completed,3.0,True
C003803,U0871,A004,2026-01-25 00:00:00.000000,Career,chat,13,0.0,completed,5.0,True
C003804,U0871,A004,2026-02-09 00:29:59.233811,Career,chat,10,184.0,completed,5.0,False
C003805,U0871,A004,2026-03-17 13:14:37.921969,General Vedic,video,8,150.0,completed,5.0,False
C003806,U0871,A004,2026-03-29 14:28:44.211226,General Vedic,audio,6,114.0,completed,3.0,False
C003807,U0871,A004,2026-04-14 04:58:26.431519,Career,chat,7,136.0,completed,4.0,False
C003808,U0871,A004,2026-05-12 20:20:04.660869,General Vedic,video,14,277.0,completed,4.0,False
C003809,U0871,A023,2026-05-21 19:27:12.656116,General Vedic,chat,11,222.0,completed,5.0,False
C003810,U0871,A007,2026-06-15 00:50:48.364527,General Vedic,audio,6,171.0,completed,4.0,False
C003811,U0871,A004,2026-06-29 23:31:38.992007,Relationship,video,12,251.0,completed,4.0,False
C003812,U0871,A025,2026-06-30 23:31:38.992007,General Vedic,audio,11,324.0,completed,3.0,False
C003813,U0871,A004,2026-07-09 22:51:45.448721,Health,chat,8,173.0,completed,3.0,False
C003814,U0871,A004,2026-07-21 23:04:45.063951,General Vedic,chat,3,66.0,completed,4.0,False
C003815,U0871,A004,2026-08-12 21:05:13.884906,Health,chat,7,156.0,completed,4.0,False
C003816,U0872,A005,2025-11-11 00:00:00.000000,Finance,video,9,0.0,completed,4.0,True
C003817,U0872,A003,2025-11-26 16:07:15.627287,Finance,audio,10,255.0,completed,4.0,False
C003818,U0872,A003,2025-12-19 06:49:15.013081,Finance,chat,3,78.0,completed,4.0,False
C003819,U0872,A017,2026-02-05 07:19:01.314105,Finance,chat,6,140.0,completed,3.0,False
C003820,U0872,A014,2026-03-20 19:33:22.155906,Finance,audio,13,309.0,completed,3.0,False
C003821,U0872,A002,2026-05-19 05:47:17.740174,Finance,chat,9,218.0,completed,3.0,False
C003822,U0873,A022,2026-05-28 00:00:00.000000,Relationship,chat,3,0.0,completed,3.0,True
C003823,U0874,A018,2026-02-06 00:00:00.000000,Career,chat,3,0.0,completed,4.0,True
C003824,U0874,A023,2026-04-15 15:59:55.986224,General Vedic,chat,10,184.0,completed,4.0,False
C003825,U0874,A029,2026-06-09 18:34:11.191616,Career,audio,11,103.0,completed,3.0,False
C003826,U0875,A024,2025-10-05 00:00:00.000000,Finance,audio,24,0.0,completed,5.0,True
C003827,U0875,A026,2025-10-16 18:59:50.762405,Relationship,audio,18,220.0,completed,3.0,False
C003828,U0875,A013,2025-10-27 22:40:44.565931,Relationship,chat,6,56.0,completed,3.0,False
C003829,U0875,A003,2025-11-24 21:10:38.991546,Finance,chat,3,80.0,completed,2.0,False
C003830,U0875,A026,2025-12-05 02:36:45.533988,Health,chat,11,143.0,completed,3.0,False
C003831,U0875,A026,2025-12-22 19:22:29.753844,Relationship,chat,7,92.0,completed,4.0,False
C003832,U0875,A026,2026-01-08 21:14:44.030940,Health,chat,5,67.0,completed,4.0,False
C003833,U0875,A026,2026-01-23 10:36:01.973067,Relationship,audio,19,260.0,completed,3.0,False
C003834,U0875,A023,2026-02-23 11:24:16.624386,Family,chat,8,167.0,completed,5.0,False
C003835,U0875,A026,2026-03-25 22:34:08.145197,Relationship,audio,21,297.0,completed,4.0,False
C003836,U0875,A026,2026-04-08 02:46:35.878414,Relationship,chat,6,86.0,completed,3.0,False
C003837,U0875,A006,2026-05-06 05:44:36.814308,Relationship,chat,9,132.0,completed,4.0,False
C003838,U0875,A029,2026-05-29 13:33:34.041759,Finance,chat,13,145.0,completed,3.0,False
C003839,U0875,A030,2026-06-23 23:39:49.171870,Family,chat,9,204.0,completed,3.0,False
C003840,U0876,A020,2026-01-07 00:00:00.000000,Career,audio,5,0.0,completed,4.0,True
C003841,U0877,A030,2026-01-05 00:00:00.000000,Relationship,chat,8,0.0,completed,5.0,True
C003842,U0877,A003,2026-02-25 13:56:29.942763,Relationship,audio,3,76.0,completed,4.0,False
C003843,U0877,A019,2026-04-06 10:20:08.295389,Health,audio,14,320.0,completed,4.0,False
C003844,U0877,A009,2026-04-30 18:50:35.359949,Relationship,chat,7,186.0,completed,3.0,False
C003845,U0877,A003,2026-05-01 18:50:35.359949,Family,chat,7,189.0,completed,3.0,False
C003846,U0877,A003,2026-05-29 21:41:16.319530,Relationship,chat,7,193.0,completed,3.0,False
C003847,U0877,A003,2026-06-15 06:21:40.913905,Finance,chat,3,84.0,completed,3.0,False
C003848,U0878,A006,2026-01-18 00:00:00.000000,Health,chat,13,0.0,completed,4.0,True
C003849,U0878,A027,2026-01-31 14:50:56.239880,Finance,audio,7,129.0,completed,3.0,False
C003850,U0878,A027,2026-02-19 10:59:52.185644,General Vedic,chat,7,131.0,completed,3.0,False
C003851,U0878,A027,2026-03-07 11:43:35.563315,General Vedic,audio,11,210.0,completed,4.0,False
C003852,U0878,A027,2026-03-20 21:25:19.056172,General Vedic,audio,5,97.0,completed,5.0,False
C003853,U0878,A001,2026-04-16 04:43:41.932090,General Vedic,chat,3,82.0,completed,2.0,False
C003854,U0878,A028,2026-05-02 06:02:42.655273,Finance,audio,11,185.0,completed,4.0,False
C003855,U0878,A027,2026-05-25 10:54:32.634241,General Vedic,chat,19,390.0,completed,4.0,False
C003856,U0878,A027,2026-06-02 11:56:49.548763,Finance,audio,14,292.0,completed,3.0,False
C003857,U0878,A027,2026-07-08 22:01:32.879331,General Vedic,audio,15,319.0,completed,3.0,False
C003858,U0879,A008,2025-10-08 00:00:00.000000,Health,chat,5,0.0,completed,4.0,True
C003859,U0879,A004,2026-01-05 15:08:16.187847,Health,video,9,165.0,completed,4.0,False
C003860,U0879,A015,2026-04-18 10:33:24.076936,Health,video,9,206.0,completed,3.0,False
C003861,U0879,A003,2026-07-04 23:54:43.975256,Marriage,audio,10,265.0,completed,3.0,False
C003862,U0880,A028,2026-04-25 00:00:00.000000,Career,audio,7,0.0,completed,4.0,True
C003863,U0881,A027,2026-01-30 00:00:00.000000,Career,audio,9,0.0,completed,3.0,True
C003864,U0881,A023,2026-08-05 10:05:13.955445,Career,chat,9,165.0,completed,4.0,False
C003865,U0882,A020,2025-11-11 00:00:00.000000,Health,chat,11,0.0,completed,3.0,True
C003866,U0883,A018,2026-04-22 00:00:00.000000,Relationship,chat,4,0.0,completed,4.0,True
C003867,U0883,A022,2026-05-20 15:36:58.438913,General Vedic,audio,16,408.0,completed,4.0,False
C003868,U0883,A020,2026-06-09 11:35:20.408177,General Vedic,audio,12,225.0,completed,3.0,False
C003869,U0884,A029,2026-02-11 00:00:00.000000,Finance,audio,16,0.0,completed,3.0,True
C003870,U0884,A023,2026-05-10 23:13:26.561847,Finance,audio,20,367.0,completed,5.0,False
C003871,U0884,A023,2026-08-14 20:50:32.069202,Relationship,chat,3,56.0,completed,4.0,False
C003872,U0885,A003,2025-10-31 00:00:00.000000,Health,chat,9,0.0,completed,3.0,True
C003873,U0886,A022,2026-04-21 00:00:00.000000,Finance,chat,3,0.0,completed,2.0,True
C003874,U0887,A025,2026-02-24 00:00:00.000000,Relationship,audio,11,0.0,completed,3.0,True
C003875,U0887,A023,2026-07-25 05:09:28.715865,Finance,audio,4,73.0,completed,4.0,False
C003876,U0887,A007,2026-08-02 20:17:21.757875,Finance,video,16,416.0,completed,3.0,False
C003877,U0888,A001,2025-10-31 00:00:00.000000,Career,audio,9,0.0,completed,3.0,True
C003878,U0888,A008,2026-02-21 04:47:11.734725,General Vedic,chat,3,46.0,completed,5.0,False
C003879,U0888,A006,2026-05-13 18:06:00.799331,Career,chat,12,150.0,completed,3.0,False
C003880,U0888,A008,2026-06-29 23:53:23.964082,Family,video,18,286.0,completed,4.0,False
C003881,U0889,A018,2026-05-30 00:00:00.000000,Marriage,audio,12,0.0,completed,4.0,True
C003882,U0889,A030,2026-07-18 00:40:58.740836,Health,chat,3,55.0,completed,3.0,False
C003883,U0890,A005,2025-10-17 00:00:00.000000,Finance,chat,3,0.0,completed,5.0,True
C003884,U0890,A019,2025-11-10 07:47:02.599654,Family,audio,14,314.0,completed,4.0,False
C003885,U0891,A017,2025-08-25 00:00:00.000000,Marriage,video,7,0.0,completed,4.0,True
C003886,U0892,A008,2025-12-02 00:00:00.000000,Relationship,chat,11,0.0,completed,5.0,True
C003887,U0892,A008,2025-12-23 05:05:38.655937,Health,chat,9,138.0,completed,4.0,False
C003888,U0892,A008,2025-12-28 00:32:33.158878,Finance,chat,9,140.0,completed,3.0,False
C003889,U0892,A008,2026-01-14 17:39:58.288519,Relationship,chat,12,191.0,completed,4.0,False
C003890,U0892,A008,2026-02-06 07:49:53.602360,Relationship,audio,15,243.0,completed,5.0,False
C003891,U0892,A008,2026-03-03 14:09:37.184979,Family,chat,13,215.0,completed,3.0,False
C003892,U0892,A008,2026-03-04 14:09:37.184979,Relationship,chat,10,168.0,completed,3.0,False
C003893,U0892,A027,2026-03-21 18:41:00.537009,Relationship,chat,3,62.0,completed,4.0,False
C003894,U0892,A008,2026-03-31 18:26:25.941158,Relationship,audio,13,226.0,completed,4.0,False
C003895,U0892,A008,2026-04-25 02:31:17.715236,Health,video,7,124.0,failed,,False
C003896,U0892,A008,2026-05-10 18:22:58.266137,Career,audio,8,144.0,completed,4.0,False
C003897,U0892,A008,2026-06-09 06:40:39.903552,Health,chat,6,110.0,completed,5.0,False
C003898,U0892,A015,2026-06-27 18:00:37.228005,Relationship,chat,6,164.0,completed,5.0,False
C003899,U0892,A008,2026-07-30 23:40:28.144509,Health,chat,15,284.0,completed,5.0,False
C003900,U0893,A003,2025-11-24 00:00:00.000000,Health,audio,12,0.0,completed,3.0,True
C003901,U0893,A030,2025-12-23 06:18:29.453789,Health,chat,16,294.0,failed,,False
C003902,U0893,A013,2026-01-02 21:46:20.461994,Health,chat,17,159.0,completed,3.0,False
C003903,U0893,A030,2026-01-25 02:15:44.433795,Career,audio,10,191.0,completed,3.0,False
C003904,U0893,A030,2026-02-10 04:09:38.355183,Health,audio,12,233.0,dropped,,False
C003905,U0893,A030,2026-02-26 08:54:22.031283,Health,video,9,178.0,completed,2.0,False
C003906,U0893,A030,2026-03-02 06:33:58.342778,Career,chat,4,81.0,dropped,,False
C003907,U0893,A030,2026-03-27 06:43:49.710469,Health,chat,3,62.0,completed,4.0,False
C003908,U0893,A013,2026-04-15 10:20:29.985226,Career,audio,7,73.0,completed,3.0,False
C003909,U0893,A030,2026-04-19 09:35:42.172048,Career,chat,14,297.0,completed,3.0,False
C003910,U0893,A016,2026-05-08 08:36:55.291150,Health,chat,20,600.0,completed,4.0,False
C003911,U0894,A022,2026-04-30 00:00:00.000000,Relationship,chat,14,0.0,completed,3.0,True
C003912,U0894,A014,2026-05-14 23:16:32.155698,Marriage,video,14,314.0,completed,4.0,False
C003913,U0894,A022,2026-06-08 18:00:32.257348,Marriage,video,12,312.0,completed,3.0,False
C003914,U0894,A022,2026-06-20 07:13:05.526492,Marriage,audio,21,556.0,completed,3.0,False
C003915,U0894,A027,2026-07-03 04:48:26.285945,Marriage,video,11,214.0,completed,3.0,False
C003916,U0894,A022,2026-07-13 01:42:04.011133,Marriage,audio,5,138.0,completed,4.0,False
C003917,U0894,A022,2026-07-14 12:13:38.481004,Marriage,chat,11,308.0,completed,4.0,False
C003918,U0894,A022,2026-07-19 14:29:28.028646,Marriage,audio,5,143.0,completed,4.0,False
C003919,U0895,A017,2026-05-02 00:00:00.000000,Finance,chat,9,0.0,completed,4.0,True
C003920,U0895,A007,2026-06-11 02:56:32.201818,Health,video,9,230.0,completed,5.0,False
C003921,U0896,A013,2025-12-25 00:00:00.000000,Health,video,15,0.0,completed,4.0,True
C003922,U0896,A019,2026-03-21 05:36:55.698892,Marriage,chat,11,247.0,completed,4.0,False
C003923,U0896,A019,2026-05-09 01:12:45.220861,General Vedic,audio,6,137.0,completed,4.0,False
C003924,U0896,A019,2026-07-28 09:34:26.523354,Marriage,chat,10,233.0,completed,2.0,False
C003925,U0897,A006,2026-05-30 00:00:00.000000,Career,video,11,0.0,completed,4.0,True
C003926,U0898,A023,2026-02-07 00:00:00.000000,Relationship,audio,16,0.0,completed,4.0,True
C003927,U0898,A021,2026-03-26 03:20:16.669753,Relationship,video,16,359.0,completed,4.0,False
C003928,U0898,A018,2026-06-05 03:13:30.419559,Relationship,audio,11,103.0,completed,3.0,False
C003929,U0898,A016,2026-07-06 00:31:05.583044,Marriage,chat,10,265.0,completed,3.0,False
C003930,U0899,A016,2026-02-26 00:00:00.000000,Career,audio,14,0.0,completed,4.0,True
C003931,U0899,A002,2026-03-23 01:47:12.609226,Career,audio,7,157.0,completed,2.0,False
C003932,U0899,A022,2026-04-14 13:33:33.000568,Career,chat,5,130.0,completed,3.0,False
C003933,U0899,A024,2026-05-29 23:01:03.097250,Career,audio,10,191.0,completed,5.0,False
C003934,U0899,A024,2026-07-11 14:56:44.616296,Career,chat,7,136.0,completed,5.0,False
C003935,U0899,A021,2026-07-27 15:02:41.768196,Career,chat,9,218.0,completed,5.0,False
C003936,U0900,A023,2026-01-22 00:00:00.000000,Career,video,3,0.0,completed,4.0,True
C003937,U0900,A014,2026-02-09 22:00:26.542246,Health,video,7,157.0,completed,3.0,False
C003938,U0900,A028,2026-02-17 06:09:21.736530,Career,video,11,172.0,completed,4.0,False
C003939,U0900,A003,2026-02-25 02:49:30.904353,Family,chat,10,265.0,completed,5.0,False
C003940,U0900,A014,2026-03-22 04:38:02.701354,Career,audio,14,333.0,completed,3.0,False
C003941,U0900,A028,2026-03-24 16:38:45.959073,Health,chat,7,116.0,completed,4.0,False
C003942,U0900,A028,2026-04-17 07:08:43.754338,Career,chat,7,118.0,completed,5.0,False
C003943,U0900,A023,2026-05-09 11:25:28.028224,Career,video,12,246.0,completed,4.0,False
C003944,U0900,A028,2026-05-31 12:17:29.821439,Health,video,9,157.0,completed,4.0,False
C003945,U0900,A028,2026-06-01 12:17:29.821439,Career,audio,14,248.0,completed,4.0,False
C003946,U0900,A028,2026-06-27 04:21:28.547346,Career,audio,13,234.0,completed,4.0,False
C003947,U0900,A028,2026-07-21 09:23:35.403304,Marriage,chat,5,92.0,completed,4.0,False
